Date,Open,High,Low,Close,Adj Close,Volume
1980-12-08,0.0982070341706276,0.09863399757979115,0.0982070341706276,0.0982070341706276,469033600,0.0982070341706276
1980-12-15,0.09351046000335438,0.09692613816679087,0.0862513650203542,0.09649917483329773,490134400,0.09649917483329773
1980-12-22,0.10119573343141516,0.12169136136707209,0.10119573343141516,0.12126439809799194,187891200,0.12126439809799194
1980-12-29,0.12297221846008749,0.12339918165517026,0.11656781614104483,0.11784869432449341,219452800,0.11784869432449341
1981-01-05,0.11571388586882135,0.11571388586882135,0.10333128092065695,0.10888175666332245,197904000,0.10888175666332245
1981-01-12,0.10888175004265228,0.10888175004265228,0.10418518954528413,0.10589303076267242,88502400,0.10589303076267242
1981-01-19,0.11229746820635503,0.11315139478763656,0.1088817846848335,0.11187050491571426,134332800,0.11187050491571426
1981-01-26,0.11058963754497433,0.11058963754497433,0.09649917483329773,0.09649917483329773,166588800,0.09649917483329773
1981-02-02,0.09137567093213539,0.09863399757979115,0.09094871322387456,0.0982070341706276,92579200,0.0982070341706276
1981-02-09,0.09393742903041576,0.09393742903041576,0.08710529655218124,0.08710529655218124,74659200,0.08710529655218124
1981-02-16,0.08924011828300593,0.0939374520906572,0.08283571153879166,0.08283571153879166,78198400,0.08283571153879166
1981-02-23,0.08411655669838913,0.09137565141763634,0.08112783627613665,0.09052173048257828,76182400,0.09052173048257828
1981-03-02,0.09094871363071767,0.09137567134088842,0.08753225952386856,0.08753225952386856,58620800,0.08753225952386856
1981-03-09,0.08112783338084953,0.08112783338084953,0.07386873892066462,0.0760035440325737,364112000,0.0760035440325737
1981-03-16,0.07899304023552825,0.08881312856671063,0.07899304023552825,0.08795920759439468,170329600,0.08795920759439468
1981-03-23,0.0913756580714058,0.09222957906864447,0.08454352617263794,0.08454352617263794,81760000,0.08454352617263794
1981-03-30,0.08454352001636893,0.09094869380055806,0.08283567814625278,0.09052173048257828,107856000,0.09052173048257828
1981-04-06,0.08924008450514802,0.0956452584469837,0.0879592059214862,0.09521830081939697,101404800,0.09521830081939697
1981-04-13,0.0952183192317918,0.09564527694193946,0.08539745956659317,0.08539745956659317,80640000,0.08539745956659317
1981-04-20,0.08795919530219198,0.10034180874070149,0.08795919530219198,0.09906093031167984,175952000,0.09906093031167984
1981-04-27,0.09863397214891904,0.09863397214891904,0.09521829426079113,0.09692613035440445,113523200,0.09692613035440445
1981-05-04,0.09692613489595558,0.09692613489595558,0.09351045684778336,0.09564525634050369,68208000,0.09564525634050369
1981-05-11,0.09393741935491562,0.09521830367793233,0.09180261975109019,0.09393741935491562,30934400,0.09393741935491562
1981-05-18,0.09564525581939154,0.1080278761135742,0.09393741395415964,0.10717394948005676,106512000,0.10717394948005676
1981-05-25,0.10717392790378334,0.11357910608106431,0.10674697607478163,0.11315137892961502,368211200,0.11315137892961502
1981-06-01,0.11315140098639512,0.11357912822122196,0.10760091210940036,0.1080278754234314,244876800,0.1080278754234314
1981-06-08,0.10461219690319123,0.1127244432631057,0.10418523356798429,0.11101660132408142,303094400,0.11101660132408142
1981-06-15,0.11101655510974424,0.11101655510974424,0.10333127528429031,0.10333127528429031,259145600,0.10333127528429031
1981-06-22,0.0999148376746417,0.10205040641179139,0.09863395934547423,0.09948788583278656,96947200,0.09948788583278656
1981-06-29,0.09692613887409732,0.09692613887409732,0.08795920759439468,0.08795920759439468,247251200,0.08795920759439468
1981-07-06,0.08582439550560741,0.08966780634745884,0.0760035440325737,0.0760035440325737,137043200,0.0760035440325737
1981-07-13,0.0777121540673741,0.08881312644189535,0.0777121540673741,0.0883861631155014,111529600,0.0883861631155014
1981-07-20,0.08283568424156754,0.08283568424156754,0.07728443098395749,0.08198176324367523,141568000,0.08198176324367523
1981-07-27,0.08539745956659317,0.08582441727674084,0.0811278539606028,0.08539745956659317,76540800,0.08539745956659317
1981-08-03,0.08539743483376018,0.08881311832930111,0.08454351395987494,0.08625135570764542,81334400,0.08625135570764542
1981-08-10,0.0862513651939068,0.0862513651939068,0.07813911885023117,0.07813911885023117,149408000,0.07813911885023117
1981-08-17,0.07643055024958527,0.07643055024958527,0.06874526292085648,0.06874526292085648,115606400,0.06874526292085648
1981-08-24,0.06490184963432565,0.06917222079427254,0.06447488606000464,0.06874526292085648,161324800,0.06874526292085648
1981-08-31,0.0687452305654942,0.07472267218542945,0.0687452305654942,0.06959915161132812,150080000,0.06959915161132812
1981-09-07,0.0678912946398838,0.06831825221877308,0.06703737378120422,0.06703737378120422,108326400,0.06703737378120422
1981-09-14,0.06532876080347237,0.06532876080347237,0.06020523577991583,0.06063219904899597,112246400,0.06063219904899597
1981-09-21,0.061059174720805,0.061486138116476886,0.04867655783891678,0.04867655783891678,177564800,0.04867655783891678
1981-09-28,0.04910348846890482,0.05678954366833271,0.04910348846890482,0.0563625805079937,342585600,0.0563625805079937
1981-10-05,0.05807045545123379,0.06447486096619562,0.05764349774399094,0.06362093985080719,195910400,0.06362093985080719
1981-10-12,0.06575648697681662,0.06661040780087629,0.061913076497394116,0.062340039759874344,168425600,0.062340039759874344
1981-10-19,0.0636209149415132,0.06746432522737847,0.0636209149415132,0.06490179896354675,193401600,0.06490179896354675
1981-10-26,0.06490178650488368,0.06874519605296119,0.06490178650488368,0.06831823289394379,240262400,0.06831823289394379
1981-11-02,0.06831825617853571,0.06874521948307301,0.0610591616878333,0.061486124992370605,137065600,0.061486124992370605
1981-11-09,0.06234005130561424,0.06703738347906965,0.06191308796405792,0.06191308796405792,125507200,0.06191308796405792
1981-11-16,0.06148611583932458,0.06532875650362428,0.061059152598346565,0.06490179896354675,165222400,0.06490179896354675
1981-11-23,0.06276700167584115,0.06490180673454034,0.06148612320134257,0.06447484344244003,134915200,0.06447484344244003
1981-11-30,0.06404787818249122,0.06532875650362428,0.06319395740143567,0.06490179896354675,242502400,0.06490179896354675
1981-12-07,0.0653287512380652,0.06575647836523309,0.06404787302017212,0.06404787302017212,257689600,0.06404787302017212
1981-12-14,0.06276700788721493,0.0785660764836817,0.061913086919412136,0.07813911885023117,245190400,0.07813911885023117
1981-12-21,0.07514964087281327,0.07643051968168711,0.07429571976659648,0.07472267746925354,168044800,0.07472267746925354
1981-12-28,0.07216087608603607,0.076003521887483,0.07130696113115857,0.07557655870914459,147660800,0.07557655870914459
1982-01-04,0.07557658232738056,0.07557658232738056,0.0649018097241185,0.06789129972457886,299824000,0.06789129972457886
1982-01-11,0.06404786588774827,0.06917215351107919,0.06105914087732463,0.06831823289394379,207424000,0.06831823289394379
1982-01-18,0.06959915430788324,0.07130699646571988,0.06789131215004661,0.07088003307580948,166924800,0.07088003307580948
1982-01-25,0.06917218823796004,0.07002610928379396,0.0661834674279924,0.06959915161132812,190041600,0.06959915161132812
1982-02-01,0.06959914960703054,0.07002610726720096,0.06746434420347214,0.06746434420347214,186614400,0.06746434420347214
1982-02-08,0.06362090981360774,0.06447483052583647,0.06319395230794339,0.06404787302017212,172569600,0.06404787302017212
1982-02-15,0.06319395230794339,0.06490179373240085,0.06276698910137901,0.06404787302017212,101875200,0.06404787302017212
1982-02-22,0.06362091814551347,0.06362091814551347,0.062340039759874344,0.062340039759874344,147347200,0.062340039759874344
1982-03-01,0.062766990332174,0.06319395354711069,0.05678955093026161,0.05678955093026161,177452800,0.05678955093026161
1982-03-08,0.05636262048484426,0.05678958394801971,0.05209225043654442,0.05209225043654442,243712000,0.05209225043654442
1982-03-15,0.05209222014984034,0.05721650844429815,0.04824957401901079,0.05678955093026161,271152000,0.05678955093026161
1982-03-22,0.061059151601581776,0.06148611483558979,0.05550866946578026,0.05550866946578026,311651200,0.05550866946578026
1982-03-29,0.056789558131778994,0.06105915661717526,0.056789558131778994,0.06063219904899597,339651200,0.06063219904899597
1982-04-05,0.0606322165409729,0.061059174232326534,0.05935133776600949,0.05977829545736313,211321600,0.05977829545736313
1982-04-12,0.0597783030815149,0.060205260827322915,0.054654775926399266,0.057643502950668335,511526400,0.057643502950668335
1982-04-19,0.05721652303475049,0.05721652303475049,0.05251919105648995,0.052519191056489944,295747200,0.052519191056489944
1982-04-26,0.05380084673282435,0.05422781011603924,0.04995743516658026,0.05038439854979515,587059200,0.05038439854979515
1982-05-03,0.05209222247666504,0.055935632699788275,0.05209222247666504,0.05550866946578026,370809600,0.05550866946578026
1982-05-10,0.05508170699087356,0.05508170699087356,0.04995741322636604,0.04995741322636604,355824000,0.04995741322636604
1982-05-17,0.049530478929357996,0.049530478929357996,0.04782263674847556,0.04867655783891678,339987200,0.04867655783891678
1982-05-24,0.04910350672570374,0.04953047004478872,0.047822628170251846,0.047822628170251846,177273600,0.047822628170251846
1982-05-31,0.047395676746139585,0.04824959499591057,0.04483391344547272,0.04483391344547272,157942400,0.04483391344547272
1982-06-07,0.044833899919788096,0.046114781183699736,0.043553018655876456,0.04568782076239586,191452800,0.04568782076239586
1982-06-14,0.04568784112432729,0.046114801735916866,0.04397999867796898,0.04397999867796898,155971200,0.04397999867796898
1982-06-21,0.04397998383870203,0.047822628046463346,0.04397998383870203,0.04526086524128914,169680000,0.04526086524128914
1982-06-28,0.04526087075890849,0.04526087075890849,0.04099050164222717,0.04099050164222717,242435200,0.04099050164222717
1982-07-05,0.039709630396460936,0.039709630396460936,0.03757482724413955,0.03885570913553238,410816000,0.03885570913553238
1982-07-12,0.039709615242608826,0.04568782570881817,0.039709615242608826,0.04526086524128914,391686400,0.04526086524128914
1982-07-19,0.045687827368846065,0.04953047171622656,0.045687827368846065,0.048249587416648865,258697600,0.048249587416648865
1982-07-26,0.04654175545834448,0.04654175545834448,0.04397999216800204,0.04611479490995407,243174400,0.04611479490995407
1982-08-02,0.04739567864379102,0.04782263921099702,0.04184519127011299,0.04184519127011299,434716800,0.04184519127011299
1982-08-09,0.04227215014480584,0.04568783454569501,0.04227215014480584,0.04483391344547272,294828800,0.04483391344547272
1982-08-16,0.04568783268939443,0.05081135623210766,0.04568783268939443,0.05038439854979515,313689600,0.05038439854979515
1982-08-23,0.052519206173616294,0.06105918201984219,0.052519206173616294,0.057643502950668335,891766400,0.057643502950668335
1982-08-30,0.0584974351911168,0.06319399978652268,0.0584974351911168,0.06276703625917435,483526400,0.06276703625917435
1982-09-06,0.059778288358981815,0.06234005130561424,0.05935133071832732,0.06191308796405792,273369600,0.06191308796405792
1982-09-13,0.062340040723514824,0.0649018032352931,0.06063219904899597,0.06063219904899597,366553600,0.06063219904899597
1982-09-20,0.061059166981847116,0.06447485091069034,0.061059166981847116,0.06191308796405792,497190400,0.06191308796405792
1982-09-27,0.06191312896011191,0.06404793567966162,0.06191312896011191,0.06319401413202286,310172800,0.06319401413202286
1982-10-04,0.06319397152718473,0.0807008821439237,0.06148612958331972,0.08027391880750656,910313600,0.08027391880750656
1982-10-11,0.08027396193625838,0.08454356908985064,0.07728447015704511,0.07856611907482147,1094800000,0.07856611907482147
1982-10-18,0.07856607501926034,0.091375653218372,0.07856607501926034,0.0883861631155014,848489600,0.0883861631155014
1982-10-25,0.08838618332535192,0.08881314674937274,0.07942001413084705,0.08667834103107452,879648000,0.08667834103107452
1982-11-01,0.08667831217770317,0.10888178245423026,0.08582439131481662,0.10290434211492538,1120918400,0.10290434211492538
1982-11-08,0.1029043968992974,0.11614093839121341,0.09820705718055588,0.11058968305587769,756022400,0.11058968305587769
1982-11-15,0.1105896070771025,0.11187048532289147,0.10205039976884217,0.1054660826921463,700739200,0.1054660826921463
1982-11-22,0.10546609777931942,0.10546609777931942,0.09607221017669537,0.09906093031167984,365478400,0.09906093031167984
1982-11-29,0.09906099665523954,0.11528703727122049,0.09564531095574605,0.10845489054918289,628297600,0.10845489054918289
1982-12-06,0.10845479727835541,0.11912957268068851,0.09863394826742614,0.09991482645273209,788323200,0.09991482645273209
1982-12-13,0.09906093146074707,0.10375825727691092,0.09436436956532152,0.10290434211492538,718121600,0.10290434211492538
1982-12-20,0.10290436664143195,0.10930877178907394,0.10076879720402931,0.10930877178907394,337926400,0.10930877178907394
1982-12-27,0.10930877034217204,0.11528698734974913,0.10119575924817538,0.10205043852329254,462470400,0.10205043852329254
1983-01-03,0.10205042975155938,0.10418523505628663,0.09393741935491562,0.09393741935491562,747936000,0.09393741935491562
1983-01-10,0.09393741388512464,0.1127244383096695,0.09308349295313624,0.1127244383096695,720630400,0.1127244383096695
1983-01-17,0.11272444547979157,0.13322007699278957,0.11101660350718319,0.1276695877313614,1734745600,0.1276695877313614
1983-01-24,0.12766956554197628,0.1434678678141072,0.11827567810537147,0.1400521844625473,1187715200,0.1400521844625473
1983-01-31,0.14005218231906497,0.15499655782368313,0.13706269836193824,0.15029999613761902,1132902400,0.15029999613761902
1983-02-07,0.1503000163712714,0.16140175821008307,0.13919828593426287,0.15883922576904297,932108800,0.15883922576904297
1983-02-14,0.158839266698108,0.15926623012846558,0.1456027276504675,0.1549966186285019,608988800,0.1549966186285019
1983-02-21,0.1558505303197946,0.16609834716109187,0.1558505303197946,0.1596931666135788,535001600,0.1596931666135788
1983-02-28,0.15969308309718622,0.1614016996797419,0.14773743035506937,0.15243476629257202,661852800,0.15243476629257202
1983-03-07,0.15243482026372604,0.1528617835804033,0.14133307852013444,0.1447487622499466,773024000,0.1447487622499466
1983-03-14,0.14432180844135037,0.14859141908580378,0.13706272466781472,0.14688357710838318,488185600,0.14688357710838318
1983-03-21,0.14688357673634583,0.1541426718932989,0.14432180807580167,0.1473105400800705,506307200,0.1473105400800705
1983-03-28,0.14688362844529418,0.1520079200893846,0.1426140277103876,0.14432185888290405,351254400,0.14432185888290405
1983-04-04,0.14432181860845888,0.14432181860845888,0.13193920803033765,0.13450096547603607,759248000,0.13450096547603607
1983-04-11,0.13450091463121386,0.15755830777704102,0.13236610996560683,0.15627741813659668,845667200,0.15627741813659668
1983-04-18,0.1571314579777839,0.18018885636416232,0.1571314579777839,0.17421141266822815,1035014400,0.17421141266822815
1983-04-25,0.17421131708380944,0.1754921955441867,0.1652443811368158,0.17250271141529083,698902400,0.17250271141529083
1983-05-02,0.17250274650965608,0.19043662205215325,0.1626826573126044,0.18830181658267975,572835200,0.18830181658267975
1983-05-09,0.18830178005282866,0.18915569523387896,0.17890788072970631,0.1814696490764618,323724800,0.1814696490764618
1983-05-16,0.18146966921065752,0.19470620541981323,0.17463830139710063,0.1942792534828186,596937600,0.1942792534828186
1983-05-23,0.1942793543584339,0.20836980175775793,0.19043670511763958,0.2028193324804306,545372800,0.2028193324804306
1983-05-30,0.2023921982407729,0.21050521781935486,0.193425275016829,0.20965129137039185,287593600,0.20965129137039185
1983-06-06,0.20965126811816767,0.21605568156968114,0.19940346775915366,0.20239217579364777,378537600,0.20239217579364777
1983-06-13,0.20239220756275028,0.20281918220869835,0.18189658082396595,0.19171743094921112,722086400,0.19171743094921112
1983-06-20,0.19171747956492716,0.19299835822037226,0.17890790628600373,0.1818966269493103,587641600,0.1818966269493103
1983-06-27,0.18189661022848025,0.18189661022848025,0.1562774546238681,0.16823311150074005,1049417600,0.16823311150074005
1983-07-04,0.16823313093676667,0.16866009429926168,0.15713139940364373,0.15798531472682953,337590400,0.15798531472682953
1983-07-11,0.15798533542545293,0.1648174798359637,0.15072701432110208,0.15158092975616455,459984000,0.15158092975616455
1983-07-18,0.15158093912049211,0.15841230863024114,0.13919832651439704,0.14944614470005035,991468800,0.14944614470005035
1983-07-25,0.14944618291214765,0.14944618291214765,0.11571398701828671,0.11912967264652252,1136531200,0.11912967264652252
1983-08-01,0.11912955424901917,0.12425307759933356,0.10845478049828211,0.11571387201547623,881462400,0.11571387201547623
1983-08-08,0.11571397397487718,0.1191296592180931,0.11315145182223027,0.11443309485912323,553974400,0.11443309485912323
1983-08-15,0.11443307900791416,0.11870269067141376,0.11187054580841993,0.11528700590133667,478419200,0.11528700590133667
1983-08-22,0.11528694356861606,0.11656782181440503,0.10247736298470526,0.1054660826921463,575209600,0.1054660826921463
1983-08-29,0.10546608567722039,0.1315121993963046,0.10247736588518772,0.1298043578863144,919945600,0.1298043578863144
1983-09-05,0.1323660968951349,0.13578177946210496,0.10418519357745064,0.10461215674877167,1086288000,0.10461215674877167
1983-09-12,0.10461220132721144,0.1118705213236643,0.09948791137260016,0.10034182667732239,1036604800,0.10034182667732239
1983-09-19,0.10034185883487147,0.1144330906358106,0.07600357738337025,0.08283571153879166,3511222400,0.08283571153879166
1983-09-26,0.08326264990155137,0.08838617033018395,0.075576591085467,0.0789930447936058,1960022400,0.0789930447936058
1983-10-03,0.07899304703640331,0.081127846800537,0.0687452305654942,0.06959915161132812,992454400,0.06959915161132812
1983-10-10,0.06874520483173342,0.08198173715770812,0.06276699012694885,0.07771213352680206,1942281600,0.07771213352680206
1983-10-17,0.07771215140520722,0.07771215140520722,0.06447484641235096,0.06789129972457886,1178172800,0.06789129972457886
1983-10-24,0.06789127628340932,0.07472263560487884,0.0610591416396129,0.07130695879459381,735795200,0.07130695879459381
1983-10-31,0.07216092944145203,0.08240875450941886,0.0717339716483229,0.07216092944145203,1136777600,0.07216092944145203
1983-11-07,0.07216087282060345,0.07386871405487427,0.058924342184935787,0.06831823289394379,2065212800,0.06831823289394379
1983-11-14,0.06831826471644613,0.07130699111901218,0.06490181673601182,0.07045307010412216,499475200,0.07045307010412216
1983-11-21,0.07045305550066908,0.07429569642072353,0.0683182505554937,0.07002609223127365,361849600,0.07002609223127365
1983-11-28,0.07002609918071234,0.07344178287124707,0.0674643364128113,0.06789129972457886,394060800,0.06789129972457886
1983-12-05,0.0678912961793229,0.07557657838080227,0.06746433288985118,0.07386873662471771,406694400,0.07386873662471771
1983-12-12,0.07386874693584508,0.0853974471698766,0.07173394729319937,0.08454352617263794,966044800,0.08454352617263794
1983-12-19,0.08454351906353781,0.08539743998897194,0.07856607258549896,0.08411655575037003,702240000,0.08411655575037003
1983-12-26,0.08411656750257318,0.08625137296486993,0.08283568878591693,0.08326265215873718,419596800,0.08326265215873718
1984-01-02,0.08326267000464029,0.09906097378883899,0.08326267000464029,0.09479136765003204,917011200,0.09479136765003204
1984-01-09,0.09479136563304641,0.09735312926182096,0.08667834737042683,0.09308352321386337,795961600,0.09308352321386337
1984-01-16,0.09308354528558076,0.10076883799422018,0.09265658742999759,0.09778011590242386,798224000,0.09778011590242386
1984-01-23,0.09778004418639778,0.09948788575793653,0.0875322251355955,0.08924006670713425,1225056000,0.08924006670713425
1984-01-30,0.08924009942226467,0.09094871124174476,0.07899305193739842,0.0836896151304245,1066083200,0.0836896151304245
1984-02-06,0.08368960983065518,0.08539745192013168,0.07643051417902798,0.08326265215873718,910268800,0.08326265215873718
1984-02-13,0.08326265961404937,0.09137567133594908,0.08155481737165321,0.08539745956659317,755507200,0.08539745956659317
1984-02-20,0.08539745673102475,0.09436439497728379,0.08497049333415138,0.09265655279159546,576531200,0.09265655279159546
1984-02-27,0.09265656545951928,0.09564528684263793,0.08582442616083531,0.09308352321386337,749145600,0.09308352321386337
1984-03-05,0.09308349545325387,0.09351045878116657,0.08582440056513053,0.09009477496147156,465001600,0.09009477496147156
1984-03-12,0.09052171530670457,0.09479131926620014,0.09009475776120528,0.0909486785531044,517507200,0.0909486785531044
1984-03-19,0.09052174475176014,0.09137566582142405,0.08539745441285343,0.08710529655218124,343100800,0.08710529655218124
1984-03-26,0.08710528916435395,0.08924008880699967,0.08368960517539926,0.08454352617263794,316668800,0.08454352617263794
1984-04-02,0.0845435236671691,0.08625136561103411,0.07856607686364155,0.08027391880750656,374841600,0.08027391880750656
1984-04-09,0.08027391884355127,0.0900947767964716,0.08027391884355127,0.08795920759439468,363753600,0.08795920759439468
1984-04-16,0.08795920695252331,0.09692613816679087,0.08582440168686106,0.09649917483329773,724147200,0.09649917483329773
1984-04-23,0.09649916317118636,0.1050391471225923,0.09351044870243495,0.10290434211492538,1460816000,0.10290434211492538
1984-04-30,0.10290434211492538,0.1144330348341817,0.1020504155511378,0.10290434211492538,1604848000,0.10290434211492538
1984-05-07,0.10290435564330355,0.11742177044075229,0.10205042896725403,0.11016267538070679,1256438400,0.11016267538070679
1984-05-14,0.109735689665623,0.109735689665623,0.0982069875777044,0.10162344574928284,887129600,0.10162344574928284
1984-05-21,0.10162348778693966,0.11016268704040895,0.0986339915853206,0.1007687970995903,1218694400,0.1007687970995903
1984-05-28,0.10076880536501893,0.10375829041004181,0.09564527855160397,0.10375829041004181,884016000,0.10375829041004181
1984-06-04,0.10375832400724608,0.1050392146767097,0.09479138810972285,0.09778011590242386,849699200,0.09778011590242386
1984-06-11,0.0977800518826582,0.10205041436739376,0.09649916205183463,0.09906093031167984,507830400,0.09906093031167984
1984-06-18,0.09906099517007808,0.10461225112022182,0.09692618878944811,0.09778011590242386,621577600,0.09778011590242386
1984-06-25,0.09778006128102262,0.09863397651517918,0.08283567814625278,0.09052173048257828,953724800,0.09052173048257828
1984-07-02,0.09052174004753472,0.09094870341062948,0.0828356868990644,0.0858244076371193,527564800,0.0858244076371193
1984-07-09,0.08582440056513053,0.09308349545325387,0.08454352198319573,0.09009477496147156,788704000,0.09009477496147156
1984-07-16,0.09009479524152483,0.09009479524152483,0.08539746216081794,0.08667834103107452,502947200,0.08667834103107452
1984-07-23,0.08667833551983971,0.09436439497728379,0.08368961454533641,0.09265655279159546,691017600,0.09265655279159546
1984-07-30,0.09265656498037496,0.0939374439376869,0.0819817831441821,0.09351048618555069,1532137600,0.09351048618555069
1984-08-06,0.09351047362129936,0.1054661271075157,0.09308351022562747,0.09735311567783356,1908681600,0.09735311567783356
1984-08-13,0.09735310328175775,0.10333131977547792,0.09265654073280073,0.09393741935491562,893155200,0.09393741935491562
1984-08-20,0.09393744326637844,0.09991488595898847,0.09094872192007343,0.0960722491145134,692720000,0.0960722491145134
1984-08-27,0.09607221941090649,0.09692613464506304,0.08924008230873755,0.09052173048257828,409763200,0.09052173048257828
1984-09-03,0.09052173048257828,0.09180261473561613,0.08881312469165928,0.09052173048257828,437830400,0.09052173048257828
1984-09-10,0.09052173271053314,0.09735310035913389,0.08838616354907292,0.09521830081939697,804339200,0.09521830081939697
1984-09-17,0.0977800821180049,0.09906096094309713,0.09052174977280646,0.09180263429880142,562352000,0.09180263429880142
1984-09-24,0.0918026244359169,0.09308350312339697,0.08411656558654446,0.0858244076371193,696102400,0.0858244076371193
1984-10-01,0.08539745252014541,0.0875322522965393,0.08368961041866939,0.08497048914432526,559507200,0.08497048914432526
1984-10-08,0.08497045684889229,0.08539742006243295,0.07685744888000486,0.07771213352680206,985644800,0.07771213352680206
1984-10-15,0.08198177508623242,0.09351047699445038,0.08155481737606168,0.08753225952386856,1091216000,0.08753225952386856
1984-10-22,0.08753223945210652,0.09052172946237091,0.08368959813810369,0.08411655575037003,741216000,0.08411655575037003
1984-10-29,0.0845435314694074,0.08625137357088342,0.0845435314694074,0.08497048914432526,260198400,0.08497048914432526
1984-11-05,0.08497046801251476,0.09009476266436017,0.07856606457517998,0.07941998541355133,944496000,0.07941998541355133
1984-11-12,0.08240871119830154,0.0841165471741434,0.07899302784481609,0.07941998541355133,616627200,0.07941998541355133
1984-11-19,0.07941999540862453,0.08240872156950844,0.07472266343525207,0.0811278373003006,812044800,0.0811278373003006
1984-11-26,0.08198176318092192,0.09052173707416712,0.08198176318092192,0.08454352617263794,922163200,0.08454352617263794
1984-12-03,0.0845435471968997,0.09692616580657354,0.0832626682329641,0.09308352321386337,1293084800,0.09308352321386337
1984-12-10,0.09308349545325387,0.09308349545325387,0.08710528484796698,0.09009477496147156,508323200,0.09009477496147156
1984-12-17,0.09222958981990814,0.09820703179647124,0.09137566872312733,0.09222958981990814,1047043200,0.09222958981990814
1984-12-24,0.09393743428440848,0.09863399757979115,0.09393743428440848,0.0982070341706276,398809600,0.0982070341706276
1984-12-31,0.0994878987470776,0.09991485064435435,0.09521829426079113,0.09692613035440445,686940800,0.09692613035440445
1985-01-07,0.09692610935971385,0.10333128717387023,0.09564523114172331,0.10162344574928284,960870400,0.10162344574928284
1985-01-14,0.10461225112022182,0.10632009394436391,0.0956453095217939,0.09778011590242386,1625478400,0.09778011590242386
1985-01-21,0.09991484050174379,0.1033312990665311,0.0969261205151865,0.10119573026895523,1896294400,0.10119573026895523
1985-01-28,0.1033313718525676,0.10461225112022182,0.09692618878944811,0.09778011590242386,1542329600,0.09778011590242386
1985-02-04,0.09991486911415808,0.10375828063351097,0.09991486911415808,0.10205043852329254,980000000,0.10205043852329254
1985-02-11,0.1041852296339929,0.10503915627216287,0.09351045684778336,0.09564525634050369,1700944000,0.09564525634050369
1985-02-18,0.09521828826896413,0.09521828826896413,0.09009476320782982,0.09436436742544174,904556800,0.09436436742544174
1985-02-25,0.094364390324252,0.09479134799916987,0.08198176831719337,0.08497048914432526,1257580800,0.08497048914432526
1985-03-04,0.08625136730569706,0.08881313027182798,0.07088002558806067,0.07344178855419159,1685017600,0.07344178855419159
1985-03-11,0.076003554268703,0.07942000226793798,0.07386874886927916,0.07728443294763565,1179584000,0.07728443294763565
1985-03-18,0.07813911306525838,0.07899303396984175,0.07514962312799033,0.0760035440325737,944025600,0.0760035440325737
1985-03-25,0.076003521887483,0.07771212711959027,0.07386871739759032,0.07557655870914459,559529600,0.07557655870914459
1985-04-01,0.07557655623267497,0.07728439748826721,0.0704530381667977,0.07130695879459381,746009600,0.07130695879459381
1985-04-08,0.07130695879459381,0.07514959876922662,0.0670373556556132,0.07130695879459381,908745600,0.07130695879459381
1985-04-15,0.07301479449065375,0.07856604535305428,0.07301479449065375,0.07685744017362595,549180800,0.07685744017362595
1985-04-22,0.07685748308524684,0.0772844407879039,0.07386875636303675,0.07472267746925354,507158400,0.07472267746925354
1985-04-29,0.0747226346720097,0.07514959783102709,0.06575647104253754,0.06831823289394379,702172800,0.06831823289394379
1985-05-06,0.0683182749474524,0.0700261172329904,0.0674643538046834,0.0691721960902214,571289600,0.0691721960902214
1985-05-13,0.06917218128684531,0.07557658563656985,0.06746433936679855,0.07429570704698563,781804800,0.07429570704698563
1985-05-20,0.0742957089774106,0.07600355094183223,0.06191308796405792,0.06191308796405792,1298931200,0.06191308796405792
1985-05-27,0.06105918029750801,0.06148614373217563,0.05764350132468233,0.05935134366154671,1441865600,0.05935134366154671
1985-06-03,0.05807044696466314,0.06063220993644551,0.054654763002286645,0.05593564733862877,2010780800,0.05593564733862877
1985-06-10,0.05593565224709405,0.05636260992940656,0.05038439854979515,0.05038439854979515,1810032000,0.05038439854979515
1985-06-17,0.05081135407746031,0.05636260753935919,0.05081135407746031,0.05508172884583473,1030489600,0.05508172884583473
1985-06-24,0.05892436226785075,0.06319396680871718,0.05892436226785075,0.061486124992370605,960086400,0.061486124992370605
1985-07-01,0.06191307776026365,0.06234004103145284,0.05892435766554286,0.060205236077308655,286249600,0.060205236077308655
1985-07-08,0.060205266820196196,0.06191310937523455,0.060205266820196196,0.06105918809771538,458102400,0.06105918809771538
1985-07-15,0.06105918029750801,0.062340064900607825,0.058924380226879076,0.05935134366154671,633203200,0.05935134366154671
1985-07-22,0.05935131311718127,0.05935131311718127,0.055508666986351714,0.05678955093026161,975318400,0.05678955093026161
1985-07-29,0.056789570064940974,0.056789570064940974,0.05380084365606308,0.05380084365606308,396704000,0.05380084365606308
1985-08-05,0.05380085680850194,0.05465477803394938,0.05081136574792153,0.05209225043654442,515872000,0.05209225043654442
1985-08-12,0.052092217803075797,0.05294613849357972,0.04953045573156402,0.04995741322636604,576217600,0.04995741322636604
1985-08-19,0.051238319615322554,0.05209224068084996,0.05038439854979515,0.05038439854979515,359161600,0.05038439854979515
1985-08-26,0.05166525592180205,0.05251917663403077,0.05081133520957332,0.051238298416137695,218512000,0.051238298416137695
1985-09-02,0.051238298416137695,0.05166525592180205,0.050384377703908974,0.051238298416137695,210627200,0.051238298416137695
1985-09-09,0.0520922377018004,0.05508172803155419,0.0520922377018004,0.05380084365606308,522883200,0.05380084365606308
1985-09-16,0.053800862186345694,0.05849743224621959,0.052092255643598734,0.057216547429561615,662368000,0.057216547429561615
1985-09-23,0.057643538189393335,0.05892441791074973,0.054227851331233985,0.05422785133123398,364672000,0.05422785133123398
1985-09-30,0.05422778767999177,0.05465474518565612,0.051238298416137695,0.051238298416137695,264947200,0.051238298416137695
1985-10-07,0.0512383247962472,0.055508694476599015,0.0512383247962472,0.05465477332472801,641760000,0.05465477332472801
1985-10-14,0.056789558131778994,0.06532876080347237,0.056789558131778994,0.06063219904899597,1316134400,0.06063219904899597
1985-10-21,0.060632204084197325,0.06447484532052644,0.05892436226785075,0.061486124992370605,1027712000,0.061486124992370605
1985-10-28,0.06148613991278749,0.06575650941069379,0.06105917650464192,0.06362093985080719,664563200,0.06362093985080719
1985-11-04,0.06404788244532789,0.07088001306916362,0.06362091917593246,0.07002609223127365,1074976000,0.07002609223127365
1985-11-11,0.07002609918071234,0.07088002010334603,0.06618345787931149,0.06789129972457886,675068800,0.06789129972457886
1985-11-18,0.06789128846835649,0.06831824600843402,0.06447483572256874,0.06490179896354675,489664000,0.06490179896354675
1985-11-25,0.06490184963432565,0.06874526292085648,0.06490184963432565,0.06874526292085648,552406400,0.06874526292085648
1985-12-02,0.06874522858578759,0.0708800282884439,0.06703738654330171,0.06746434420347214,610982400,0.06746434420347214
1985-12-09,0.06746431227680837,0.06917215351107919,0.06575647104253754,0.06831823289394379,954800000,0.06831823289394379
1985-12-16,0.0683182540314358,0.07813911093800906,0.0683182540314358,0.07643049955368042,1433936000,0.07643049955368042
1985-12-23,0.07643049955368042,0.07728442043501677,0.07386873690967141,0.07643049955368042,376566400,0.07643049955368042
1985-12-30,0.07643049955368042,0.07728442043501677,0.07429570020079015,0.07643049955368042,554512000,0.07643049955368042
1986-01-06,0.0764304856664642,0.0802738957053457,0.07472264421410178,0.07771213352680206,1863657600,0.07771213352680206
1986-01-13,0.07771215825421368,0.08454352623735216,0.0768574733354623,0.08198176324367523,1791753600,0.08198176324367523
1986-01-20,0.08198176532670537,0.08240872868695097,0.07643051192804654,0.07728443294763565,690771200,0.07728443294763565
1986-01-27,0.07728443312864522,0.08326264990155137,0.07514963342512349,0.0789930447936058,1586032000,0.0789930447936058
1986-02-03,0.07899304260150311,0.08326264759096466,0.0781391216036108,0.08198176324367523,1070988800,0.08198176324367523
1986-02-10,0.08198175824613863,0.0836896001378147,0.08027391635446257,0.0811278373003006,645254400,0.0811278373003006
1986-02-17,0.08112783046433401,0.08795919745541587,0.07941998871656356,0.08625135570764542,834780800,0.08625135570764542
1986-02-24,0.08625138068779126,0.09137567133594908,0.08497049615554277,0.08539745956659317,869836800,0.08539745956659317
1986-03-03,0.0853974471698766,0.08795921016159262,0.08283568417816059,0.08454352617263794,572476800,0.08454352617263794
1986-03-10,0.08454350523585295,0.08966779387113849,0.08326262690764916,0.08924006670713425,765049600,0.08924006670713425
1986-03-17,0.08881311517137482,0.10119573417362082,0.0866783102121184,0.09436436742544174,1722470400,0.09436436742544174
1986-03-24,0.09436438096943893,0.09906094343245311,0.09009477613901616,0.09649917483329773,1016534400,0.09649917483329773
1986-03-31,0.09649916087953739,0.09735308742304605,0.08966779983957619,0.09137564152479172,1072848000,0.09137564152479172
1986-04-07,0.09137566872312733,0.09479135311025058,0.0896678265295657,0.09222958981990814,634323200,0.09222958981990814
1986-04-14,0.0922295482925485,0.10205039755407964,0.09137562758025479,0.10162344574928284,944966400,0.10162344574928284
1986-04-21,0.10205042896725403,0.11144356539478108,0.10034182309611979,0.11016267538070679,1582336000,0.11016267538070679
1986-04-28,0.11016270348223478,0.11187054586818572,0.09180264246358343,0.10418526083230972,767536000,0.10418526083230972
1986-05-05,0.10418525527019772,0.11486003638398445,0.10418525527019772,0.11400610953569412,1022537600,0.11400610953569412
1986-05-12,0.11400607759847105,0.12766957605002244,0.1135791256957364,0.12297224998474121,1896966400,0.12297224998474121
1986-05-19,0.12297220773318773,0.12809649534237175,0.11699476913064147,0.12638865411281586,1162380800,0.12638865411281586
1986-05-26,0.12638865411281586,0.12809649534237175,0.12425308580490496,0.12638865411281586,520643200,0.12638865411281586
1986-06-02,0.12638870800877466,0.13364703918000834,0.12553479273076085,0.12895047664642334,1151046400,0.12895047664642334
1986-06-09,0.12895050768916436,0.12937745973005124,0.11998356848061234,0.12425316870212555,952873600,0.12425316870212555
1986-06-16,0.12425312849655047,0.12596173423367585,0.11101659334953641,0.12297224998474121,1331254400,0.12297224998474121
1986-06-23,0.1229722877014477,0.12553482083359965,0.11742179724548535,0.12254532426595688,557424000,0.12254532426595688
1986-06-30,0.12254535401561524,0.1289505368185232,0.11870271636876031,0.1285235732793808,484489600,0.1285235732793808
1986-07-07,0.1285235338207368,0.12895049722879506,0.1161409108787209,0.12681569159030914,1253190400,0.12681569159030914
1986-07-14,0.12681573757779965,0.12766965330176824,0.10674705910124571,0.10845489054918289,1635200000,0.10845489054918289
1986-07-21,0.11272441053203504,0.1182756619932669,0.11187048410957035,0.11614085733890533,1009680000,0.11614085733890533
1986-07-28,0.11571392272701692,0.11614088604377563,0.10247738720111979,0.10717394948005676,1529920000,0.10717394948005676
1986-08-04,0.10717394879536932,0.11144355913207388,0.10461219171478892,0.1080278754234314,716800000,0.1080278754234314
1986-08-11,0.10888183532322618,0.12638875220503965,0.1084548718340147,0.12211837619543076,1250211200,0.12211837619543076
1986-08-18,0.12211833396369423,0.1251070659527848,0.11827569809509833,0.12382617592811584,766819200,0.12382617592811584
1986-08-25,0.12468004896274362,0.12980433657192764,0.1238261226470663,0.12638865411281586,759606400,0.12638865411281586
1986-09-01,0.12681565495294597,0.12681565495294597,0.11656784061003546,0.11998352408409119,647740800,0.11998352408409119
1986-09-08,0.11955663869468255,0.12297232439417605,0.10845489054918289,0.10845489054918289,715478400,0.10845489054918289
1986-09-15,0.1101627539001399,0.11998362458643896,0.10930883801725817,0.11486009508371353,812627200,0.11486009508371353
1986-09-22,0.11443305915181338,0.12425314831137929,0.11443305915181338,0.11699482798576355,1012614400,0.11699482798576355
1986-09-29,0.11486004245462542,0.11870269067141376,0.10802790899343806,0.11528700590133667,761891200,0.11528700590133667
1986-10-06,0.11528694331846966,0.1169947847764161,0.11016264362221158,0.11357910186052322,470556800,0.11357910186052322
1986-10-13,0.11315148799475518,0.12041057682697398,0.11187059706771504,0.11486009508371353,792064000,0.11486009508371353
1986-10-20,0.1144330440944464,0.11486000741089135,0.11016266981280282,0.1127244383096695,555654400,0.1127244383096695
1986-10-27,0.11443302576833198,0.11912958729167683,0.11272442025718324,0.11827567219734192,793609600,0.11827567219734192
1986-11-03,0.11870270248716164,0.12681571569425115,0.11571396946448882,0.12211837619543076,1497865600,0.12211837619543076
1986-11-10,0.1225452771087615,0.12510704533409486,0.11912959374285152,0.12041047215461731,559686400,0.12041047215461731
1986-11-17,0.12041048155932002,0.12638869753821316,0.1178487245357015,0.12297224998474121,1196540800,0.12297224998474121
1986-11-24,0.1238261130746672,0.14090606329268907,0.12297219822680067,0.1366356909275055,1952070400,0.1366356909275055
1986-12-01,0.13663579332630815,0.14944614470005035,0.13364707201624457,0.14944614470005035,1583680000,0.14944614470005035
1986-12-08,0.14901838699924835,0.1498730662341106,0.1404791768503483,0.14090614020824432,1300118400,0.14090614020824432
1986-12-15,0.1400522040493693,0.14517572979325333,0.13791739880563347,0.14389485120773315,886256000,0.14389485120773315
1986-12-22,0.1434678678141072,0.14517570948988714,0.1400521844625473,0.1400521844625473,594160000,0.1400521844625473
1986-12-29,0.14005219970789357,0.14176004156958022,0.1370627153795936,0.13962523639202118,519232000,0.13962523639202118
1987-01-05,0.14090616412195228,0.1562774975177686,0.14005223726123714,0.1549966186285019,1529920000,0.1549966186285019
1987-01-12,0.1554235611140739,0.17549223065677358,0.1520078769351209,0.16652530431747437,1902924800,0.16652530431747437
1987-01-19,0.16652530052431833,0.19043661707413312,0.16353656838445918,0.1716488152742386,2602880000,0.1716488152742386
1987-01-26,0.17079494044718407,0.19556018959529728,0.16908709799166127,0.1895827353000641,2112320000,0.1895827353000641
1987-02-02,0.1895827256074037,0.19171752001630785,0.18061578640283893,0.1844584345817566,1276777600,0.1844584345817566
1987-02-09,0.18061576302153698,0.21349403036866008,0.17634616335463596,0.21221312880516052,1887312000,0.21221312880516052
1987-02-16,0.21221302149139326,0.23014613599122513,0.2070887337203977,0.20922431349754333,1384566400,0.20922431349754333
1987-02-23,0.20794276766443714,0.24380974493885502,0.20367315654548576,0.23911318182945251,2067520000,0.23911318182945251
1987-03-02,0.2399671406949997,0.24082104479005978,0.22118011042302427,0.22971931099891663,1795897600,0.22971931099891663
1987-03-09,0.22715761351989686,0.23228113066732753,0.21690978109836578,0.21690978109836578,1218000000,0.21690978109836578
1987-03-16,0.21690964359303785,0.23825919922415517,0.21349398286245014,0.23313568532466888,1346889600,0.23313568532466888
1987-03-23,0.2322809595511685,0.2339895878670674,0.22118000630835163,0.22203393280506134,1065411200,0.22203393280506134
1987-03-30,0.21690972915488604,0.24551839035229414,0.21264014015567412,0.24509143829345703,2068102400,0.24509143829345703
1987-04-06,0.24423663540804882,0.24850702077406503,0.23057314899288472,0.23996704816818237,1234800000,0.23996704816818237
1987-04-13,0.23911323612755403,0.25021497095550876,0.22715757432117634,0.2442367523908615,1246537600,0.2442367523908615
1987-04-20,0.24423670474132073,0.2638784352371737,0.23740535865754905,0.2553384602069855,1544681600,0.2553384602069855
1987-04-27,0.25363043918337347,0.27327215671539307,0.25021475699408463,0.27327215671539307,1384880000,0.27327215671539307
1987-05-04,0.2715644624437288,0.28095836355890647,0.2664401722537144,0.26985663175582886,1025068800,0.26985663175582886
1987-05-11,0.2634248014557777,0.2719777733450993,0.2565822595084508,0.2677009105682373,1062924800,0.2677009105682373
1987-05-18,0.26770085068461674,0.2685560540451509,0.24803000863851574,0.2535889446735382,1041465600,0.2535889446735382
1987-05-25,0.25487185216147706,0.2753986804821791,0.25316139922953124,0.2702673673629761,576777600,0.2702673673629761
1987-06-01,0.2719779339845389,0.2719779339845389,0.2634249570435376,0.26599061489105225,676636800,0.26599061489105225
1987-06-08,0.26599048136864234,0.27454345401620617,0.2625695983430679,0.2702673673629761,702262400,0.2702673673629761
1987-06-15,0.2702673215885376,0.2907933699300125,0.2600038977473161,0.2805299460887909,1255520000,0.2805299460887909
1987-06-22,0.28224122888245484,0.2959255149326777,0.2736882560577249,0.2771091163158417,617332800,0.2771091163158417
1987-06-29,0.2771091270446017,0.2805300102734817,0.2719778136204411,0.27796435356140137,422172800,0.27796435356140137
1987-07-06,0.27881951287491324,0.28566205418626217,0.24974049369010198,0.2600038945674896,1027409600,0.2600038945674896
1987-07-13,0.2668457518486317,0.3061889848857505,0.26513529863456065,0.2959255576133728,970782400,0.2959255576133728
1987-07-20,0.29421501810315726,0.29763590042405547,0.27710905349341325,0.29079335927963257,488577600,0.29079335927963257
1987-07-27,0.29079339074888827,0.29421504994270015,0.2771090834817723,0.28224119544029236,407097600,0.28224119544029236
1987-08-03,0.280529948828917,0.32329405157713365,0.27368820670802474,0.318162739276886,718558400,0.318162739276886
1987-08-10,0.3305634295801058,0.34426540569497327,0.31343534772176235,0.3357013761997223,811171200,0.3357013761997223
1987-08-17,0.33912679794535167,0.3682442017922168,0.33056354301809704,0.3631054759025574,765755200,0.3631054759025574
1987-08-24,0.3631052459926589,0.36653132787469084,0.35282855535933166,0.3562546372413635,673736000,0.3562546372413635
1987-08-31,0.3579674473211983,0.37852081412918187,0.34255280525160076,0.34597811102867126,811798400,0.34597811102867126
1987-09-07,0.34426530488613055,0.3802332989466975,0.33227597353260824,0.37338191270828247,598080000,0.37338191270828247
1987-09-14,0.37509481977319603,0.3785209038692277,0.34940347677475997,0.35454222559928894,492508800,0.35454222559928894
1987-09-21,0.35454212249792505,0.39736074062940696,0.344265428212081,0.3939354121685028,825899200,0.3939354121685028
1987-09-28,0.39393528424039953,0.40249933438251095,0.37166928440469416,0.400785893201828,710259200,0.400785893201828
1987-10-05,0.4007861186275479,0.40935017358658826,0.36481810313204704,0.37081316113471985,870240000,0.37081316113471985
1987-10-12,0.37166934327894713,0.37509464830224654,0.32542464974003893,0.33056339621543884,1388800000,0.33056339621543884
1987-10-19,0.3305634050878947,0.3305634050878947,0.22351570843220034,0.24321198463439941,2162720000,0.24321198463439941
1987-10-26,0.23636145028580316,0.29459549773745203,0.18926043125634942,0.264621764421463,1940960000,0.264621764421463
1987-11-02,0.26547794123936297,0.27061668693604995,0.23464869142407327,0.25862735509872437,1178240000,0.25862735509872437
1987-11-09,0.2534885867815088,0.27404196698563915,0.24663800125219507,0.2552012503147125,1029280000,0.2552012503147125
1987-11-16,0.2591915058760221,0.2643406587362173,0.2282942052721877,0.2437424659729004,1152480000,0.2437424659729004
1987-11-23,0.2437423558219237,0.25919138874338615,0.23859320528870995,0.24030958116054535,457598400,0.24030958116054535
1987-11-30,0.23172694124876214,0.2368768724171532,0.20426320082873234,0.21112953126430511,1303680000,0.21112953126430511
1987-12-07,0.21284586885984916,0.24889230950176183,0.21284586885984916,0.2334432750940323,1036000000,0.2334432750940323
1987-12-14,0.23687677495613338,0.28322230914493357,0.23516039931285435,0.2780723571777344,1599360000,0.2780723571777344
1987-12-21,0.2780722810199325,0.29523770574392405,0.2763559058467303,0.2926623523235321,558264000,0.2926623523235321
1987-12-28,0.2900879092401354,0.30038701370358467,0.2712069014355052,0.2883715331554413,621600000,0.2883715331554413
1988-01-04,0.29352060946486447,0.31755156443206123,0.27120683226425985,0.2746396064758301,1607200000,0.2746396064758301
1988-01-11,0.27463963800468205,0.30896967583195584,0.27292323924300066,0.2943796217441559,1492960000,0.2943796217441559
1988-01-18,0.295237875825087,0.29695425198706216,0.26262420779930185,0.26948973536491394,2020480000,0.26948973536491394
1988-01-25,0.2712069530116003,0.2866552115846758,0.26605699874056427,0.2849388122558594,1100960000,0.2849388122558594
1988-02-01,0.28665515234162253,0.2918043034284666,0.26434056769816716,0.2651987671852112,948640000,0.2651987671852112
1988-02-08,0.26486201310331486,0.28550083131488035,0.259702704660761,0.28206050395965576,834400000,0.28206050395965576
1988-02-15,0.2820604854608858,0.2940996670850903,0.27518141564294646,0.2872205972671509,645164800,0.2872205972671509
1988-02-22,0.2855008125904786,0.300979540605111,0.2837810508767229,0.2872205972671509,828262400,0.2872205972671509
1988-02-29,0.28722053078943766,0.32333806730258163,0.2855007465108126,0.32247817516326904,1258880000,0.32247817516326904
1988-03-07,0.3216182643582714,0.328497355147709,0.3061387600856142,0.314738392829895,820960000,0.314738392829895
1988-03-14,0.31473842980642625,0.3198985407251254,0.30441903463388365,0.3078593611717224,931403200,0.3078593611717224
1988-03-21,0.3052789949121927,0.30699953745291203,0.2751814296853921,0.27604129910469055,1007339200,0.27604129910469055
1988-03-28,0.27518129348754883,0.2889402307177957,0.266581639108318,0.27518129348754883,975520000,0.27518129348754883
1988-04-04,0.2734616489010933,0.2915200321521659,0.26486201310331486,0.28206050395965576,885920000,0.28206050395965576
1988-04-11,0.28722050045579267,0.29066002272396885,0.2648619064573907,0.2717417776584625,887040000,0.2717417776584625
1988-04-18,0.27346164492095953,0.28550082715952074,0.26830155581429294,0.27604129910469055,883332800,0.27604129910469055
1988-04-25,0.2769011955171019,0.28894037793088895,0.2751814336905567,0.28206050395965576,641636800,0.28206050395965576
1988-05-02,0.28034060673285316,0.29667997804201,0.27862082277401934,0.28378093242645264,608014400,0.28378093242645264
1988-05-09,0.2837809187198352,0.2837809187198352,0.27174174270227985,0.27862080931663513,501379200,0.27862080931663513
1988-05-16,0.27917206182886967,0.2895118939423109,0.26538590278045165,0.26710906624794006,774737600,0.26710906624794006
1988-05-23,0.2653859351463119,0.2757257685207755,0.257630881800822,0.2740025818347931,631176000,0.2740025818347931
1988-05-30,0.2757257338626169,0.2981285384648581,0.2740025473932355,0.2964053750038147,661920000,0.2964053750038147
1988-06-06,0.29468134409067315,0.3136378177721372,0.29468134409067315,0.3067443370819092,1181600000,0.3067443370819092
1988-06-13,0.31019171490967107,0.317084418790461,0.3050214162193046,0.3084685504436493,766225600,0.3084685504436493
1988-06-20,0.3058828393600339,0.31622264869011624,0.30243648934173145,0.3101915419101715,543860800,0.3101915419101715
1988-06-27,0.30674434683227364,0.32311606488363515,0.30674434683227364,0.32053130865097046,598864000,0.32053130865097046
1988-07-04,0.3205314188185188,0.3274240968052128,0.31019158504234295,0.3119147717952728,472001600,0.3119147717952728
1988-07-11,0.31363789192847397,0.31363789192847397,0.30502124610337367,0.3101915419101715,435534400,0.3101915419101715
1988-07-18,0.31277627680662373,0.317084219780432,0.29295822978019714,0.29295822978019714,608764800,0.29295822978019714
1988-07-25,0.29468161665747594,0.30674462080643033,0.29123526426631036,0.3058830499649048,575579200,0.3058830499649048
1988-08-01,0.3067444197704884,0.31536106588104956,0.3032980696380118,0.3050212562084198,439644800,0.3050212562084198
1988-08-08,0.3067443881648357,0.3084683568411525,0.28778871661829686,0.29295822978019714,531305600,0.29295822978019714
1988-08-15,0.2917840922822768,0.2986905700104855,0.2796983556024583,0.28142479062080383,709800000,0.28142479062080383
1988-08-22,0.27797210216522217,0.2814249511193833,0.27106562049819966,0.27797210216522217,627076800,0.27797210216522217
1988-08-29,0.2814247490311875,0.2840151618824284,0.2658861676627197,0.27451905608177185,778523200,0.27451905608177185
1988-09-05,0.2762455771873288,0.2831512492434472,0.260706990962175,0.2796984016895294,764489600,0.2796984016895294
1988-09-12,0.283151159693384,0.29523689454235663,0.2762454898212693,0.29178404808044434,795804800,0.29178404808044434
1988-09-19,0.2900577163696289,0.30559630196586113,0.2848784567742405,0.3021434545516968,533310400,0.3021434545516968
1988-09-26,0.3021435550541609,0.3055964036168515,0.293510661414685,0.29869070649147034,533680000,0.29869070649147034
1988-10-03,0.2969641141577929,0.29869052586929185,0.2650229502811153,0.27451905608177185,890982400,0.27451905608177185
1988-10-10,0.27279279332077033,0.27451920597492624,0.2589798323635021,0.2676127254962921,981848000,0.2676127254962921
1988-10-17,0.2658862412955016,0.2883313055873107,0.2641598291059014,0.283151239156723,810678400,0.283151239156723
1988-10-24,0.28487836864440974,0.28487836864440974,0.26415974610394116,0.2658861577510834,637235200,0.2658861577510834
1988-10-31,0.2676126630132483,0.2676126630132483,0.2538005120911724,0.26070699095726013,991379200,0.26070699095726013
1988-11-07,0.2572532696538458,0.27451904584832093,0.2555268349549945,0.2658861577510834,734932800,0.2658861577510834
1988-11-14,0.2676125784522533,0.2710654249150655,0.26070690857833856,0.26243332028388977,450206400,0.26243332028388977
1988-11-21,0.2596632060295668,0.2613949831319037,0.2458146055603786,0.2527393102645874,606379200,0.2527393102645874
1988-11-28,0.25273923657676906,0.27610899873749123,0.24927727814736184,0.27178075909614563,945750400,0.27178075909614563
1988-12-05,0.2735126088234568,0.2769745681784984,0.2683188724079589,0.27091535925865173,461899200,0.27091535925865173
1988-12-12,0.2717808389936716,0.2804365118819447,0.26485694321192843,0.2778400480747223,729792000,0.2778400480747223
1988-12-19,0.2787055281481659,0.2908231598067818,0.27697456007754684,0.28476473689079285,897467200,0.28476473689079285
1988-12-26,0.28389855588729124,0.2873613021924865,0.2752436662478713,0.2787056267261505,311035200,0.2787056267261505
1989-01-02,0.2787055217007699,0.3012098164267827,0.27697455367019397,0.29515060782432556,845958400,0.29515060782432556
1989-01-09,0.29774792011562806,0.30120988002023985,0.2856302861789773,0.2994788885116577,682976000,0.2994788885116577
1989-01-16,0.2994787561615191,0.3046716821672249,0.273512531367571,0.28389838337898254,1842848000,0.28389838337898254
1989-01-23,0.2821674388236373,0.29168860518087414,0.2510082623632375,0.26052942872047424,2927198400,0.26052942872047424
1989-01-30,0.26052941153497916,0.278705461781411,0.25447020423520134,0.27178075909614563,2186811200,0.27178075909614563
1989-02-06,0.2735126553804867,0.2735126553804867,0.2562012840052334,0.25793227553367615,948057600,0.25793227553367615
1989-02-13,0.25517183542251587,0.2586433392445185,0.24475653596335806,0.25517183542251587,1829934400,0.25517183542251587
1989-02-20,0.256039766611999,0.2621156816728131,0.249964639544487,0.249964639544487,676379200,0.249964639544487
1989-02-27,0.24996460729306572,0.25517185177156715,0.23607701512896692,0.2412850707769394,1226176000,0.2412850707769394
1989-03-06,0.24302083253860474,0.2517003698164501,0.23781358760311377,0.24302083253860474,881652800,0.24302083253860474
1989-03-13,0.24302082606541361,0.2482280708622025,0.23607702955893184,0.24215294420719147,812470400,0.24215294420719147
1989-03-20,0.24302085196464038,0.2464923565912223,0.23434131399299027,0.23868146538734436,573406400,0.23868146538734436
1989-03-27,0.23781352628209665,0.24822801346766807,0.23260547151997793,0.24736015498638153,657910400,0.24736015498638153
1989-04-03,0.246492395195184,0.2603791806934236,0.23520923278057396,0.2595113217830658,913628800,0.2595113217830658
1989-04-10,0.25864339600531616,0.27426673103112503,0.2551718914214717,0.2690586745738983,974456000,0.2690586745738983
1989-04-17,0.26732292676083214,0.28902138843724373,0.2638514222693101,0.2786060869693756,1421996800,0.2786060869693756
1989-04-24,0.27773821815899347,0.2812096993483796,0.2673229170687436,0.27079442143440247,656342400,0.27079442143440247
1989-05-01,0.2673230307143216,0.296832371589704,0.2673230307143216,0.28815361857414246,1166614400,0.28815361857414246
1989-05-08,0.2881535649642942,0.3124556541442871,0.2881535649642942,0.3124556541442871,1555220800,0.3124556541442871
1989-05-15,0.3107197618790063,0.3211342492199118,0.3107197618790063,0.3176627457141876,1337056000,0.3176627457141876
1989-05-22,0.31835877398983115,0.3409745560941474,0.3148796873278712,0.33749544620513916,967355200,0.33749544620513916
1989-05-29,0.335755915898257,0.34445367934464294,0.327057362732197,0.3409745693206787,531115200,0.3409745693206787
1989-06-05,0.33923505566273776,0.3409745992136999,0.32183792457837335,0.3270573914051056,717225600,0.3270573914051056
1989-06-12,0.32531775737376606,0.34967308085402543,0.30270200031189753,0.3096601963043213,1266552000,0.3096601963043213
1989-06-19,0.3096602219668301,0.3114005782490296,0.292263905983934,0.3053113520145416,708612800,0.3053113520145416
1989-06-26,0.3061812260538065,0.30792079326396604,0.2748676923286831,0.28704535961151123,944910400,0.28704535961151123
1989-07-03,0.2905244708047733,0.2922640147878758,0.27834680352194513,0.28704535961151123,447540800,0.28704535961151123
1989-07-10,0.28530479574068923,0.28704515140845244,0.27486749295847074,0.2835652530193329,1054502400,0.2835652530193329
1989-07-17,0.2835653101963693,0.2870452092871626,0.269648082991774,0.2783466577529907,1222737600,0.2783466577529907
1989-07-24,0.27660720031648256,0.27660720031648256,0.26268999086161887,0.27399787306785583,851984000,0.27399787306785583
1989-07-31,0.27312722538837886,0.29748255014419556,0.27138768210592973,0.29748255014419556,709105600,0.29748255014419556
1989-08-07,0.29922287646782336,0.3183587332900644,0.2870452153069975,0.29139408469200134,952011200,0.29139408469200134
1989-08-14,0.28878465709747153,0.29574287354468953,0.27834656593441626,0.29400330781936646,624478400,0.29400330781936646
1989-08-21,0.2947010436743385,0.3138831223269258,0.2929573728511664,0.31213945150375366,747622400,0.31213945150375366
1989-08-28,0.31039500540949033,0.3138831623765089,0.30516396899036535,0.3112676441669464,505075200,0.3112676441669464
1989-09-04,0.31039505763506103,0.31737058114921846,0.3069076916748227,0.3138832151889801,371302400,0.3138832151889801
1989-09-11,0.31213954384994447,0.32608977600241157,0.3086513862960254,0.3138832151889801,587025600,0.3138832151889801
1989-09-18,0.3103950972747336,0.32085798808531535,0.29993302134010363,0.31301140785217285,535561600,0.31301140785217285
1989-09-25,0.3121394882693669,0.31911419566573734,0.3069076370258456,0.3103950023651123,452838400,0.3103950023651123
1989-10-02,0.3103949422559838,0.33655254037450627,0.3008046952507279,0.33568069338798523,1074057600,0.33568069338798523
1989-10-09,0.33480816408606895,0.35137472901310796,0.3138832009615912,0.31911423802375793,923395200,0.31911423802375793
1989-10-16,0.3121395359566957,0.3452710600052555,0.29644481798622635,0.3348081707954407,1192396800,0.3348081707954407
1989-10-23,0.3348082525231046,0.33829641084028617,0.310395125554275,0.31562697887420654,756224000,0.31562697887420654
1989-10-30,0.3173705565300728,0.32608975070689844,0.29993295977004075,0.3016766309738159,867484800,0.3016766309738159
1989-11-06,0.3034204262326105,0.32783355407385045,0.29993305938466075,0.32608985900878906,570091200,0.32608985900878906
1989-11-13,0.32514510117312834,0.33038902464703007,0.3059157635620649,0.31290847063064575,435310400,0.31290847063064575
1989-11-20,0.31465643734210613,0.32514510117312834,0.31115968703596664,0.31290847063064575,374113600,0.31290847063064575
1989-11-27,0.3129086004702551,0.316404558683324,0.2971752130931551,0.30766385793685913,603142400,0.30766385793685913
1989-12-04,0.30591590507857397,0.31990050880178605,0.2866865585720267,0.29193130135536194,985107200,0.29193130135536194
1989-12-11,0.2866863931879071,0.29018314309443105,0.22725203086245105,0.23599191009998322,2888110400,0.23599191009998322
1989-12-18,0.23599191209682907,0.26046517059202184,0.23599191209682907,0.25522124767303467,1225784000,0.25522124767303467
1989-12-25,0.2569692793262879,0.2569692793262879,0.23948872272940008,0.24648061394691467,695956800,0.24648061394691467
1990-01-01,0.24648065408386902,0.2709539227668422,0.24473268682973204,0.2639620304107666,736019200,0.2639620304107666
1990-01-08,0.2622132165186305,0.2657099675135845,0.23599198355696296,0.24123670160770416,770380800,0.24123670160770416
1990-01-15,0.2412368679690119,0.24997675595418292,0.22550347317108407,0.2394888997077942,1111712000,0.2394888997077942
1990-01-22,0.23773991250515042,0.24298465305473133,0.22550328151363366,0.2290000319480896,749067200,0.2290000319480896
1990-01-29,0.23074821817822141,0.24298485956977084,0.22462950071024582,0.2394888997077942,615865600,0.2394888997077942
1990-02-05,0.2394888997077942,0.24648079609220627,0.22550347317108407,0.2394888997077942,842833600,0.2394888997077942
1990-02-12,0.24026019729028167,0.24552101400033366,0.2349985610654315,0.23675218224525452,498321600,0.23675218224525452
1990-02-19,0.2349985832728557,0.2420138179257618,0.22798416813482522,0.23324498534202576,644291200,0.23324498534202576
1990-02-26,0.2314913655352025,0.24376741623521916,0.2314913655352025,0.23675218224525452,571692800,0.23675218224525452
1990-03-05,0.2349986704847978,0.26305800389467016,0.2349986704847978,0.2586739957332611,997024000,0.2586739957332611
1990-03-12,0.2613045899552138,0.2858567201360702,0.2542901438427718,0.28234949707984924,1179315200,0.28234949707984924
1990-03-19,0.2841027987303657,0.3016404878074437,0.2805956027697364,0.29637885093688965,1435492800,0.29637885093688965
1990-03-26,0.29813278522649844,0.304271215822224,0.2805958972591068,0.28234949707984924,635846400,0.28234949707984924
1990-04-02,0.28059562705376123,0.2946252784547898,0.27708840737488977,0.279718816280365,664641600,0.279718816280365
1990-04-09,0.278842002718337,0.30865492676903467,0.27708840460379525,0.3033941090106964,661763200,0.3033941090106964
1990-04-16,0.3051480274399632,0.31040885031692667,0.2788422740236283,0.28234949707984924,1356443200,0.28234949707984924
1990-04-23,0.2823492701383006,0.28410286854956773,0.26744280559063693,0.27445724606513977,823233600,0.27445724606513977
1990-04-30,0.2753340222620072,0.2858564786422379,0.27358042392271853,0.28059566020965576,771276800,0.28059566020965576
1990-05-07,0.2788419631769134,0.29988605074105307,0.2788419631769134,0.2990092635154724,739972800,0.2990092635154724
1990-05-14,0.29988618881354934,0.29988618881354934,0.2770884928871071,0.27884209156036377,875123200,0.27884209156036377
1990-05-21,0.27785723523435196,0.2989597163220646,0.27258099862078616,0.2813741862773895,1242539200,0.2813741862773895
1990-05-28,0.28137425800760224,0.2954428405957172,0.276098020048975,0.2866496741771698,780348800,0.2866496741771698
1990-06-04,0.2866497256915965,0.28840819023757397,0.2637879490967087,0.26906418800354004,1210921600,0.26906418800354004
1990-06-11,0.2655471568877445,0.2866496409057062,0.2655471568877445,0.2778572738170624,746345600,0.2778572738170624
1990-06-18,0.27609803752597145,0.29983905536995054,0.26994337711199035,0.29192590713500977,915936000,0.29192590713500977
1990-06-25,0.2919257181235403,0.31566669711639506,0.2831325568416434,0.31478747725486755,921614400,0.31478747725486755
1990-07-02,0.3130281922635592,0.31654594045759626,0.30423582929056825,0.31478747725486755,551432000,0.31478747725486755
1990-07-09,0.3165459971991717,0.33589001160391957,0.3147875336812345,0.32885611057281494,1336484800,0.32885611057281494
1990-07-16,0.32885620062685716,0.3314939083659123,0.2813742211274254,0.288408100605011,1382752000,0.288408100605011
1990-07-23,0.28840820184770716,0.30423607393646734,0.2813743199009506,0.29104670882225037,711681600,0.29104670882225037
1990-07-30,0.28664955312974233,0.30775282899487566,0.27961565222082885,0.29016730189323425,767065600,0.29016730189323425
1990-08-06,0.27433946840390344,0.28664958283958214,0.26906405391528593,0.27258098125457764,679817600,0.27258098125457764
1990-08-13,0.2673055170295221,0.2831325793392961,0.25147765641077874,0.2567538917064667,716340800,0.2567538917064667
1990-08-20,0.25753012119295704,0.26458526316361386,0.2363630231841023,0.25047415494918823,575937600,0.25047415494918823
1990-08-27,0.25929365850932357,0.2707590748274302,0.2540023010880049,0.26105743646621704,570640000,0.26105743646621704
1990-09-03,0.25752999460632925,0.26458513310909415,0.24782835194848965,0.25664809346199036,292600000,0.25664809346199036
1990-09-10,0.2610575498768471,0.2610575498768471,0.23283534755880872,0.23989048600196838,565835200,0.23989048600196838
1990-09-17,0.23989046866271718,0.24871020946421477,0.21872420703978435,0.2222517877817154,639542400,0.2222517877817154
1990-09-24,0.22225178513344973,0.22225178513344973,0.19226577129099756,0.2046131044626236,708971200,0.2046131044626236
1990-10-01,0.20814072601907085,0.22577941015224567,0.1852098572999239,0.19755718111991882,1007865600,0.19755718111991882
1990-10-08,0.2028484777447665,0.20637685875143882,0.1799184287224332,0.19932089745998383,764646400,0.19932089745998383
1990-10-15,0.20108467642645148,0.22401551177809076,0.17109866953518255,0.22136983275413513,2064048000,0.22136983275413513
1990-10-22,0.22225173371337487,0.22225173371337487,0.2090225143151431,0.2116681933403015,849273600,0.2116681933403015
1990-10-29,0.2134320160602032,0.22842581582225172,0.2037311763129206,0.22401553392410278,609548800,0.22401553392410278
1990-11-05,0.2275432773353344,0.25223793455418736,0.22577949773033526,0.25047415494918823,969696000,0.25047415494918823
1990-11-12,0.2513113785507699,0.26369997878333207,0.24600232951617046,0.24865685403347015,822528000,0.24865685403347015
1990-11-19,0.251311341808822,0.26193024172443835,0.24600229355041026,0.25750604271888733,553952000,0.25750604271888733
1990-11-26,0.254851517147905,0.27254916372753324,0.254851517147905,0.26016056537628174,669166400,0.26016056537628174
1990-12-03,0.26370002217731414,0.302635504417224,0.2619303231216428,0.3008658289909363,1397849600,0.3008658289909363
1990-12-10,0.299096044358347,0.3008657429076748,0.27608854545447514,0.2822832465171814,1088628800,0.2822832465171814
1990-12-17,0.27608865998321075,0.32033402485450513,0.27608865998321075,0.3185643255710602,1239963200,0.3185643255710602
1990-12-24,0.3167945887358848,0.3185642640481737,0.3026354849220641,0.30440598726272583,323377600,0.30440598726272583
1990-12-31,0.3044059146711871,0.31325433638131644,0.29732636445253385,0.3061755895614624,490963200,0.3061755895614624
1991-01-07,0.30440599642029087,0.33449224983795406,0.3008658186608398,0.33272257447242737,1739729600,0.33272257447242737
1991-01-14,0.32564297455943186,0.3734276759347841,0.32564297455943186,0.3557300269603729,2328446400,0.3557300269603729
1991-01-21,0.35218983776482743,0.37962236476113653,0.35218983776482743,0.37873753905296326,1454040000,0.37873753905296326
1991-01-28,0.37696709112307153,0.40970867158863367,0.3698883662940697,0.39466556906700134,1512952000,0.39466556906700134
1991-02-04,0.3946655000878274,0.42652142212202016,0.38758594946781405,0.4238668978214264,1680257600,0.4238668978214264
1991-02-11,0.42564550664404993,0.4362867994082553,0.40258959332653704,0.40879735350608826,1546619200,0.40879735350608826
1991-02-18,0.40791060099327553,0.44160780562264307,0.4070239134578409,0.42387211322784424,863329600,0.42387211322784424
1991-02-25,0.42741885770237786,0.4291930850006958,0.3990427289699028,0.4096839725971222,1137158400,0.4096839725971222
1991-03-04,0.411457543264826,0.484172142309697,0.4043638992273208,0.461116224527359,1697718400,0.461116224527359
1991-03-11,0.45756938410661885,0.47885192664368736,0.4416079152672549,0.4699840545654297,1015504000,0.4699840545654297
1991-03-18,0.466437505181974,0.49836050726028297,0.441608151009764,0.44870179891586304,1632836800,0.44870179891586304
1991-03-25,0.45047506804488513,0.49836038852244485,0.4487016920095557,0.4823988676071167,738404800,0.4823988676071167
1991-04-01,0.48239837651928746,0.516095565170895,0.47885158070108935,0.4921529293060303,974825600,0.4921529293060303
1991-04-08,0.49126665911133877,0.5196428019912175,0.47353096007439094,0.5090015530586243,1131636800,0.5090015530586243
1991-04-15,0.43806024474038835,0.46111620911006546,0.42209877661877426,0.4229854643344879,3178235200,0.4229854643344879
1991-04-22,0.4220987823212742,0.4469281224578197,0.40968411225300144,0.4158918261528015,1040200000,0.4158918261528015
1991-04-29,0.4150044872903566,0.4274191619641183,0.3334228163991944,0.3476108908653259,3841364800,0.3476108908653259
1991-05-06,0.34406378564931106,0.37776015370353,0.3422903873101993,0.3635720908641815,1139532800,0.3635720908641815
1991-05-13,0.37066670060255813,0.38130794779088856,0.32987586870399116,0.3334226906299591,1833428800,0.3334226906299591
1991-05-20,0.3360536112100646,0.33783154716386576,0.31293868707423134,0.3262740969657898,1145020800,0.3262740969657898
1991-05-27,0.3271632397274133,0.33960967597008357,0.3218294054702814,0.33427584171295166,931649600,0.33427584171295166
1991-06-03,0.33427572300543557,0.3520559871911358,0.3244962073642188,0.3280521035194397,858894400,0.3280521035194397
1991-06-10,0.32716302779724077,0.33516458114924713,0.2898237432569294,0.29249146580696106,1228292800,0.29249146580696106
1991-06-17,0.29160179903055905,0.3076049360645925,0.2898238626109446,0.29871439933776855,940284800,0.29871439933776855
1991-06-24,0.29693649559705343,0.3093829302725674,0.28626799753682197,0.2951585352420807,1064190400,0.2951585352420807
1991-07-01,0.30049230204307636,0.3271631258214751,0.29693642960280536,0.32449620962142944,956894400,0.32449620962142944
1991-07-08,0.32182941866279086,0.3431663946047963,0.3200514580110689,0.33249789476394653,968766400,0.33249789476394653
1991-07-15,0.3324977696631813,0.3324977696631813,0.3004923059222354,0.32716313004493713,1096648000,0.32716313004493713
1991-07-22,0.3253852422193595,0.33071990676030016,0.3164947044036959,0.31916242837905884,513217600,0.31916242837905884
1991-07-29,0.32182945728218826,0.35739081115644644,0.31649479127695856,0.3556128740310669,969404800,0.3556128740310669
1991-08-05,0.35383396555926083,0.36805916617367984,0.33960959583390604,0.36094656586647034,876657600,0.36094656586647034
1991-08-12,0.3609465449433096,0.39117324280115573,0.35916860862675765,0.3787268102169037,934180800,0.3787268102169037
1991-08-19,0.35285091695616605,0.3956212081479138,0.34572306647430845,0.37779998779296875,1151348800,0.37779998779296875
1991-08-26,0.37779998779296875,0.38671059797044127,0.3724541118282196,0.37779998779296875,489025600,0.37779998779296875
1991-09-02,0.37601784862141735,0.37958177230173973,0.3599794187784428,0.36710724234580994,345318400,0.36710724234580994
1991-09-09,0.36889016450470946,0.38136469917635757,0.34572304577856217,0.3466140329837799,773270400,0.3466140329837799
1991-09-16,0.35106900068450553,0.3635435381725428,0.3314666353253291,0.3608705997467041,829024000,0.3608705997467041
1991-09-23,0.3564156021472594,0.3617614773767335,0.3439410684446134,0.3492869436740875,382256000,0.3492869436740875
1991-09-30,0.3510688274378587,0.36889006574830846,0.3385942961057959,0.34394100308418274,472942400,0.34394100308418274
1991-10-07,0.3421583285793173,0.3492869879562516,0.33146657676488234,0.34572306275367737,646968000,0.34572306275367737
1991-10-14,0.3492869042339155,0.3956211090618698,0.3475049539563969,0.3920563757419586,1199531200,0.3920563757419586
1991-10-21,0.3938391273178103,0.40096697544495563,0.3617614076243546,0.36532533168792725,778601600,0.36532533168792725
1991-10-28,0.3671074961862945,0.3760181086232422,0.3528510064290369,0.3635435700416565,760412800,0.3635435700416565
1991-11-04,0.3617616309645892,0.38314678269831864,0.33859450420229814,0.3795820474624634,1320244800,0.3795820474624634
1991-11-11,0.3813646349220011,0.3938391674918732,0.3546327867004483,0.3564155697822571,962505600,0.3564155697822571
1991-11-18,0.35727267867740076,0.37513594054345867,0.35548560835517073,0.3662039041519165,896985600,0.3662039041519165
1991-11-25,0.3644176159716725,0.37334967550842474,0.3572726504665391,0.3626313805580139,315033600,0.3626313805580139
1991-12-02,0.3626314900301407,0.37156352841282075,0.34655446013488,0.3483407199382782,598494400,0.3483407199382782
1991-12-09,0.3501269827376231,0.3626315178353953,0.34655448670740685,0.3599521517753601,491881600,0.3599521517753601
1991-12-16,0.35995207615362335,0.3715634788417942,0.35727271065649163,0.3590589463710785,605147200,0.3590589463710785
1991-12-23,0.3608451732732469,0.3983587672897449,0.35727267831694476,0.39299920201301575,593969600,0.39299920201301575
1991-12-30,0.39299923139966364,0.4305128282212533,0.39299923139966364,0.4215816259384155,741563200,0.4215816259384155
1992-01-06,0.41979528113305564,0.44659059977511384,0.4108632220463973,0.4448043406009674,893188800,0.4448043406009674
1992-01-13,0.4448044400781549,0.4930354997094263,0.43944489814116794,0.46266770362854004,1849288000,0.46266770362854004
1992-01-20,0.46088149350272617,0.4698135555452911,0.43587242575850976,0.46177464723587036,903392000,0.46177464723587036
1992-01-27,0.46266770362854004,0.4698135051391571,0.44837691152440895,0.46266770362854004,633404800,0.46266770362854004
1992-02-03,0.462667769226633,0.4769585633569456,0.44837697509632046,0.4573090374469757,753244800,0.4573090374469757
1992-02-10,0.4581642535521621,0.46890175989806554,0.4456363344514834,0.4590590298175812,495017600,0.4590590298175812
1992-02-17,0.4599541845094109,0.46890209696642793,0.4420566391462656,0.46532294154167175,446465600,0.46532294154167175
1992-02-24,0.4742716557484072,0.5011171129637841,0.4671124848356239,0.4832204282283783,840268800,0.4832204282283783
1992-03-02,0.485009903744903,0.49037865926091245,0.4510052844543041,0.4581644535064697,674912000,0.4581644535064697
1992-03-09,0.45637383316164126,0.4635329989695859,0.44026676147856053,0.45189985632896423,595380800,0.45189985632896423
1992-03-16,0.4492155888170037,0.45816435708802794,0.4420564212714498,0.45279479026794434,395102400,0.45279479026794434
1992-03-23,0.4510051703440939,0.46711224525089473,0.4331084947880024,0.4366876482963562,768600000,0.4366876482963562
1992-03-30,0.4384772092321082,0.4384772092321082,0.40984221552037464,0.42237013578414917,961755200,0.42237013578414917
1992-04-06,0.4223702086195832,0.4384772848451195,0.39194477284504015,0.3973143398761749,1165427200,0.3973143398761749
1992-04-13,0.3973142713614885,0.435792832396414,0.3955246947693963,0.42237013578414917,743276800,0.42237013578414917
1992-04-20,0.42237030984142426,0.42237030984142426,0.400893613647591,0.4044727683067322,839036800,0.4044727683067322
1992-04-27,0.40089346465739367,0.4348980736400589,0.37941680034038455,0.4241597056388855,907939200,0.4241597056388855
1992-05-04,0.42594925519899046,0.45011031746255525,0.42415965485366647,0.4438459277153015,852364800,0.4438459277153015
1992-05-11,0.44384605638388214,0.452794825348212,0.43131813348154624,0.4340033233165741,543648000,0.4340033233165741
1992-05-18,0.4402670422242636,0.4402670422242636,0.42058075740557316,0.4259495139122009,618139200,0.4259495139122009
1992-05-25,0.4259493340785934,0.43400327787242465,0.42058057983862596,0.4277389347553253,555195200,0.4277389347553253
1992-06-01,0.4106666730054746,0.42680614818454954,0.3837672284646152,0.3936297595500946,997180800,0.3936297595500946
1992-06-08,0.39452636063500285,0.39452636063500285,0.3837672525523889,0.39183658361434937,569251200,0.39183658361434937
1992-06-15,0.3873535704190503,0.3873535704190503,0.31382802164765844,0.3210015892982483,1719950400,0.3210015892982483
1992-06-22,0.3156212897564592,0.3335548070584125,0.306654543077075,0.3245880603790283,1183526400,0.3245880603790283
1992-06-29,0.328174445551711,0.3550738980289171,0.3245880913199551,0.33176082372665405,781950400,0.33176082372665405
1992-07-06,0.333554774715991,0.3353479514870652,0.31203490561077407,0.3281743824481964,834635200,0.3281743824481964
1992-07-13,0.32817440933815584,0.3514874810678563,0.3201050772923631,0.3227948546409607,989452800,0.3227948546409607
1992-07-20,0.3210015957279803,0.3317607023741205,0.3138280279337023,0.32907092571258545,792534400,0.32907092571258545
1992-07-27,0.3281743522768514,0.34252067496742505,0.3245879990644213,0.3353479206562042,616011200,0.3353479206562042
1992-08-03,0.3353480123173452,0.3389343904532253,0.2976886356003201,0.3111383616924286,804652800,0.3111383616924286
1992-08-10,0.31024164485638817,0.32638114251356476,0.30844846843234197,0.3210015892982483,641233600,0.3210015892982483
1992-08-17,0.3182675273770866,0.32546037574771514,0.3146715113198006,0.32096534967422485,629944000,0.32096534967422485
1992-08-24,0.31826760047078617,0.32546045049333283,0.3110755667044835,0.3236624300479889,549584000,0.3236624300479889
1992-08-31,0.32366230646392874,0.3542300348002148,0.32186431071265054,0.3398451805114746,646396800,0.3398451805114746
1992-09-07,0.33624929688094646,0.35602819419601145,0.33445130042448024,0.3425423204898834,635264000,0.3425423204898834
1992-09-14,0.3524320385488694,0.35962488581476343,0.3254603257609374,0.33445116877555847,899964800,0.33445116877555847
1992-09-21,0.3362492840834014,0.34344131765061325,0.32546044148389797,0.327258437871933,588313600,0.327258437871933
1992-09-28,0.32366242226732084,0.32725843906402585,0.30927756283181224,0.3146715760231018,643115200,0.3146715760231018
1992-10-05,0.31107557481020737,0.3254604589738849,0.29848871113872494,0.31197458505630493,677432000,0.31197458505630493
1992-10-12,0.31107563498517266,0.3560282686490349,0.31107563498517266,0.3524322509765625,841310400,0.3524322509765625
1992-10-19,0.35243215399532124,0.35962500361738214,0.34523930437326034,0.3506341576576233,773438400,0.3506341576576233
1992-10-26,0.3506341078693803,0.3883946904356416,0.34883608777945674,0.3776058256626129,1002971200,0.3776058256626129
1992-11-02,0.3776058762903819,0.406375594023326,0.37041302672528226,0.400981605052948,986832000,0.400981605052948
1992-11-09,0.4027795035755167,0.41896235483600963,0.39378865987006906,0.4045775234699249,567929600,0.4045775234699249
1992-11-16,0.40457761535950065,0.42795331974776235,0.3946877594606182,0.4135684370994568,937193600,0.4135684370994568
1992-11-23,0.40637561678886414,0.4135684667569139,0.4027796239404946,0.40637561678886414,474084800,0.40637561678886414
1992-11-30,0.40543842862271584,0.42526022539407216,0.40093383787741776,0.4099437892436981,671798400,0.4099437892436981
1992-12-07,0.40904204341005435,0.42345834951403233,0.40724019761596447,0.4144483506679535,760648000,0.4144483506679535
1992-12-14,0.41444828824249264,0.4270619286596194,0.39282467439501007,0.4198537766933441,988299200,0.4198537766933441
1992-12-21,0.41985365439543504,0.44147728600284475,0.4180518575148043,0.4252600073814392,694534400,0.4252600073814392
1992-12-28,0.4270619507909542,0.43787379436290486,0.423458307676044,0.43066564202308655,379545600,0.43066564202308655
1993-01-04,0.42886373621907237,0.45409101482019426,0.41264645430934654,0.44868552684783936,1189865600,0.44868552684783936
1993-01-11,0.4468830428128936,0.4703084854507605,0.43246755236463397,0.43426939845085144,2089964800,0.43426939845085144
1993-01-18,0.42886391282081604,0.43607206711726576,0.41805211443125795,0.42886391282081604,1097779200,0.42886391282081604
1993-01-25,0.4270620667156443,0.4468830475138261,0.4234584226225359,0.42886391282081604,1164654400,0.42886391282081604
1993-02-01,0.42706190963447654,0.44327924037451966,0.4054383208089111,0.41264647245407104,1262844800,0.41264647245407104
1993-02-08,0.4117405458866158,0.4153520470302812,0.3882640042334069,0.3891668915748596,1231686400,0.3891668915748596
1993-02-15,0.38645838643323843,0.40090528808097026,0.3720106408976703,0.39729294180870056,1115240000,0.39729294180870056
1993-02-22,0.3972929906407599,0.40451686429644446,0.376525921101127,0.38284608721733093,1041510400,0.38284608721733093
1993-03-01,0.38284604016096874,0.402711063384268,0.381040264857671,0.39729294180870056,769652800,0.39729294180870056
1993-03-08,0.3972928627755478,0.4153521071030382,0.3972928627755478,0.40632250905036926,735638400,0.40632250905036926
1993-03-15,0.40451676477278564,0.4171579136719352,0.3864583388528747,0.38826408982276917,673825600,0.38826408982276917
1993-03-22,0.38645837515581294,0.39548717907558456,0.37923450259883207,0.384651780128479,733611200,0.384651780128479
1993-03-29,0.37742871665255123,0.38104021859854026,0.3575636958409098,0.3620789051055908,1110793600,0.3620789051055908
1993-04-05,0.36117605167880495,0.36659332885891904,0.3503406534308195,0.3593694567680359,643820800,0.3593694567680359
1993-04-12,0.35756371178389623,0.37020486126838903,0.33769950986320907,0.3476320207118988,1333091200,0.3476320207118988
1993-04-19,0.3503405861891196,0.36659325849780516,0.3485348355126899,0.35575786232948303,965003200,0.35575786232948303
1993-04-26,0.35575791246205957,0.37923445878339385,0.3503406355583061,0.3702048361301422,610500800,0.3702048361301422
1993-05-03,0.3702047768778897,0.40090516589682773,0.3683990021249392,0.39548707008361816,641424000,0.39548707008361816
1993-05-10,0.39729281695893787,0.4045166874566116,0.38284591985116145,0.40090516209602356,880667200,0.40090516209602356
1993-05-17,0.4009052648870813,0.4270904519348481,0.3936813925372256,0.4153521656990051,844614400,0.4153521656990051
1993-05-24,0.41079087231444356,0.4252688142654337,0.4008384228124273,0.40988612174987793,833840000,0.40988612174987793
1993-05-31,0.40898138883539764,0.4216489618875975,0.39450429020069655,0.39721861481666565,706092800,0.39721861481666565
1993-06-07,0.3945042358261821,0.3963137853207513,0.3094503115102452,0.31668928265571594,3077849600,0.31668928265571594
1993-06-14,0.31849886316111586,0.3275473853685957,0.2877351150588176,0.29678279161453247,1771627200,0.29678279161453247
1993-06-21,0.2931637533281704,0.3040218025588191,0.2859256256628134,0.2895447015762329,1270684800,0.2895447015762329
1993-06-28,0.2931637117750654,0.2931637117750654,0.2732580118245303,0.27868661284446716,1257939200,0.27868661284446716
1993-07-05,0.2768770942746988,0.2823056954328563,0.26239997081401206,0.2660190463066101,678137600,0.2660190463066101
1993-07-12,0.266019074702861,0.28049617554742906,0.1918231627272163,0.19906212389469147,3036924800,0.19906212389469147
1993-07-19,0.20268117586771647,0.2081097769650569,0.18458498919790428,0.1900136023759842,2239003200,0.1900136023759842
1993-07-26,0.19363270015700634,0.20449072509407765,0.18820408635291985,0.20087166130542755,779049600,0.20087166130542755
1993-08-02,0.2044907030814717,0.222587723461115,0.20268117742230526,0.21172967553138733,971073600,0.21172967553138733
1993-08-09,0.21172962902178868,0.2189677783914443,0.18820402475165945,0.19815729558467865,958148800,0.19815729558467865
1993-08-16,0.19993816447091461,0.2162964902818203,0.19630234864603935,0.20357316732406616,651414400,0.20357316732406616
1993-08-23,0.20357317195210836,0.20902566422188656,0.19084984870510158,0.19266735017299652,700918400,0.19266735017299652
1993-08-30,0.1926673712816165,0.19448487294863676,0.18357904997468394,0.18721486628055573,1072377600,0.18721486628055573
1993-09-06,0.18903236876843152,0.1963023754680819,0.18448862064810403,0.19084987044334412,654192000,0.19084987044334412
1993-09-13,0.19084986189990696,0.1926673634934587,0.1708557184272412,0.18357904255390167,1048140800,0.18357904255390167
1993-09-20,0.18357903453609933,0.1853973490220347,0.17358278227510424,0.18176153302192688,575545600,0.18176153302192688
1993-09-27,0.1817615611051928,0.18357906290018033,0.16358573018342892,0.16540323197841644,1055364800,0.16540323197841644
1993-10-04,0.16449449956417084,0.1744915670961302,0.15995073866677764,0.16449449956417084,818742400,0.16449449956417084
1993-10-11,0.16540322674978122,0.20720820562864423,0.16540322674978122,0.20539069175720215,1760427200,0.20539069175720215
1993-10-18,0.20357326853427402,0.22901992710105826,0.1981207615437322,0.21993160247802734,1708168000,0.21993160247802734
1993-10-25,0.21993146460706214,0.23447227497135759,0.21084397078685319,0.22356729209423065,1281996800,0.22356729209423065
1993-11-01,0.2235673961766989,0.2399257274813918,0.2199315669968593,0.2317461371421814,1070585600,0.2317461371421814
1993-11-08,0.2326547989451706,0.23356355565843276,0.21629647433993648,0.23083728551864624,701310400,0.23083728551864624
1993-11-15,0.2298427810570269,0.255380867841141,0.2298427810570269,0.2407878041267395,1000182400,0.2407878041267395
1993-11-22,0.23896380954866442,0.24443589601795015,0.2280188085393258,0.23805178701877594,470657600,0.23805178701877594
1993-11-29,0.23531491313334146,0.23805178440874403,0.22619476099951896,0.22984282672405243,541710400,0.22984282672405243
1993-12-06,0.22984283299251693,0.23713979271135063,0.20248070752577954,0.20612876117229462,940441600,0.20612876117229462
1993-12-13,0.20612874303221085,0.2170737676118689,0.20248068970673783,0.21524974703788757,933396800,0.21524974703788757
1993-12-20,0.21342569352842186,0.21707375888474023,0.19335970228234176,0.19883261620998383,848489600,0.19883261620998383
1993-12-27,0.2024807403605731,0.22072188833200607,0.1988326739449668,0.21342575550079346,902305600,0.21342575550079346
1994-01-03,0.21524980826322923,0.24808401456076776,0.21160174172259508,0.24169990420341492,1744142400,0.24169990420341492
1994-01-10,0.24078784477588142,0.24717195351436086,0.21707377431076758,0.22619475424289703,1742216000,0.22619475424289703
1994-01-17,0.22619477536738883,0.2444359088644669,0.2097768346001173,0.24352391064167023,2038321600,0.24352391064167023
1994-01-24,0.2426118191823075,0.25720488257991325,0.2407877988995601,0.2480839043855667,1568974400,0.2480839043855667
1994-01-31,0.24443596601486203,0.2553809945134518,0.23531498309838464,0.24443596601486206,1033558400,0.24443596601486206
1994-02-07,0.24531425723121145,0.27460529330237526,0.24531425723121145,0.27094411849975586,1664096000,0.27094411849975586
1994-02-14,0.27094413527133143,0.27826731637625324,0.26545238494873047,0.26545238494873047,791571200,0.26545238494873047
1994-02-21,0.26545232235544997,0.28009785006547305,0.25995974228156565,0.2636217474937439,909787200,0.2636217474937439
1994-02-28,0.26545236588312293,0.2746052905775806,0.25446803498042364,0.26911354064941406,1045161600,0.26911354064941406
1994-03-07,0.27094415607826805,0.27918263768380486,0.26362182990000194,0.27277475595474243,1050593600,0.27277475595474243
1994-03-14,0.2819285113667938,0.2819285113667938,0.2617903974085169,0.26636770367622375,1173323200,0.26636770367622375
1994-03-21,0.26636770104740864,0.2672830009711286,0.23982253670692444,0.23982253670692444,1237756800,0.23982253670692444
1994-03-28,0.24165313193883636,0.2489754578611107,0.2306687753451498,0.24348370730876923,874977600,0.24348370730876923
1994-04-04,0.2361605713207449,0.25080693696039075,0.23249939543414366,0.2453143298625946,649510400,0.2453143298625946
1994-04-11,0.24531429497666266,0.24531429497666266,0.21968442976456154,0.22151502966880798,887140800,0.22151502966880798
1994-04-18,0.22334557946111785,0.23432993534302013,0.19771572941596022,0.2178538292646408,1786758400,0.2178538292646408
1994-04-25,0.21785369884907177,0.2306686223107819,0.2160231246936117,0.21968427300453186,718726400,0.21968427300453186
1994-05-02,0.21968432463032195,0.24714477660493192,0.21602317545903216,0.23661808669567108,1096390400,0.23661808669567108
1994-05-09,0.2361603692196889,0.237991798863585,0.21419252609562486,0.21968427300453186,632553600,0.21968427300453186
1994-05-16,0.2196844804246151,0.23799202356915022,0.21053072107362247,0.22746530175209045,811081600,0.22746530175209045
1994-05-23,0.2279038501402626,0.23341728270371542,0.21687615068583707,0.220092311501503,564233600,0.220092311501503
1994-05-30,0.216876167020464,0.216876167020464,0.196658544724625,0.20309172570705414,1381766400,0.20309172570705414
1994-06-06,0.20217279888822087,0.20401061385149474,0.18746945712402396,0.19482071697711945,976707200,0.19482071697711945
1994-06-13,0.19390180336072127,0.2058484288147686,0.190226185703696,0.19482071697711945,849452800,0.19482071697711945
1994-06-20,0.19298291814537286,0.20033500067103813,0.1819552053859123,0.1882731020450592,1053785600,0.1882731020450592
1994-06-27,0.1856308204429432,0.19941608294353416,0.18103627689157706,0.18930727243423462,846753600,0.18930727243423462
1994-07-04,0.18838845577516833,0.20309180417615988,0.1874695417439909,0.19895589351654053,561612800,0.19895589351654053
1994-07-11,0.19941613887954673,0.22238964832986222,0.19390185810534102,0.20768629014492035,1074628800,0.20768629014492035
1994-07-18,0.20676727967739894,0.23502530647423653,0.19390174451163703,0.22790378332138062,1486217600,0.22790378332138062
1994-07-25,0.22882277399739576,0.24995845045762918,0.22514714394409427,0.24766120314598083,1546328000,0.24766120314598083
1994-08-01,0.24720181776542993,0.24812073172469995,0.2361741140825661,0.2444451004266739,997449600,0.2444451004266739
1994-08-08,0.2435261678103773,0.2582295262038676,0.24260727846055932,0.2554728090763092,951182400,0.2554728090763092
1994-08-15,0.2563578597822785,0.2609682972377388,0.2508244631438453,0.2572799324989319,898800000,0.2572799324989319
1994-08-22,0.2563576420786048,0.2683456360494422,0.25266928047202314,0.2637343406677246,1041443200,0.2637343406677246
1994-08-29,0.2637343542955642,0.27572237350989726,0.25543555871996776,0.26096808910369873,991614400,0.26096808910369873
1994-09-05,0.26004597906114296,0.2701898045407113,0.2582018105698739,0.2637343406677246,611396800,0.2637343406677246
1994-09-12,0.26281234470065346,0.27480034213665044,0.2582018852037511,0.2683457136154175,916955200,0.2683457136154175
1994-09-19,0.26834565376975544,0.27111191900135223,0.2480580014709155,0.25036323070526123,885561600,0.25036323070526123
1994-09-26,0.249902180632645,0.25451345143510334,0.2462138189902423,0.24851904809474945,513139200,0.24851904809474945
1994-10-03,0.24805812386711898,0.28125588392732936,0.23975932407755604,0.2729562222957611,1893091200,0.2729562222957611
1994-10-10,0.27387814508570935,0.31629761223313985,0.27295604859896344,0.30338752269744873,2664390400,0.30338752269744873
1994-10-17,0.30154264265977426,0.3153748098163627,0.28678835400852837,0.31445273756980896,1664611200,0.31445273756980896
1994-10-24,0.3153747166852677,0.3227522774411568,0.3061538245743242,0.31076428294181824,1135489600,0.31076428294181824
1994-10-31,0.3098422413360504,0.32079248204308364,0.295087979047164,0.2978542447090149,1095315200,0.2978542447090149
1994-11-07,0.2978541558076414,0.31721970871988575,0.29600996283414965,0.30338752269744873,1083600000,0.30338752269744873
1994-11-14,0.3052250346616813,0.3181739599588196,0.2932009549774059,0.29597556591033936,792120000,0.29597556591033936
1994-11-21,0.2959755973771049,0.29782531349759883,0.2691528736201818,0.2793272137641907,838969600,0.2793272137641907
1994-11-28,0.27840232394134906,0.2913512497122039,0.26360284244304505,0.27054014801979065,1076420800,0.27054014801979065
1994-12-05,0.27007770519228236,0.28395147558222944,0.2571287803805306,0.2682279646396637,986249600,0.2682279646396637
1994-12-12,0.26915288389808806,0.28395152725749356,0.26267800044593403,0.27562692761421204,1062084800,0.27562692761421204
1994-12-19,0.2756268021453113,0.29135114852744315,0.2756268021453113,0.28765085339546204,892371200,0.28765085339546204
1994-12-26,0.29042542412195077,0.2950505890442937,0.28302653840051917,0.2885757088661194,365512000,0.2885757088661194
1995-01-02,0.28765094275691655,0.319098805555105,0.28025202966570834,0.31077420711517334,1412812800,0.31077420711517334
1995-01-09,0.30799962072532455,0.35563260279926845,0.30337445413521225,0.3320477306842804,2665857600,0.3320477306842804
1995-01-16,0.3320477728617205,0.3477713110802921,0.3144737034474844,0.31539857387542725,1961400000,0.31539857387542725
1995-01-23,0.3098493837020916,0.3153985817094648,0.2885758567457989,0.2950507402420044,1678667200,0.2950507402420044
1995-01-30,0.29690046070319936,0.3116991290736147,0.2950507444729629,0.2996750473976135,1124524800,0.2996750473976135
1995-02-06,0.30152474299076404,0.3269601711675569,0.29227611383390467,0.3237231373786926,1673851200,0.3237231373786926
1995-02-13,0.32275825961691335,0.33017748785549134,0.3153381645679474,0.3153381645679474,974030400,0.3153381645679474
1995-02-20,0.316265562699709,0.3171929507077125,0.285659479962681,0.2893691062927246,1478523200,0.2893691062927246
1995-02-27,0.28380485336036976,0.30235381367297914,0.28195002667397917,0.29864418506622314,1130740800,0.29864418506622314
1995-03-06,0.29493441567426937,0.29957145541075714,0.28009509105187974,0.2930796146392822,982475200,0.2930796146392822
1995-03-13,0.2940070670418345,0.2940070670418345,0.25598090086785047,0.2606179416179657,2316966400,0.2606179416179657
1995-03-20,0.2606179488091238,0.29307968679149216,0.25969053568030714,0.2800951600074768,1272611200,0.2800951600074768
1995-03-27,0.27916767590811875,0.27916767590811875,0.25134298587746023,0.2615452706813812,1786131200,0.2615452706813812
1995-04-03,0.2634001392023579,0.2819499355657085,0.2494882005691276,0.2726750373840332,1865908800,0.2726750373840332
1995-04-10,0.2736024338741088,0.29400703032395636,0.2680379807156988,0.2838047444820404,981388800,0.2838047444820404
1995-04-17,0.2828773881200335,0.29307970077022805,0.2643275891657455,0.29029664397239685,1715504000,0.29029664397239685
1995-04-24,0.28936917287443475,0.29400703032395636,0.276384648070306,0.2838047444820404,1111499200,0.2838047444820404
1995-05-01,0.28380467357587014,0.29586178238022914,0.2782393797633697,0.2884416878223419,978398400,0.2884416878223419
1995-05-08,0.2958617732481199,0.32414933500134707,0.29493436052104743,0.3236856162548065,2156548800,0.3236856162548065
1995-05-15,0.3199760876186179,0.3292501681834095,0.3153382300576866,0.31719303131103516,1683180800,0.31719303131103516
1995-05-22,0.3162126468174343,0.33016316203498486,0.3143526774605253,0.3176076114177704,1210630400,0.3176076114177704
1995-05-29,0.31714268380072475,0.31900347300933185,0.3050521111113512,0.3134227693080902,648334400,0.3134227693080902
1995-06-05,0.3152827120019311,0.3301632142513343,0.31342276718555717,0.32365337014198303,1017206400,0.32365337014198303
1995-06-12,0.3273732446979961,0.3320239881564215,0.3227233704538575,0.32644328474998474,638075200,0.32644328474998474
1995-06-19,0.32644338757190877,0.3729456463522442,0.32365345717972493,0.36271506547927856,2539958400,0.36271506547927856
1995-06-26,0.3589951289835225,0.3608550741911325,0.3376039337455368,0.3455095887184143,1034286400,0.3455095887184143
1995-07-03,0.3459745888596465,0.3664349295788905,0.34039385926481813,0.36178505420684814,787662400,0.36178505420684814
1995-07-10,0.36178508040365004,0.3710857010356889,0.34318383913957234,0.36271506547927856,1426689600,0.36271506547927856
1995-07-17,0.3636449148812926,0.3701547587570894,0.3199334441962492,0.3255133032798767,2090984000,0.3255133032798767
1995-07-24,0.3273732895300572,0.3534143570936277,0.32551334454463077,0.338533878326416,1235718400,0.338533878326416
1995-07-31,0.3385338166394823,0.3394638013800842,0.3236533405837603,0.32923319935798645,1050817600,0.32923319935798645
1995-08-07,0.3283033507918961,0.3320241108424722,0.31156289831132206,0.3203985393047333,1168328000,0.3203985393047333
1995-08-14,0.3208067538020747,0.3394579177654632,0.31987423046738345,0.3347953259944916,1265958400,0.3347953259944916
1995-08-21,0.33479536948496524,0.3450530527916054,0.3291994318703944,0.33386287093162537,1164900800,0.33386287093162537
1995-08-28,0.33479545549209794,0.33572797918748576,0.31707596132509697,0.3203406035900116,899819200,0.3203406035900116
1995-09-04,0.32453686439623197,0.33805918912911787,0.31894090187917346,0.33386287093162537,817835200,0.33386287093162537
1995-09-11,0.3347953797478033,0.33945797226738084,0.26485158616391885,0.26764997839927673,2584019200,0.26764997839927673
1995-09-18,0.27137996782990154,0.27977260202032334,0.267649899888887,0.27650880813598633,2179296000,0.27650880813598633
1995-09-25,0.2853687157059987,0.2854848609401129,0.25925655768574124,0.27790772914886475,1631952000,0.27790772914886475
1995-10-02,0.2816386230095794,0.2872337150104141,0.26578415236940034,0.2662504017353058,1501707200,0.2662504017353058
1995-10-09,0.26391908330055275,0.27511013796505407,0.2508630064239918,0.2685825228691101,1502950400,0.2685825228691101
1995-10-16,0.2704475397566099,0.2951609201385085,0.2583239866760119,0.26205405592918396,2204316800,0.26205405592918396
1995-10-23,0.2620540877832869,0.26485163383760046,0.2545939483701222,0.2592565417289734,824678400,0.2592565417289734
1995-10-30,0.26018897531631796,0.27697511902548394,0.2583239533813544,0.27231255173683167,990281600,0.27231255173683167
1995-11-06,0.2723126674929585,0.305884944279887,0.2713801436778312,0.29655978083610535,1890212800,0.29655978083610535
1995-11-13,0.3002897290652155,0.3170758730829438,0.2946946382549893,0.29935720562934875,1327547200,0.29935720562934875
1995-11-20,0.30122525898468766,0.3021606876267284,0.2834513903639144,0.3007575571537018,548822400,0.3007575571537018
1995-11-27,0.30403152997227195,0.30403152997227195,0.27783802832587773,0.2815805673599243,776496000,0.2815805673599243
1995-12-04,0.30028974809030073,0.30028974809030073,0.283451312723783,0.2946772277355194,1328667200,0.2946772277355194
1995-12-11,0.29561266618037985,0.29654806961796504,0.25725782787107687,0.2638057768344879,2034491200,0.2638057768344879
1995-12-18,0.26287034389936254,0.263805747231983,0.23667685234069433,0.24135394394397736,2030672000,0.24135394394397736
1995-12-25,0.24322567903028625,0.24977362804338746,0.23667688069503795,0.23854771256446838,962203200,0.23854771256446838
1996-01-01,0.2413539889662948,0.25632244348526,0.23480603951619203,0.25632244348526,1315238400,0.25632244348526
1996-01-08,0.25819321401697226,0.2656765901728427,0.24135393151229012,0.2535152733325958,1896585600,0.2535152733325958
1996-01-15,0.25257994284812535,0.2600641712233298,0.21983849207222628,0.22358018159866333,2480016000,0.22358018159866333
1996-01-22,0.2226447535625664,0.25445077579619946,0.21422512151847242,0.2291935533285141,3324876800,0.2291935533285141
1996-01-29,0.21703221766983094,0.22264473912027113,0.20101183873986064,0.218903049826622,2172520000,0.218903049826622
1996-02-05,0.2221770646287787,0.2245155988671264,0.2058063257575425,0.20767717063426971,1374128000,0.20767717063426971
1996-02-12,0.2104834026567328,0.2160967730114961,0.20487086913415123,0.20580628514289856,864483200,0.20580628514289856
1996-02-19,0.20954800279721122,0.22638644249847395,0.20954800279721122,0.22358018159866333,956222400,0.22358018159866333
1996-02-26,0.22451555792044442,0.22545098643322403,0.1992574892714651,0.20112833380699158,799377600,0.20112833380699158
1996-03-04,0.203935450889591,0.2048708794354058,0.1870961758107756,0.19458039104938507,814116800,0.19458039104938507
1996-03-11,0.1964512463670572,0.19738666247386413,0.19083871225611387,0.19364498555660248,517585600,0.19364498555660248
1996-03-18,0.1941127106015626,0.198322114811172,0.18616077970438302,0.18990331888198853,567033600,0.18990331888198853
1996-03-25,0.190838700622992,0.19270954521259703,0.1721285810625046,0.18382219970226288,1216880000,0.18382219970226288
1996-04-01,0.18803160209757122,0.19364498553004808,0.17961280717732767,0.18054823577404022,418364800,0.18054823577404022
1996-04-08,0.17867738848996378,0.19832208817909036,0.1777419599067619,0.19083870947360992,758374400,0.19083870947360992
1996-04-15,0.19083870804813444,0.19458039737292598,0.18148364790390453,0.18756389617919922,659948800,0.18756389617919922
1996-04-22,0.18896699667460395,0.19083867787330622,0.1805482032699936,0.18522530794143677,772676800,0.18522530794143677
1996-04-29,0.18709619009088413,0.18709619009088413,0.17587028479226505,0.17867739498615265,667184000,0.17867739498615265
1996-05-06,0.18616075490232348,0.20487088784036353,0.1852253388081658,0.20393545925617218,1038486400,0.20393545925617218
1996-05-13,0.2030000312999467,0.21609678011535483,0.1992574928396477,0.20674172043800354,930384000,0.20674172043800354
1996-05-20,0.2086125411884162,0.21048338554383847,0.1927095210901976,0.2001928985118866,638075200,0.2001928985118866
1996-05-27,0.200192977537795,0.2039355045581107,0.18522537995386426,0.19551587104797363,587484800,0.19551587104797363
1996-06-03,0.1936449655554227,0.19458038156561253,0.17587026279712464,0.1824190616607666,2027670400,0.1824190616607666
1996-06-10,0.18241903989923858,0.18651192316795628,0.17867735132477583,0.17914505302906036,747723200,0.17914505302906036
1996-06-17,0.18054819979244036,0.18054819979244036,0.16745145264649405,0.16932229697704315,779564800,0.16932229697704315
1996-06-24,0.16932233106473404,0.16932233106473404,0.14687050842394456,0.15716099739074707,1118980800,0.15716099739074707
1996-07-01,0.15809636082462236,0.16090263319541942,0.144064199608734,0.1459350436925888,615753600,0.1459350436925888
1996-07-08,0.1468704711647563,0.14874131539733115,0.12909662036825187,0.1351768672466278,1106268800,0.1351768672466278
1996-07-15,0.1356445937560034,0.1627735200012239,0.11974158428231617,0.1552901417016983,1819070400,0.1552901417016983
1996-07-22,0.15622557829964193,0.1646452099084854,0.14874135029148186,0.1646452099084854,784515200,0.1646452099084854
1996-07-29,0.16464519427727495,0.17025772775883147,0.15809639547160045,0.1618380844593048,715993600,0.1618380844593048
1996-08-05,0.1618380475176652,0.1749347928173036,0.15529009952885311,0.1730639487504959,775364800,0.1730639487504959
1996-08-12,0.1749347948455063,0.1768064882560287,0.16558058689304433,0.16838684678077698,576094400,0.16838684678077698
1996-08-19,0.16745148968753357,0.17961281111332986,0.16745148968753357,0.17867739498615265,842564800,0.17867739498615265
1996-08-26,0.1786774099623669,0.18709620577273703,0.17587029953319558,0.1814836710691452,755238400,0.1814836710691452
1996-09-02,0.1805482476591524,0.1842899248222077,0.16932234186755793,0.1721286028623581,690166400,0.1721286028623581
1996-09-09,0.16932233106473404,0.17025774717330933,0.1515484632691937,0.15716099739074707,878684800,0.15716099739074707
1996-09-16,0.16090267682744205,0.1805482249442054,0.15996724828683936,0.17119315266609192,1075804800,0.17119315266609192
1996-09-23,0.1711931441971377,0.1711931441971377,0.1646451946969796,0.16698375344276428,483448000,0.16698375344276428
1996-09-30,0.16558061599348542,0.18522531296221117,0.16464518753982182,0.17072543501853943,1262688000,0.17072543501853943
1996-10-07,0.17212860973080102,0.18428993217592352,0.17119318103518477,0.1814836710691452,768745600,0.1814836710691452
1996-10-14,0.18335451017330245,0.20767716678458378,0.18148366533125485,0.1987898200750351,2376774400,0.1987898200750351
1996-10-21,0.1983220914456183,0.19925750755419358,0.18148365224868712,0.18335449695587158,723318400,0.18335449695587158
1996-10-28,0.18803162197831808,0.18803162197831808,0.1665160750272092,0.1814836710691452,982228800,0.1814836710691452
1996-11-04,0.18241906701049876,0.19645123183727264,0.17774194935228801,0.19645123183727264,993473600,0.19645123183727264
1996-11-11,0.1973866231358051,0.1973866231358051,0.18709614872932434,0.18709614872932434,498344000,0.18709614872932434
1996-11-18,0.18709617472875736,0.18990328469215828,0.18241906949683162,0.1889670193195343,554948800,0.1889670193195343
1996-11-25,0.18990329612326565,0.19083871222994434,0.17961280717732767,0.18054823577404022,323265600,0.18054823577404022
1996-12-02,0.18054826134453558,0.19083873925784844,0.17867741637618234,0.1880316287279129,1012860800,0.1880316287279129
1996-12-09,0.18896705493049407,0.18990332047955788,0.17399945855140686,0.17399945855140686,682393600,0.17399945855140686
1996-12-16,0.17587023973464966,0.17680650494427935,0.1599672204043649,0.17587023973464966,1194883200,0.17587023973464966
1996-12-23,0.17961274606132221,0.1814835901281299,0.17119310468368823,0.1730639487504959,611800000,0.1730639487504959
1996-12-30,0.17306402717426245,0.17399945587656954,0.15529016989841649,0.16277354955673218,908376000,0.16277354955673218
1997-01-06,0.1319028881880725,0.13751627053625468,0.1290966279200667,0.13658000528812408,4760268800,0.13658000528812408
1997-01-13,0.13845169355696596,0.13845169355696596,0.12441952968571222,0.12535494565963745,1991068800,0.12535494565963745
1997-01-20,0.12629038095474243,0.13096748605742115,0.12535495244018702,0.12629038095474243,1142702400,0.12629038095474243
1997-01-27,0.1281612293578211,0.12909664541054608,0.12348327479187564,0.12441954016685486,915868800,0.12441954016685486
1997-02-03,0.12629045153455132,0.12722586808184919,0.11319369560943929,0.11833851784467697,2110012800,0.11833851784467697
1997-02-10,0.12067698232524514,0.122547826621082,0.11599987783066858,0.12208012491464615,934830400,0.12208012491464615
1997-02-17,0.12441958937424705,0.13377380356117946,0.11974163295819072,0.12254789471626282,945604800,0.12254789471626282
1997-02-24,0.12161245942115784,0.13003210520139982,0.12161245942115784,0.12161245942115784,583721600,0.12161245942115784
1997-03-03,0.12348330765962601,0.12722583467896775,0.11974161747272807,0.12348330765962601,516723200,0.12348330765962601
1997-03-10,0.12441952419657203,0.12535494012922857,0.11974157023108095,0.12395097315311432,604195200,0.12395097315311432
1997-03-17,0.12161243019639252,0.1309674900060292,0.11880615705815127,0.12441954016685486,981556800,0.12441954016685486
1997-03-24,0.12348324570953696,0.14406420507713844,0.12032661539483525,0.1393871009349823,1429523200,0.1393871009349823
1997-03-31,0.1393871420852406,0.14687050842394456,0.1290966531184381,0.14406424760818481,2437041600,0.14406424760818481
1997-04-07,0.14780590817231784,0.14874132409830929,0.13564457687210119,0.13658000528812408,890624000,0.13658000528812408
1997-04-14,0.1375163048505783,0.14406425543651719,0.1347091945599776,0.1375163048505783,695531200,0.1375163048505783
1997-04-21,0.13938711036698523,0.13938711036698523,0.1300320521275836,0.13096746802330017,400612800,0.13096746802330017
1997-04-28,0.132838304041632,0.1347091482067214,0.12535492738127443,0.12722577154636383,530488000,0.12722577154636383
1997-05-05,0.12722577501737609,0.13096746344963672,0.12254782139998358,0.12769348919391632,567168000,0.12769348919391632
1997-05-12,0.1290966123342514,0.13470914468269424,0.1272257682181038,0.1290966123342514,689942400,0.1290966123342514
1997-05-19,0.13096748605742115,0.13190290208194377,0.12348327106891314,0.12629038095474243,403132800,0.12629038095474243
1997-05-26,0.12535495621957984,0.1309674900060292,0.1225478462491175,0.12441954016685486,458136000,0.12441954016685486
1997-06-02,0.12722579009752003,0.12816121856147736,0.12348326438960432,0.12535494565963745,304718400,0.12535494565963745
1997-06-09,0.12488730797854487,0.12675815356318038,0.11787080332600816,0.11833851784467697,530017600,0.11833851784467697
1997-06-16,0.11880614116438351,0.12348325827240779,0.11506446496400814,0.11646759510040283,617120000,0.11646759510040283
1997-06-23,0.11599987166846955,0.11693530001171129,0.1094510739038262,0.10991878807544708,949267200,0.10991878807544708
1997-06-30,0.11038650218097305,0.11038650218097305,0.09728975598160122,0.10243541747331619,1058601600,0.10243541747331619
1997-07-07,0.10430630800167266,0.11599992312635922,0.09541895417151573,0.11366136372089386,1656636800,0.11366136372089386
1997-07-14,0.11412898026593352,0.1356445102129067,0.11132272137699538,0.12979812920093536,2339444800,0.12979812920093536
1997-07-21,0.13143523586269107,0.13237065214020652,0.11693535305350829,0.12161245942115784,1078996800,0.12161245942115784
1997-07-28,0.12301553946604252,0.14359650015830994,0.12161240938208812,0.14359650015830994,1301787200,0.14359650015830994
1997-08-04,0.14359650876840221,0.22124157808574751,0.14359650876840221,0.2006606161594391,10618529600,0.2006606161594391
1997-08-11,0.1969189858945696,0.19785440212122127,0.1529516129839596,0.17399945855140686,4496228800,0.17399945855140686
1997-08-18,0.1744670994446405,0.18803154703694025,0.17025769697212664,0.1768064945936203,1318217600,0.1768064945936203
1997-08-25,0.17680656632581937,0.17727426818693764,0.16090270464215325,0.16277354955673218,760816000,0.16277354955673218
1997-09-01,0.16464523227940223,0.17399945690773225,0.16417751792547688,0.16604836285114288,729422400,0.16604836285114288
1997-09-08,0.16651610304903366,0.17306405506011532,0.15903188535242035,0.16511297225952148,931806400,0.16511297225952148
1997-09-15,0.16370977561144356,0.1683868805249509,0.16090266583915136,0.16417747735977173,581996800,0.16417747735977173
1997-09-22,0.16558059464969427,0.1725962571877055,0.15716095278002304,0.15949951112270355,1055040000,0.15949951112270355
1997-09-29,0.1623058060894974,0.16698376061414666,0.1599672472432796,0.1655806303024292,735918400,0.1655806303024292
1997-10-06,0.16604834018517378,0.17025774381583814,0.15856412467175313,0.16979002952575684,769160000,0.16979002952575684
1997-10-13,0.17025772193099764,0.18522531420165775,0.14874133107882503,0.15061302483081818,2313169600,0.15061302483081818
1997-10-20,0.15061301883562453,0.15108072055693703,0.12348325894177027,0.12395097315311432,1613304000,0.12395097315311432
1997-10-27,0.1253549938567057,0.1384517467895344,0.11880619272903674,0.12745968997478485,1306300800,0.12745968997478485
1997-11-03,0.13143521840525704,0.14967678888169964,0.12769352881210008,0.14780594408512115,2094422400,0.14780594408512115
1997-11-10,0.15716095605279298,0.1609026444829878,0.13096746337732748,0.13798396289348602,2331347200,0.13798396289348602
1997-11-17,0.14125795565071192,0.14172565735687315,0.1337737291496409,0.1361122876405716,657204800,0.1361122876405716
1997-11-24,0.1314352082470286,0.1347091832654967,0.12629038857657388,0.13283833861351013,464508800,0.13283833861351013
1997-12-01,0.13237069031708687,0.13424153590172236,0.11646767226004148,0.11833851784467697,1248217600,0.11833851784467697
1997-12-08,0.11646761414784003,0.11787074451370655,0.10383857279771144,0.10570941120386124,989016000,0.10570941120386124
1997-12-15,0.10570938544762576,0.10898337215698106,0.09916143700897613,0.10243541747331619,1009478400,0.10243541747331619
1997-12-22,0.10383858388591607,0.10477400631138664,0.09682207574004274,0.09962918609380722,824017600,0.09962918609380722
1997-12-29,0.09962919643170687,0.12161245942115784,0.0954189551253748,0.12161245942115784,1745172800,0.12161245942115784
1998-01-05,0.12348325494150907,0.14967674873201886,0.11038650804625418,0.1361122876405716,5166537600,0.1361122876405716
1998-01-12,0.1304997938955032,0.14920907928621158,0.12816124719323302,0.14079028367996216,2548145600,0.14079028367996216
1998-01-19,0.14266106966835035,0.1478058877764436,0.13891938150064073,0.1459350436925888,994660800,0.1459350436925888
1998-01-26,0.14546738490639446,0.14733822970219493,0.13658003841654023,0.13704775273799896,784123200,0.13704775273799896
1998-02-02,0.1384517401456833,0.13985487082373768,0.13003210675488844,0.1384517401456833,1650163200,0.1384517401456833
1998-02-09,0.13751625156025707,0.14874130357335613,0.13751625156025707,0.1459350436925888,1540100800,0.1459350436925888
1998-02-16,0.14593506632275274,0.15669325518267593,0.14593506632275274,0.14967675507068634,1402419200,0.14967675507068634
1998-02-23,0.15061300275175465,0.17867733874917865,0.1496767375969361,0.1768064945936203,2761483200,0.1768064945936203
1998-03-02,0.17633793489548394,0.18522527790518964,0.1618380472061296,0.18288671970367432,2893934400,0.18288671970367432
1998-03-09,0.17774195632998036,0.2039354549365728,0.16838689630412865,0.2030000388622284,3812692800,0.2030000388622284
1998-03-16,0.20300006602303353,0.20393548222253383,0.19364500474550245,0.19738668203353882,1465150400,0.19738668203353882
1998-03-23,0.19411265883853576,0.2095479653300624,0.18428988563314447,0.20159603655338287,1936603200,0.20159603655338287
1998-03-30,0.20019292784026316,0.20814485747039146,0.20019292784026316,0.20253148674964905,1101856000,0.20253148674964905
1998-04-06,0.20206370610044652,0.20206370610044652,0.18475755900713997,0.19177407026290894,1035798400,0.19177407026290894
1998-04-13,0.19177412447663356,0.2217092983532246,0.18709617003969606,0.2090802639722824,3603779200,0.2090802639722824
1998-04-20,0.20674171765994548,0.22077389481632917,0.2034677303406147,0.2090802639722824,1841593600,0.2090802639722824
1998-04-27,0.20019295038871654,0.21141884377234454,0.19645126070827246,0.2095480114221573,1200528000,0.2095480114221573
1998-05-04,0.21609685242402568,0.22919360562176885,0.21609685242402568,0.22778962552547455,2711150400,0.22778962552547455
1998-05-11,0.23106430784961363,0.23667685275547354,0.21890299036164734,0.2212415486574173,1672518400,0.2212415486574173
1998-05-18,0.21983849667485064,0.22358018627962514,0.20440318710033356,0.2086125910282135,1038419200,0.2086125910282135
1998-05-25,0.21001566730471177,0.21141879750530762,0.1917741128847543,0.1992574781179428,1197179200,0.1992574781179428
1998-06-01,0.19832207324871826,0.20674171673579794,0.19177412361939203,0.20112833380699158,923596800,0.20112833380699158
1998-06-08,0.20206377298352043,0.21703221621210061,0.20066064263033473,0.21048341691493988,1035574400,0.21048341691493988
1998-06-15,0.20393545393150353,0.21375737886886423,0.20019292784026316,0.20253148674964905,711076800,0.20253148674964905
1998-06-22,0.2020637168051151,0.21562817658700295,0.20019287269099445,0.2109510600566864,942345600,0.2109510600566864
1998-06-29,0.21141879899343494,0.22498327365693685,0.2100156687829628,0.21703219413757324,909473600,0.21703219413757324
1998-07-06,0.2207738940262489,0.251644483819292,0.2179676084854086,0.23995086550712585,2314368000,0.23995086550712585
1998-07-13,0.23901551530288684,0.285322272136708,0.23854778845168784,0.27596721053123474,5049788800,0.27596721053123474
1998-07-20,0.2736284271483338,0.2769023875254114,0.25304746334594314,0.2595962584018707,1518540800,0.2595962584018707
1998-07-27,0.2563223999586806,0.2750316659669617,0.2469673422935103,0.2591286599636078,1432737600,0.2591286599636078
1998-08-03,0.25632246597731395,0.279708854670599,0.24883823806109742,0.2731609046459198,1786400000,0.2731609046459198
1998-08-10,0.2717578456761054,0.3068378658176801,0.2712901437156472,0.3030961751937866,3779406400,0.3030961751937866
1998-08-17,0.30683776593236295,0.32741874381914404,0.29187018396670295,0.3218062222003937,3228120000,0.3218062222003937
1998-08-24,0.32508019624256834,0.3255479230472805,0.2553870538153864,0.2558547556400299,3558721600,0.2558547556400299
1998-08-31,0.2600641405749331,0.27970883886089104,0.229193525710301,0.2628704011440277,3367324800,0.2628704011440277
1998-09-07,0.2843868283986625,0.29654815054892364,0.2675475385414188,0.2815805673599243,1636656000,0.2815805673599243
1998-09-14,0.2862577560554931,0.2904671486475162,0.26614447339276076,0.27503183484077454,1513971200,0.27503183484077454
1998-09-21,0.2670798508138159,0.2960804643544006,0.26427358962672837,0.2899993658065796,1552857600,0.2899993658065796
1998-09-28,0.2974834721804123,0.30075745886759714,0.25538697381937847,0.26240262389183044,1723523200,0.26240262389183044
1998-10-05,0.2544507451344481,0.26380580468034887,0.2132896671875941,0.2628704011440277,2782550400,0.2628704011440277
1998-10-12,0.28064422041401105,0.3091771235649226,0.2656766409023497,0.2745639979839325,5300780800,0.2745639979839325
1998-10-19,0.274564035523728,0.2857899277778602,0.2628704164940572,0.26567667722702026,1961836800,0.26567667722702026
1998-10-26,0.2698868535935318,0.29140240506211823,0.2624026274396193,0.27783793210983276,2039968000,0.27783793210983276
1998-11-02,0.28064434911591973,0.29467738092216383,0.2787735163518031,0.28485459089279175,2656561600,0.28485459089279175
1998-11-09,0.28204823084275277,0.285322218262673,0.2450965425915571,0.26707980036735535,3880195200,0.26707980036735535
1998-11-16,0.2689513751123627,0.27830560689856987,0.2600640455616363,0.26427343487739563,1670670400,0.26427343487739563
1998-11-23,0.26614431225715846,0.2754993700025148,0.26006409052105367,0.26240262389183044,1354606400,0.26240262389183044
1998-11-30,0.25866101631855426,0.2759671828583038,0.2366769322540498,0.24509656429290771,3737126400,0.24509656429290771
1998-12-07,0.24977366671578807,0.25445075960354896,0.2366769173396718,0.252579927444458,2920870400,0.252579927444458
1998-12-14,0.2460319504192256,0.2647412191996203,0.24135398374245573,0.2633380889892578,2262612800,0.2633380889892578
1998-12-21,0.2647412034067268,0.3030960164686102,0.2563224226467665,0.2937409579753876,2943270400,0.2937409579753876
1998-12-28,0.29187014184770493,0.3105802598415171,0.29187014184770493,0.3063700199127197,1621715200,0.3063700199127197
1999-01-04,0.3152573191248493,0.35080586730230073,0.29935431378563393,0.33677369356155396,5819419200,0.33677369356155396
1999-01-11,0.34238624428218495,0.3540798608466806,0.2993543408415389,0.30917710065841675,5159392000,0.30917710065841675
1999-01-18,0.3138543345018005,0.31666059568888805,0.27737034114226833,0.2899993658065796,2259264000,0.2899993658065796
1999-01-25,0.2937411100628764,0.31104810588353715,0.2904671463988954,0.3082418441772461,1889328000,0.3082418441772461
1999-02-01,0.31198339452919494,0.3138542514790764,0.2656766499417938,0.27175772190093994,2165800000,0.27175772190093994
1999-02-08,0.27456416785707666,0.29748369018754023,0.269419345706941,0.28204837441444397,2727110400,0.28204837441444397
1999-02-15,0.2909347624355382,0.2909347624355382,0.26614439273266305,0.2783057391643524,1458150400,0.2783057391643524
1999-02-22,0.2797088072573027,0.2960803656983893,0.25819325436955903,0.26053181290626526,1765456000,0.26053181290626526
1999-03-01,0.26053186426035907,0.26427355366061034,0.24229029472437486,0.24837054312229156,2299539200,0.24837054312229156
1999-03-08,0.24883824492979761,0.25959643566527935,0.2394831845969016,0.24837054312229156,2161700800,0.24837054312229156
1999-03-15,0.2493058969296646,0.2698868706738412,0.24603193497107634,0.25070902705192566,1881891200,0.25070902705192566
1999-03-22,0.2544506913139254,0.26333804721184306,0.2432256514118284,0.2488381713628769,2063118400,0.2488381713628769
1999-03-29,0.25070911980315197,0.2778380524810666,0.2502414179160569,0.26988697052001953,1807803200,0.26988697052001953
1999-04-05,0.26941931138474373,0.2867254580168037,0.2689515844433572,0.27503183484077454,2066288000,0.27503183484077454
1999-04-12,0.2619350311354884,0.2773703420155556,0.2567902106162726,0.26520901918411255,3725926400,0.26520901918411255
1999-04-19,0.26707969315435365,0.2951448614054396,0.25070896326428155,0.2932731807231903,3584089600,0.2932731807231903
1999-04-26,0.2956127422276074,0.35267683803147576,0.2937410355886686,0.3442572057247162,6250608000,0.3442572057247162
1999-05-03,0.3447248709757649,0.3741932062207022,0.3199345028680612,0.3433217406272888,3728838400,0.3433217406272888
1999-05-10,0.34987061630643657,0.35127374696132513,0.32601567154834926,0.3320959210395813,1768872000,0.3320959210395813
1999-05-17,0.32741867797722013,0.34425711374973406,0.3180636195115565,0.3288218080997467,1808318400,0.3288218080997467
1999-05-24,0.32648325638720643,0.33209580197458927,0.30637000891330235,0.3297572433948517,1602876800,0.3297572433948517
1999-05-31,0.3367737979859931,0.3606287380525994,0.32928956998931913,0.36016103625297546,1839275200,0.36016103625297546
1999-06-07,0.3601610215115412,0.36670897133860425,0.3461279946718819,0.3475319743156433,1587824000,0.3475319743156433
1999-06-14,0.3479996570757865,0.3596924249299928,0.33770917004353457,0.35267674922943115,944955200,0.35267674922943115
1999-06-21,0.3517415366235095,0.3536123695039719,0.31478980820084923,0.3157252371311188,1545219200,0.3157252371311188
1999-06-28,0.3175959746805867,0.3512736765995456,0.31712824790259697,0.34659573435783386,1274246400,0.34659573435783386
1999-07-05,0.3437894447313921,0.41628968715667725,0.342854016234057,0.41628968715667725,3786708800,0.41628968715667725
1999-07-12,0.41535424965205187,0.4237730559853692,0.3840150850149197,0.39711183309555054,3315032000,0.39711183309555054
1999-07-19,0.4036606455929529,0.4176928226302138,0.38261196786598245,0.3989827036857605,2357320000,0.3989827036857605
1999-07-26,0.3957087265377037,0.42003136719962514,0.38074114558781375,0.41675740480422974,1734622400,0.41675740480422974
1999-08-02,0.4162897559724127,0.43406362478181776,0.39009625491314714,0.40506383776664734,1860342400,0.40506383776664734
1999-08-09,0.40670054605380507,0.46399846464211875,0.40132186630729544,0.44949859380722046,2464392000,0.44949859380722046
1999-08-16,0.4476280320837888,0.4639987696707769,0.4354667357318294,0.442950963973999,1944409600,0.442950963973999
1999-08-23,0.4443539250182397,0.4864504196477257,0.4438861984014963,0.48457956314086914,2004318400,0.48457956314086914
1999-08-30,0.48645075728675885,0.5631604237215859,0.4639989148573217,0.5500636696815491,4290182400,0.5500636696815491
1999-09-06,0.5519343255154244,0.5832734679646666,0.5500634683946404,0.5795309543609619,2739844800,0.5795309543609619
1999-09-13,0.5767246666772348,0.5921599491334515,0.5528697032292091,0.575789213180542,1719032000,0.575789213180542
1999-09-20,0.5762570171534817,0.5996442569873007,0.47148301403466675,0.48598289489746094,7261027200,0.48598289489746094
1999-09-27,0.49674086543562257,0.4995471249933685,0.42985401609953466,0.46189388632774353,4543313600,0.46189388632774353
1999-10-04,0.46680575274470226,0.5210635949598926,0.46680575274470226,0.4906598627567291,3066526400,0.4906598627567291
1999-10-11,0.4939347836461303,0.5673695817262722,0.47709547163518634,0.5580153465270996,4535585600,0.5580153465270996
1999-10-18,0.5528696684722506,0.5781277606172972,0.5121762948413486,0.5533373951911926,4093353600,0.5533373951911926
1999-10-25,0.5556761364368621,0.6066600165306504,0.5486604828326949,0.5996443629264832,2158240000,0.5996443629264832
1999-11-01,0.5987087909483004,0.6613862254614249,0.5785954910067794,0.6609176993370056,1802169600,0.6609176993370056
1999-11-08,0.6567083026855878,0.731429725662631,0.6492249243541373,0.6782246828079224,2886934400,0.6782246828079224
1999-11-15,0.670740331582382,0.7090951676965731,0.6590467151391053,0.6917890310287476,1535632000,0.6917890310287476
1999-11-22,0.6866433454626423,0.7147085448088747,0.6623215582566684,0.7114337086677551,1092851200,0.7114337086677551
1999-11-29,0.7053536091082855,0.8648531855214528,0.6978693811901757,0.860643744468689,3141185600,0.860643744468689
1999-12-06,0.8573691682779444,0.883094946574456,0.7409023749714151,0.7708375453948975,2817113600,0.7708375453948975
1999-12-13,0.766276538592029,0.7670954848882818,0.6814985105686252,0.7483853697776794,2547641600,0.7483853697776794
1999-12-20,0.7451115627445559,0.7825309526625706,0.7231274557146504,0.7745790481567383,1148190400,0.7745790481567383
1999-12-27,0.7811277114459744,0.7815954381410075,0.7109660093442249,0.7694340944290161,1071425600,0.7694340944290161
2000-01-03,0.7848695692187122,0.8419336853355974,0.7109661399053911,0.7446438670158386,3055203200,0.7446438670158386
2000-01-10,0.7633530203152129,0.7652238771901269,0.6473531494534095,0.7516594529151917,3345742400,0.7516594529151917
2000-01-17,0.7558697241202547,0.9092881377339727,0.7516594841248218,0.8330470323562622,3383878400,0.8330470323562622
2000-01-24,0.8115307935295488,0.8545627590639414,0.7530635435432974,0.7605469226837158,2068673600,0.7605469226837158
2000-01-31,0.7558696954410927,0.8232242402284533,0.7072243689514827,0.8082566857337952,2384424000,0.8082566857337952
2000-02-07,0.808256835385191,0.8765467962774025,0.7928215013620689,0.8138693571090698,1664308800,0.8138693571090698
2000-02-14,0.8180786463705271,0.8975953893978759,0.8129338021252165,0.8325793743133545,1754468800,0.8325793743133545
2000-02-21,0.824159923757354,0.8915145373104608,0.7984340981785788,0.8260307312011719,1520971200,0.8260307312011719
2000-02-28,0.8241595282221189,0.9883361170022,0.8110627832777523,0.9579331874847412,2408918400,0.9579331874847412
2000-03-06,0.9429665778198795,0.966353831288493,0.8849670205548975,0.941095769405365,1280126400,0.941095769405365
2000-03-13,0.9139661373282432,0.946707608999982,0.8531594622321728,0.9354816675186157,1859289600,0.9354816675186157
2000-03-20,0.9242565326140068,1.1253848081664743,0.910224331990358,1.0379170179367065,2306292800,1.0379170179367065
2000-03-27,1.0299661245638212,1.0832884752709848,0.9387565065154111,1.0164016485214233,1541019200,1.0164016485214233
2000-04-03,1.014062221136039,1.043998233461358,0.8737404919550295,0.9859979152679443,1948620800,0.9859979152679443
2000-04-10,0.9855302541712616,0.9934822093768935,0.78486960951582,0.8372566103935242,2892668800,0.8372566103935242
2000-04-17,0.8194826217035874,0.974771894957999,0.8162077851476985,0.8896434307098389,2042756800,0.8896434307098389
2000-04-24,0.8606435756740145,0.963546743312756,0.8587727688620712,0.9284658432006836,1778358400,0.9284658432006836
2000-05-01,0.9345459197482954,0.9448364044992734,0.8274334313434145,0.8466113209724426,1636017600,0.8466113209724426
2000-05-08,0.8388933893893307,0.8508208702119592,0.7390303888354459,0.8054503798484802,1853790400,0.8054503798484802
2000-05-15,0.8087244106863531,0.8162077886986954,0.6988047802529995,0.7034827470779419,2631921600,0.7034827470779419
2000-05-22,0.701611771305342,0.701611771305342,0.6211595884875054,0.6464176774024963,2539454400,0.6464176774024963
2000-05-29,0.6557725892880424,0.7465143921566888,0.6015148080284861,0.6927242875099182,2843254400,0.6927242875099182
2000-06-05,0.6983371129943471,0.7371596346240123,0.6712082104596383,0.7165795564651489,1677054400,0.7165795564651489
2000-06-12,0.7212565394853041,0.7217242662083838,0.6599822404364668,0.6824340224266052,1471377600,0.6824340224266052
2000-06-19,0.6777570810558073,0.8625147801790127,0.6721437094396686,0.7736437320709229,2058072800,0.7736437320709229
2000-06-26,0.7858047942881079,0.8307075542579407,0.7642884180114017,0.7839339375495911,1202012000,0.7839339375495911
2000-07-03,0.780192565549936,0.826030746036302,0.7427731685923712,0.8148048520088196,909193600,0.8148048520088196
2000-07-10,0.8096599137455319,0.9074174059660647,0.8045142198671617,0.8634499907493591,1617061600,0.8634499907493591
2000-07-17,0.8718696331720562,0.8812238683329586,0.7745790227374629,0.801707923412323,1698088000,0.801707923412323
2000-07-24,0.786740309910535,0.7970307978222897,0.7016118946930203,0.7231274247169495,1367128000,0.7231274247169495
2000-07-31,0.7357564739007489,0.7727081868138759,0.6623216741157338,0.709095299243927,1057957600,0.709095299243927
2000-08-07,0.7165796809855425,0.7343535014843408,0.6819664945039385,0.7137733697891235,1233433600,0.7137733697891235
2000-08-14,0.7123691188645089,0.7848693473395517,0.6931921264272544,0.7483853697776794,875610400,0.7483853697776794
2000-08-21,0.7521271699699837,0.8606436691076093,0.7427729850143816,0.8503531813621521,1293359200,0.8503531813621521
2000-08-28,0.8569009236964338,0.9523206487606808,0.8540946639738389,0.9495143890380859,1587896800,0.9495143890380859
2000-09-04,0.9378211545758377,0.9598044127763142,0.8643854534575476,0.8812239170074463,1067029600,0.8812239170074463
2000-09-11,0.8784174231078196,0.9036754614484986,0.8119982407218393,0.8267319798469543,1502429600,0.8267319798469543
2000-09-18,0.8269658422982769,0.9195784662626069,0.7483853674726243,0.7811276316642761,2160625600,0.7811276316642761
2000-09-25,0.7895467139392627,0.8307078237451248,0.37980577378412334,0.3854182958602905,9529973600,0.3854182958602905
2000-10-02,0.3994513633491774,0.40038679211246053,0.31432205011510833,0.3320959210395813,7414596000,0.3320959210395813
2000-10-09,0.33864467778596535,0.3423863423932542,0.28625767623371773,0.33022502064704895,4925905600,0.33022502064704895
2000-10-16,0.3339674328448944,0.34799960655081247,0.27409622551154994,0.2918700873851776,4554149600,0.2918700873851776
2000-10-23,0.3033298596686174,0.3124510791882551,0.2619349257551526,0.27783793210983276,3486067200,0.27783793210983276
2000-10-30,0.2862576892451775,0.3442572153247181,0.2806442927966128,0.3330312967300415,3206952000,0.3330312967300415
2000-11-06,0.3358383232845458,0.3386446086370919,0.2853221893310547,0.2853221893310547,2016616000,0.2853221893310547
2000-11-13,0.28064430595690826,0.3068378091519185,0.2731609510711977,0.27690261602401733,1808727200,0.27690261602401733
2000-11-20,0.2783056820998573,0.2918701312089521,0.27316086321927874,0.28906387090682983,1151483200,0.28906387090682983
2000-11-27,0.29748347750190385,0.2984189058549843,0.24135395436770649,0.25538697838783264,2215371200,0.25538697838783264
2000-12-04,0.25725784404911833,0.2609995329749496,0.20954796916113883,0.22545097768306732,3204504800,0.22545097768306732
2000-12-11,0.22732185545550698,0.23948317616541054,0.2095479883527938,0.21048341691493988,1840921600,0.21048341691493988
2000-12-18,0.21796768001106925,0.2282573220971459,0.20393551079030664,0.2245156317949295,1950043200,0.2245156317949295
2000-12-25,0.22264473140239716,0.2245155634943367,0.2123542431243162,0.22264473140239716,1477795200,0.22264473140239716
2001-01-01,0.22264475342410606,0.2769025865067609,0.2160968029845631,0.24509656429290771,2421137600,0.24509656429290771
2001-01-08,0.25351539437591075,0.276902610958353,0.23854778559574244,0.2572579085826874,2770521600,0.2572579085826874
2001-01-15,0.2609994800925741,0.2928055156721199,0.2469673313667155,0.2918700873851776,3150666400,0.2918700873851776
2001-01-22,0.28532220424705146,0.3133865330634186,0.275967144867524,0.29280558228492737,3088478400,0.29280558228492737
2001-01-29,0.2928055560009445,0.33677373911033154,0.2928055560009445,0.30870941281318665,3075693600,0.30870941281318665
2001-02-05,0.306837661608774,0.32016827022332284,0.27970876771054565,0.2862575650215149,2336924800,0.2862575650215149
2001-02-12,0.2853222721653377,0.30777408528777367,0.2769026143012754,0.28438684344291687,1395637600,0.28438684344291687
2001-02-19,0.2871930894374007,0.2984190078947956,0.26941924520966315,0.2815805673599243,1430979200,0.2815805673599243
2001-02-26,0.2853222344006099,0.30590236301191,0.257257877638267,0.28812849521636963,1799851200,0.28812849521636963
2001-03-05,0.289999421177618,0.33022511212711614,0.28812858835570926,0.3030961751937866,1979510400,0.3030961751937866
2001-03-12,0.2946772357086499,0.31993445229072826,0.2712900016466293,0.2937409579753876,2311758400,0.2937409579753876
2001-03-19,0.2956127422276074,0.35267683803147576,0.2899993459355786,0.3442572057247162,2894780000,0.3442572057247162
2001-03-26,0.34620352333898696,0.35548314571321915,0.3162675041757179,0.33033740520477295,2876350400,0.33033740520477295
2001-04-02,0.3306365691908747,0.33916853676901004,0.28064428165974864,0.3081856071949005,2166735200,0.3081856071949005
2001-04-09,0.30968170991300026,0.3445563505485194,0.3002520359828414,0.33557596802711487,1356986400,0.33557596802711487
2001-04-16,0.3306365364854574,0.38541824724460416,0.2933671763705747,0.3747916519641876,4638340000,0.3747916519641876
2001-04-23,0.36431432358701404,0.39350101333012183,0.3518906352548636,0.3921540379524231,2502152800,0.3921540379524231
2001-04-30,0.39963822555754996,0.40592468493607126,0.3586263466885003,0.3854182958602905,1873149600,0.3854182958602905
2001-05-07,0.3834729037978628,0.3855683820989382,0.34066557897676686,0.34201255440711975,1408898400,0.34201255440711975
2001-05-14,0.3426109673716178,0.38167657040617003,0.34051548943503834,0.35219067335128784,1359747200,0.35219067335128784
2001-05-21,0.35368676712616437,0.36117099384917417,0.33677374067390764,0.34066545963287354,1585455200,0.34066545963287354
2001-05-28,0.33407908397499897,0.33677385918229724,0.28887704450216184,0.3126758337020874,2192036000,0.3126758337020874
2001-06-04,0.31551971839334614,0.32479933761395813,0.3042938274324956,0.3191113770008087,1644697600,0.3191113770008087
2001-06-11,0.31507050648800633,0.32524868535930823,0.28962550895098454,0.30594009160995483,1861255200,0.30594009160995483
2001-06-18,0.30549084386550024,0.3442572147174164,0.29905520344145653,0.33318135142326355,1725976000,0.33318135142326355
2001-06-25,0.33677380422372427,0.375689377452725,0.33602530147397786,0.3479997217655182,1950261600,0.3479997217655182
2001-07-02,0.3538368760161413,0.36266805405660985,0.32509860811081803,0.3297388553619385,797804000,0.3297388553619385
2001-07-09,0.3306365670347177,0.37434242005349916,0.3119272947697,0.371947705745697,2272788000,0.371947705745697
2001-07-16,0.3723969707200104,0.37748563555991543,0.29172099072764296,0.29905518889427185,3369234400,0.29905518889427185
2001-07-23,0.3007014364991546,0.30683784161195315,0.2671737558571053,0.2837875783443451,1736890400,0.2837875783443451
2001-07-30,0.28618295218600853,0.29785728305869047,0.2770525406095486,0.2918700873851776,1220665600,0.2918700873851776
2001-08-06,0.28498520550840717,0.29486412035614495,0.27750097926811446,0.28468596935272217,931996800,0.28468596935272217
2001-08-13,0.2858829456633812,0.28977466480270636,0.2689698934472368,0.2704669237136841,1162744800,0.2704669237136841
2001-08-20,0.2715146191752754,0.2786987595865413,0.26313268487774516,0.277950257062912,1119389600,0.277950257062912
2001-08-27,0.27839954432590774,0.2888769317585665,0.2586416891345188,0.2776510417461395,1172948000,0.2776510417461395
2001-09-03,0.27690261084915224,0.2855837849693159,0.25744483435093257,0.25864177942276,1232470400,0.25864177942276
2001-09-10,0.25445069142796606,0.2619349173414759,0.2532537718375485,0.259989470243454,308845600,0.259989470243454
2001-09-17,0.23948320677477022,0.2652282664499315,0.21972616964211936,0.23544228076934814,2140118400,0.23544228076934814
2001-09-24,0.2411303216562237,0.25205615821492205,0.2234679325516041,0.23214910924434662,1850088800,0.23214910924434662
2001-10-01,0.23184979537742376,0.24322574416189735,0.22197085221822532,0.24157868325710297,1870943200,0.24157868325710297
2001-10-08,0.23304755320145001,0.27061615251334653,0.231999814184121,0.26956841349601746,1311744000,0.26956841349601746
2001-10-15,0.2686706121081249,0.2755555413011458,0.253852240684252,0.273909330368042,1586603200,0.273909330368042
2001-10-22,0.27256246963393904,0.2906732705029273,0.2656767132174253,0.27944737672805786,1985261600,0.27944737672805786
2001-10-29,0.277950257062912,0.2822912419631674,0.255349247842384,0.277950257062912,1299894400,0.277950257062912
2001-11-05,0.28199201927967377,0.3012997582059969,0.27735179801691767,0.280045747756958,1411239200,0.280045747756958
2001-11-12,0.2792972624761351,0.2978573243333388,0.268819849701044,0.2839374840259552,1091014400,0.2839374840259552
2001-11-19,0.284386857898511,0.3023476298514852,0.2837875609823272,0.2969597280025482,870760800,0.2969597280025482
2001-11-26,0.29845580321372317,0.3225538206498155,0.29755809467253286,0.31881213188171387,1486531200,0.31881213188171387
2001-12-03,0.31521969956314083,0.35967405279334974,0.3083347932840662,0.3373722732067108,1672613600,0.3373722732067108
2001-12-10,0.33363058395684136,0.344107973664456,0.30070135938928133,0.3051915764808655,955673600,0.3051915764808655
2001-12-17,0.3053416104501139,0.32450014838343577,0.30219839349990707,0.31432199478149414,1176106400,0.31432199478149414
2001-12-24,0.3128249489991126,0.34425713943399955,0.3128249489991126,0.3357260227203369,687663200,0.3357260227203369
2001-12-31,0.3369230549056777,0.3584771591768422,0.32674487499360183,0.3545854389667511,1689262400,0.3545854389667511
2002-01-07,0.35503382377484655,0.3592247798731003,0.30309608912342695,0.3150705099105835,2023996800,0.3150705099105835
2002-01-14,0.314471968401334,0.34036540272618704,0.3068377113388124,0.3318342864513397,2272597600,0.3318342864513397
2002-01-21,0.3333313510486789,0.35189059213655544,0.32315317248808295,0.3479997217655182,1300510400,0.3479997217655182
2002-01-28,0.3502443525251196,0.37359386944518047,0.34006619976313834,0.3653619885444641,1765097600,0.3653619885444641
2002-02-04,0.36401505263509665,0.388861577609583,0.3497951237067946,0.3596740663051605,2280000800,0.3596740663051605
2002-02-11,0.3581769281685297,0.37778475220297997,0.35533379755544386,0.357728511095047,1456112000,0.357728511095047
2002-02-18,0.35563304383440847,0.3572792548756467,0.32105761595608034,0.34036538004875183,1528928800,0.34036538004875183
2002-02-25,0.3420127070563458,0.3700024653136813,0.3134244759722657,0.3509930968284607,2523068800,0.3509930968284607
2002-03-04,0.3481489238496835,0.37554019428936813,0.3406655445827283,0.36910372972488403,1377191200,0.36910372972488403
2002-03-11,0.3682060698865358,0.3762887720487152,0.3572794114419845,0.3734447658061981,1175804000,0.3734447658061981
2002-03-18,0.3734447109301946,0.37868343106012337,0.3481489189369708,0.36057260632514954,1659767200,0.36057260632514954
2002-03-25,0.36027241627707607,0.36057247675690746,0.3442570753570045,0.3542860448360443,756828800,0.3542860448360443
2002-04-01,0.34994509612744296,0.37703630059004367,0.34844809083471273,0.37030142545700073,1234217600,0.37030142545700073
2002-04-08,0.36162034963053513,0.3771864049703235,0.3559323878742178,0.37509092688560486,1405521600,0.37509092688560486
2002-04-15,0.37509076154489107,0.3917045735837083,0.37119904333984977,0.37389299273490906,2087316000,0.37389299273490906
2002-04-22,0.37179767642666284,0.37314547604921827,0.34425720032123963,0.34440723061561584,1142528800,0.34440723061561584
2002-04-29,0.3466519869128412,0.3649128458158331,0.34560424766058284,0.3518906831741333,1238081600,0.3518906831741333
2002-05-06,0.3494958395557975,0.3670081890613086,0.3313850426331817,0.3490474224090576,1389108000,0.3490474224090576
2002-05-13,0.3520405753192432,0.38886151498139154,0.3433594283997732,0.3743423521518707,1591486400,0.3743423521518707
2002-05-20,0.3677567460046186,0.377784869676875,0.349047473923605,0.3614703118801117,1377353600,0.3614703118801117
2002-05-27,0.35458532867308046,0.365811219233594,0.3484480768445061,0.3487473130226135,933380000,0.3487473130226135
2002-06-03,0.3500951347622851,0.3509928183099926,0.31327419700607817,0.3203091323375702,1732388000,0.3203091323375702
2002-06-10,0.3215061865224825,0.3268949125503551,0.27106545170391855,0.3008514642715454,1932772800,0.3008514642715454
2002-06-17,0.30294679888203174,0.3087839643870998,0.25130746977803653,0.252206027507782,3229251200,0.252206027507782
2002-06-24,0.2510082567670389,0.2667243628947706,0.23918389442860868,0.26522818207740784,1813604800,0.26522818207740784
2002-07-01,0.2650781761880474,0.2806442285136363,0.2507090436462958,0.2804950475692749,888557600,0.2804950475692749
2002-07-08,0.2772017766542401,0.28124355108017596,0.254002316190206,0.2620849907398224,1462003200,0.2620849907398224
2002-07-15,0.26088730364777996,0.27839965826718654,0.21748068103235452,0.2239171713590622,2902916800,0.2239171713590622
2002-07-22,0.2207738910559055,0.22780882697377589,0.2065547883107423,0.2146366387605667,1924440000,0.2146366387605667
2002-07-29,0.21673207635213468,0.23214894538643666,0.21328962416677955,0.2162836343050003,1348513600,0.2162836343050003
2002-08-05,0.21718145717082304,0.2302036195609237,0.20909877961778678,0.2245156317949295,1242617600,0.2245156317949295
2002-08-12,0.22301854197065224,0.24098015745520043,0.21763064185879274,0.23663917183876038,1416021600,0.23663917183876038
2002-08-19,0.23619078358716195,0.24322574584390924,0.23125132446343913,0.23544228076934814,1027168800,0.23544228076934814
2002-08-26,0.23873468959459576,0.23873468959459576,0.2171814118643064,0.22077392041683197,1057862400,0.22077392041683197
2002-09-02,0.21688217495346387,0.22122318626535903,0.21029650465248328,0.21523596346378326,1105367200,0.21523596346378326
2002-09-09,0.21373895378166077,0.2185283822091684,0.2102965005779995,0.21209274232387543,1162907200,0.21209274232387543
2002-09-16,0.21164348415914264,0.2258625640572948,0.21134424791338757,0.22257016599178314,1602014400,0.22257016599178314
2002-09-23,0.22092307812165432,0.22735956679605876,0.21553517767260247,0.22032460570335388,1183851200,0.22032460570335388
2002-09-30,0.21553516718388657,0.2189776199348529,0.20939793999735776,0.2099972367286682,1218190400,0.2099972367286682
2002-10-07,0.20909863797960354,0.2212230832476523,0.19996821488923525,0.21718131005764008,1671280800,0.21718131005764008
2002-10-14,0.2177798553828821,0.2282572441239335,0.20805096931507028,0.2146366387605667,1665143200,0.2146366387605667
2002-10-21,0.21343962611541917,0.2312512062938693,0.20954790805684495,0.23080193996429443,1119524000,0.23080193996429443
2002-10-28,0.2327483837398877,0.24696749250852418,0.22391720253362354,0.24487198889255524,1364820800,0.24487198889255524
2002-11-04,0.2469673984935084,0.26013873795008546,0.2322990286461038,0.23708845674991608,1330145600,0.23708845674991608
2002-11-11,0.23559144584877129,0.24562041763659234,0.22631182607112024,0.2387346625328064,911215200,0.2387346625328064
2002-11-18,0.24232716790365585,0.2460688573440429,0.22466563535016557,0.2396332174539566,1230611200,0.2396332174539566
2002-11-25,0.2399323214303266,0.24157853198189813,0.22855722909125048,0.23199968039989471,869920800,0.23199968039989471
2002-12-02,0.237987016139223,0.24098020295066966,0.21703223543226227,0.22376708686351776,1441126400,0.22376708686351776
2002-12-09,0.2236178841776954,0.2327482983623364,0.21927687318315428,0.2213723510503769,1112316800,0.2213723510503769
2002-12-16,0.2216716423472893,0.2273596299066043,0.20625477824029823,0.2116435170173645,1290604000,0.2116435170173645
2002-12-23,0.21194267754193397,0.22167156310165545,0.20969799398159492,0.21044567227363586,330624000,0.21044567227363586
2002-12-30,0.21074573641627067,0.22346780838872413,0.20715325344757035,0.22301854193210602,684650400,0.22301854193210602
2003-01-06,0.22496485278068307,0.23020354729624679,0.2161336500909029,0.22032460570335388,1352876000,0.22032460570335388
2003-01-13,0.2230185676849526,0.2230185676849526,0.21074576075192708,0.21104499697685242,1562764000,0.21104499697685242
2003-01-20,0.2126912189443095,0.21568440568437983,0.20296233161125807,0.2065548151731491,1002321600,0.2065548151731491
2003-01-27,0.2047585790983554,0.22601262111777362,0.20430931255503443,0.2149367332458496,1798988800,0.2149367332458496
2003-02-03,0.21568439242499837,0.2234678315498493,0.21059572797703133,0.21179349720478058,1252664000,0.21179349720478058
2003-02-10,0.21343976020239233,0.22032466798562284,0.2104457485801829,0.2195761650800705,1013146400,0.2195761650800705
2003-02-17,0.22077396647278683,0.22900585000614943,0.21927693563485345,0.2245156317949295,913063200,0.2245156317949295
2003-02-24,0.22242016747960547,0.22586262169771965,0.2065548720098197,0.22466570138931274,935429600,0.22466570138931274
2003-03-03,0.22466557501852488,0.2269102583430732,0.21418816294518067,0.2174805849790573,757702400,0.2174805849790573
2003-03-10,0.2171814152786374,0.22466564376194167,0.21044571455995298,0.22122319042682648,1006868800,0.22122319042682648
2003-03-17,0.22286944493681723,0.22676116556179268,0.21852843270592365,0.2245156317949295,1232336000,0.2245156317949295
2003-03-24,0.21957603548554008,0.22197074876449543,0.21403810646384575,0.21807987987995148,774838400,0.21807987987995148
2003-03-31,0.21448745408667266,0.22002538520686665,0.21014646788855693,0.21568439900875092,874104000,0.21568439900875092
2003-04-07,0.2222709012547999,0.2237670573117254,0.1935326470841021,0.19757357239723206,1972331200,0.19757357239723206
2003-04-14,0.20520695920499757,0.20580626838868382,0.19038941028004125,0.19637660682201385,2439360000,0.19637660682201385
2003-04-21,0.19652578227029108,0.20400999536298628,0.19428109912885935,0.19981902837753296,1192996000,0.19981902837753296
2003-04-28,0.2017644861969958,0.21837911166495547,0.2010159836624406,0.2162836343050003,2217152000,0.2162836343050003
2003-05-05,0.2210730562504515,0.27540548608081294,0.2207738450919453,0.273909330368042,5400701600,0.273909330368042
2003-05-12,0.2716637561864589,0.2845358792032916,0.26867057091770863,0.2813926637172699,1848280000,0.2813926637172699
2003-05-19,0.27735170112616647,0.27914794177269864,0.26343184156266186,0.2742084860801697,1552297600,0.2742084860801697
2003-05-26,0.2688198840736963,0.28288978141815196,0.2623842446579013,0.2686706781387329,1346324000,0.2686706781387329
2003-06-02,0.27091536212860917,0.27375934265930935,0.25475083626585576,0.25669628381729126,1497535200,0.25669628381729126
2003-06-09,0.25355312631507954,0.26867074113778316,0.24891287810380633,0.26073727011680603,1105546400,0.26073727011680603
2003-06-16,0.2634320171264163,0.2935172382172095,0.261186508736302,0.28738000988960266,1609048000,0.28738000988960266
2003-06-23,0.28887705595228663,0.2947142245051207,0.276603421919926,0.2803451120853424,1679053600,0.2803451120853424
2003-06-30,0.2795965825345307,0.29261874437078644,0.27705268687535656,0.28633230924606323,866213600,0.28633230924606323
2003-07-07,0.2884277402615415,0.30683777600607237,0.2863322622307083,0.29710888862609863,1064448000,0.29710888862609863
2003-07-14,0.29950361012592364,0.3170159625494665,0.29007395875961334,0.3122265338897705,1696032800,0.3122265338897705
2003-07-21,0.3096817554398095,0.322853944308744,0.30384458837697237,0.3224046528339386,971191200,0.3224046528339386
2003-07-28,0.32180625275448105,0.32180625275448105,0.3018991852449724,0.31028109788894653,992140800,0.31028109788894653
2003-08-04,0.30728700093424327,0.32180616303456044,0.2906731855992378,0.293965607881546,1037058400,0.293965607881546
2003-08-11,0.2966604287128413,0.3044430179111339,0.291271679139627,0.2950133681297302,904411200,0.2950133681297302
2003-08-18,0.2972589628752414,0.3292896355368171,0.2951634845345378,0.31252580881118774,1105266400,0.31252580881118774
2003-08-25,0.31102879062733646,0.3420125472242895,0.30459314989054626,0.3384200632572174,1111224800,0.3384200632572174
2003-09-01,0.3391684069685104,0.34904734605148435,0.33527668855396947,0.33677369356155396,950874400,0.33677369356155396
2003-09-08,0.33647452715815224,0.3463526189662009,0.3307865664241511,0.34575414657592773,966179200,0.34575414657592773
2003-09-15,0.3414132769773107,0.3450057612247249,0.3270449886724852,0.3379708230495453,1244112800,0.3379708230495453
2003-09-22,0.3319834322853655,0.33677370863571765,0.30159898547471164,0.3096816837787628,1535189600,0.3096816837787628
2003-09-29,0.32165614747865756,0.3271940782801978,0.30219837453439496,0.3246493339538574,1390900000,0.3246493339538574
2003-10-06,0.32435010647972906,0.35638162160112835,0.3230031313124874,0.3544353246688843,1637759200,0.3544353246688843
2003-10-13,0.3551838961804339,0.3743424357905339,0.33542685907372277,0.34051552414894104,2500881600,0.34051552414894104
2003-10-20,0.3382699489593506,0.3502443429815365,0.33273201841817995,0.3382699489593506,1002260000,0.3382699489593506
2003-10-27,0.3405155069960178,0.35922477910510764,0.33527681188440045,0.3426109850406647,1159519200,0.3426109850406647
2003-11-03,0.34171315061301116,0.34874726059633626,0.33602519105776174,0.33677369356155396,1481765600,0.33677369356155396
2003-11-10,0.33602529836369954,0.34006622396424485,0.3185129470968136,0.3212068974971771,1199172800,0.3212068974971771
2003-11-17,0.3195606447236144,0.31985988091358103,0.29710883773272095,0.3035453259944916,1321460000,0.3035453259944916
2003-11-24,0.3068377370699143,0.31836288975708177,0.30309604801601714,0.3129749894142151,971706400,0.3129749894142151
2003-12-01,0.31492039970003916,0.32779250097207824,0.31028100258450686,0.3120764195919037,1122245600,0.3120764195919037
2003-12-08,0.311028797646969,0.3194107108644083,0.29875598844346424,0.3126758337020874,930529600,0.3126758337020874
2003-12-15,0.3216562131242366,0.3216562131242366,0.29366646786866285,0.2948642373085022,1821601600,0.2948642373085022
2003-12-22,0.2941157222073887,0.3129750507689306,0.2881285239421457,0.31102877855300903,966733600,0.31102877855300903
2003-12-29,0.31297507386207535,0.32554796882416237,0.3122265709809011,0.31851300597190857,757405600,0.31851300597190857
2004-01-05,0.3206084491368375,0.36117108580549073,0.3206084491368375,0.3442572057247162,2379003200,0.3442572057247162
2004-01-12,0.3479997189254703,0.3717976547251203,0.33677380147529185,0.34006622433662415,3177636000,0.34006622433662415
2004-01-19,0.3393176100058133,0.3438086249907362,0.33198341462912045,0.3376713991165161,974780800,0.3376713991165161
2004-01-26,0.33617439412154176,0.34994502652299875,0.3321334698454602,0.3376713991165161,1251740000,0.3376713991165161
2004-02-02,0.3361745789701056,0.34291028080921765,0.3247994530626177,0.3399170935153961,1319981600,0.3399170935153961
2004-02-09,0.33857006826786046,0.36072181925758723,0.3358752933227291,0.3442572057247162,1292116000,0.3442572057247162
2004-02-16,0.3457542025516776,0.3538369034775174,0.3324328314875614,0.3352768123149872,913276000,0.3352768123149872
2004-02-23,0.3343791740560507,0.35952494090375187,0.32764347195795274,0.35802793502807617,1396656800,0.35802793502807617
2004-03-01,0.36072174238093296,0.41146252248707366,0.3532383646696029,0.4002366065979004,3004321600,0.4002366065979004
2004-03-08,0.39844026401934174,0.42119130123150095,0.38541810996828485,0.4125101566314697,3073274400,0.4125101566314697
2004-03-15,0.40457764130099405,0.4093670692695098,0.3800303553834999,0.3870652914047241,2228240000,0.3870652914047241
2004-03-22,0.37973115732234397,0.4095162913570249,0.3774856240640054,0.40472686290740967,2219100800,0.40472686290740967
2004-03-29,0.4096662539356564,0.4189458724999797,0.3984403387886796,0.4116116762161255,1693988800,0.4116116762161255
2004-04-05,0.41131247342309724,0.42463384137725807,0.4029305382104905,0.4120609760284424,1139700800,0.4120609760284424
2004-04-12,0.4116117500850716,0.44274470721525855,0.3938001880079237,0.43675753474235535,3471048000,0.43675753474235535
2004-04-19,0.42089213413198395,0.43032175718805177,0.40487679294894274,0.41460567712783813,2053161600,0.41460567712783813
2004-04-26,0.41280953693510347,0.41370724558305577,0.38152737442290413,0.38586753606796265,1673453600,0.38586753606796265
2004-05-03,0.38916075412409795,0.41265947590058466,0.3816765269334561,0.3991888761520386,1498319200,0.3991888761520386
2004-05-10,0.3932016268605662,0.41490492858314343,0.3882621694676326,0.40502598881721497,1288224000,0.40502598881721497
2004-05-17,0.39963818980287447,0.41161176067465255,0.39454870088291866,0.4057745933532715,1258292000,0.4057745933532715
2004-05-24,0.4084685401957359,0.43077116895875533,0.4057745898158495,0.41999366879463196,1259440000,0.41999366879463196
2004-05-31,0.41595271363229,0.4378051987152075,0.4132587636058471,0.4307711124420166,1150889600,0.4307711124420166
2004-06-07,0.434662010781054,0.4635502560383218,0.43121955808745877,0.46010780334472656,1318279200,0.46010780334472656
2004-06-14,0.4587599390160179,0.5000710618842583,0.44154767892259933,0.492587685585022,2555834400,0.492587685585022
2004-06-21,0.4957308847263851,0.5063575020699292,0.48076248319538295,0.504412055015564,1717536800,0.504412055015564
2004-06-28,0.5115961944389946,0.5117462246850051,0.444990159308354,0.465196430683136,2737319200,0.465196430683136
2004-07-05,0.46804075169308745,0.47028541164484156,0.4482828580141709,0.44948065280914307,1189216000,0.44948065280914307
2004-07-12,0.44933061650457895,0.5033646752652192,0.4301720451381571,0.48196059465408325,3919703200,0.48196059465408325
2004-07-19,0.47911624697655936,0.4895936334360731,0.45621602700446706,0.4595084488391876,1765864800,0.4595084488391876
2004-07-26,0.46175417793471923,0.49393490522499484,0.46070641380595656,0.48405593633651733,1569170400,0.48405593633651733
2004-08-02,0.4666935412749151,0.48345736420115815,0.44454096842422836,0.4457387626171112,1590002400,0.4457387626171112
2004-08-09,0.4467863094914523,0.4720812653394082,0.4461869879579989,0.46160387992858887,1518524000,0.46160387992858887
2004-08-16,0.4639987299676408,0.4768717073581549,0.4542698435989568,0.4610055685043335,1829049600,0.4610055685043335
2004-08-23,0.4619033203269511,0.5265639808037413,0.45801242467896136,0.5141411423683167,2479086400,0.5141411423683167
2004-08-30,0.5089024544665448,0.5386884416066248,0.5083039819198931,0.5273125171661377,1810222400,0.5273125171661377
2004-09-06,0.5298572386941859,0.5473695659977348,0.5273124691092377,0.5368921756744385,1434837600,0.5368921756744385
2004-09-13,0.5370411682013959,0.5594929965024501,0.5205765607274501,0.555900514125824,1773693600,0.555900514125824
2004-09-20,0.5520089259271331,0.5817949082807321,0.5509611619876172,0.5581461787223816,1800232000,0.5581461787223816
2004-09-27,0.5530566441782597,0.5877821353322124,0.5512612767730878,0.5788017511367798,1914628800,0.5788017511367798
2004-10-04,0.5864352200801292,0.6126287219261214,0.5747600349788301,0.5846389532089233,2211927200,0.5846389532089233
2004-10-11,0.5807472584061858,0.6847727130596581,0.5635341416659291,0.6810310482978821,5746624800,0.6810310482978821
2004-10-18,0.6690566463807295,0.7236891580946845,0.6690566463807295,0.7096192836761475,3815425600,0.7096192836761475
2004-10-25,0.7064760705875319,0.7962824726835808,0.7030336169906715,0.7843080759048462,3854984000,0.7843080759048462
2004-11-01,0.7858048924958485,0.8398380715985214,0.7789199869588747,0.8190333247184753,4669884800,0.8190333247184753
2004-11-08,0.8122977276286371,0.8335517692900697,0.7989763565868327,0.8307077884674072,2314362400,0.8307077884674072
2004-11-15,0.8262175685802242,0.851812594994482,0.8115491732460042,0.8257691264152527,2293328800,0.8257691264152527
2004-11-22,0.9250042313293012,0.9842769243324356,0.8666308205868347,0.966166079044342,5420592800,0.966166079044342
2004-11-29,1.032023340136012,1.0413029304799903,0.9242561910795711,0.9381759762763977,5768280000,0.9381759762763977
2004-12-06,0.9616753775760389,0.9987955631765874,0.9287470477225315,0.9751468300819397,4513997600,0.9751468300819397
2004-12-13,0.9821814903776444,1.0103204346751908,0.9669138743827844,0.9727519154548645,3118735200,0.9727519154548645
2004-12-20,0.9799360322106304,0.9878687021113769,0.9220111550115929,0.9580835700035095,3044300000,0.9580835700035095
2004-12-27,0.9699084145982152,0.9751471368066925,0.9287473398525984,0.9639211893081665,2244737600,0.9639211893081665
2005-01-03,0.9696082828972168,1.0422015258109611,0.9369783340375801,1.0365135669708252,5402241600,1.0365135669708252
2005-01-10,1.0451951088901568,1.1138974827254018,0.9474561069901061,1.0507330894470215,11192098400,1.0507330894470215
2005-01-17,1.0454942036302821,1.071687696412852,1.0140619923071494,1.055073857307434,3584610400,1.055073857307434
2005-01-24,1.0624082450161478,1.1073110103607178,1.0559717816362564,1.1073110103607178,3848196800,1.1073110103607178
2005-01-31,1.116292176828774,1.1960696057206037,1.1152444130587862,1.1800541877746582,4674762400,1.1800541877746582
2005-02-07,1.181401168844811,1.2272025126645938,1.147425086734312,1.215528130531311,4900005600,1.215528130531311
2005-02-14,1.2382788937674543,1.3602659815979135,1.2281015125205699,1.2993478775024414,7904652000,1.2993478775024414
2005-02-21,1.2917132832353215,1.3457472628828362,1.2765964468167768,1.3319766521453857,4999013600,1.3319766521453857
2005-02-28,1.3375141166037516,1.3512848229765166,1.23393800496635,1.2815355062484741,3746232000,1.2815355062484741
2005-03-07,1.2812358523786813,1.2947073019368083,1.162392791127582,1.205499291419983,4204488400,1.205499291419983
2005-03-14,1.2129833975093007,1.3003951327303618,1.1830482892236887,1.2860260009765625,3553877600,1.2860260009765625
2005-03-21,1.295903884282403,1.3162601339566693,1.2578859338844952,1.2722550630569458,2055071200,1.2722550630569458
2005-03-28,1.279739358616348,1.2860258404840679,1.2144802511604098,1.2240591049194336,2409145200,1.2240591049194336
2005-04-04,1.227053423455513,1.3306295622759943,1.2022068527990362,1.309375524520874,2708017200,1.309375524520874
2005-04-11,1.321648956756784,1.3246420674224846,1.0561215214582034,1.0582170486450195,7655950400,1.0582170486450195
2005-04-18,1.0477398687703652,1.1297628117364156,1.0178046580631983,1.0627074241638184,4952673600,1.0627074241638184
2005-04-25,1.092343377454721,1.1228779099884385,1.0543255168396668,1.0794713497161865,3417593200,1.0794713497161865
2005-05-02,1.0839614157068729,1.117489157998692,1.0782743544176832,1.114795207977295,2124449600,1.114795207977295
2005-05-09,1.1159932215269381,1.1210818616316638,0.9911621161542606,1.0408551692962646,4510895200,1.0408551692962646
2005-05-16,1.034568777637448,1.1279668697500012,1.0336702943982141,1.124075174331665,2945174400,1.124075174331665
2005-05-23,1.1330559964761797,1.225556271065498,1.1330559964761797,1.21418035030365,2873570000,1.21418035030365
2005-05-30,1.2171746678510988,1.2201678796940612,1.1306615929717612,1.144730567932129,2188860800,1.144730567932129
2005-06-06,1.147424907122618,1.1564052380964294,1.0633056597797883,1.0719876289367676,3030426000,1.0719876289367676
2005-06-13,1.074382285794395,1.1537112549068482,1.070191331569006,1.1468255519866943,2490762400,1.1468255519866943
2005-06-20,1.1330562877036117,1.1908311918261902,1.11898641339427,1.1303614377975464,2204132000,1.1303614377975464
2005-06-27,1.1028208426653492,1.140539443006729,1.0812675423221918,1.0926426649093628,2067220400,1.0926426649093628
2005-07-04,1.0941395604419701,1.1459281276657973,1.092642555211114,1.1450295448303223,1523354000,1.1450295448303223
2005-07-11,1.1486220853720097,1.2575870205197228,1.1309604810882656,1.2438172101974487,4244405200,1.2438172101974487
2005-07-18,1.2396264429382677,1.3183561207733794,1.2294482645922096,1.3171591758728027,2416125600,1.3171591758728027
2005-07-25,1.3168591900934203,1.3285343745704825,1.2650715110090218,1.2767457962036133,1660360800,1.2767457962036133
2005-08-01,1.2743511360438458,1.3021908236487636,1.2578864726714156,1.2869240045547485,1380682800,1.2869240045547485
2005-08-08,1.2872229091846188,1.3836149743183364,1.2755485270369569,1.3800232410430908,2106188000,1.3800232410430908
2005-08-15,1.3913986247593697,1.4467788337749912,1.3695461620687364,1.3719408512115479,2943203200,1.3719408512115479
2005-08-22,1.3815197316329686,1.410557261457688,1.3548777902749676,1.3692461252212524,1792719600,1.3692461252212524
2005-08-29,1.3551772809129596,1.4120545059981617,1.354878019654461,1.383615493774414,1756759200,1.383615493774414
2005-09-05,1.3979843981656237,1.5371845253972323,1.3934941810707067,1.5359867811203003,3099975200,1.5359867811203003
2005-09-12,1.5297005017933234,1.5455666427162553,1.4767149772175967,1.5329936742782593,2426267200,1.5329936742782593
2005-09-19,1.5282034740018065,1.610825651256264,1.5282034740018065,1.5925648212432861,3060492400,1.5925648212432861
2005-09-26,1.6174111182387156,1.633276356918106,1.5144333001205792,1.604838252067566,3182289600,1.604838252067566
2005-10-03,1.6213026751340545,1.6569258428952172,1.5132354278167692,1.5356872081756592,3093202000,1.5356872081756592
2005-10-10,1.5494571507678947,1.6269899754493193,1.4330088826804759,1.6165125370025635,7332004400,1.6165125370025635
2005-10-17,1.6159144091232212,1.7057208551847889,1.532993669158016,1.666205883026123,4389593600,1.666205883026123
2005-10-24,1.65393213916147,1.723082860105874,1.6216022369181518,1.630582571029663,2887802400,1.630582571029663
2005-10-31,1.652435860240512,1.8655754753509446,1.638964410424391,1.8305516242980957,4310009200,1.8305516242980957
2005-11-07,1.8215712173826497,1.8592899350576415,1.7664903467830444,1.8422267436981201,2756320000,1.8422267436981201
2005-11-14,1.8422260332862601,1.9721459663238103,1.8233668815619783,1.9326308965682983,2892456000,1.9326308965682983
2005-11-21,1.9404144985348368,2.081709356110386,1.907485173602395,2.0757229328155518,1932859600,2.0757229328155518
2005-11-28,2.117033171518562,2.177502921342305,2.016150867782408,2.174210548400879,4214282800,2.174210548400879
2005-12-05,2.1538539363533915,2.240067734212042,2.140083325864501,2.22510027885437,3466047200,2.22510027885437
2005-12-12,2.241265494561804,2.258926999297479,2.103562392424528,2.1287081241607666,3701860400,2.1287081241607666
2005-12-19,2.128708528988025,2.2298899975074633,2.126613000984693,2.1957638263702393,2084608400,2.1957638263702393
2005-12-26,2.215221482404931,2.2505452944676962,2.1056579126919246,2.1520578861236572,2102993200,2.1520578861236572
2006-01-02,2.1667265727666423,2.2960477995295374,2.162834877584002,2.2840733528137207,2580718000,2.2840733528137207
2006-01-09,2.2969448070062475,2.5864203763850377,2.2673088594733053,2.5621731281280518,6505819600,2.5621731281280518
2006-01-16,2.5654659896303653,2.5858223470939277,2.270003342162518,2.2777867317199707,4866867600,2.2777867317199707
2006-01-23,2.278085283554235,2.3816624106205615,2.1284085521554394,2.1562483310699463,5613022800,2.1562483310699463
2006-01-30,2.1305035697234063,2.29305238798297,2.1215223404895407,2.1508591175079346,4232575200,2.1508591175079346
2006-02-06,2.155949791187052,2.1706180875134717,1.8829388236589828,2.014954090118408,6903954400,2.014954090118408
2006-02-13,1.9945978741429702,2.1257146668207705,1.9350260016482792,2.104161262512207,4728382400,2.104161262512207
2006-02-20,2.1131417222780513,2.18528656467022,2.035608978387496,2.139186143875122,3149507200,2.139186143875122
2006-02-27,2.1550511370633543,2.1673249440909683,2.021539862465164,2.0272269248962402,4184980800,2.0272269248962402
2006-03-06,2.026329025245669,2.0272267089099683,1.8694671982116942,1.8916199207305908,4281242000,1.8916199207305908
2006-03-13,1.9472990010639664,2.036806162658646,1.9191600596144192,1.9356247186660767,3956884400,1.9356247186660767
2006-03-20,1.952389295454583,1.9595733644151399,1.7670883179791994,1.7949289083480835,5796509600,1.7949289083480835
2006-03-27,1.8066023595178753,1.9041922626911159,1.7263757968255509,1.8775495290756226,7031236800,1.8775495290756226
2006-04-03,1.9059893832265822,2.1568476460770274,1.8275579565777114,2.089193820953369,8190131600,2.089193820953369
2006-04-10,2.1041604480045097,2.1233191554229456,1.9700498957564332,1.9898077249526978,3317403600,1.9898077249526978
2006-04-17,1.9910060299203638,2.095480914203161,1.9263453949181808,2.0068721771240234,5058785200,2.0068721771240234
2006-04-24,2.0011834402072175,2.1343963485941058,1.9607708856979942,2.1071550846099854,3552962000,2.1071550846099854
2006-05-01,2.118530040902984,2.1819929982980284,2.07033410062916,2.1520578861236572,3633366800,2.1520578861236572
2006-05-08,2.184987350759509,2.209234605563526,2.001482756295822,2.0266284942626953,3040870000,2.0266284942626953
2006-05-15,2.0167484310743555,2.046983691287903,1.8805423777832235,1.9311339855194092,3864420000,1.9311339855194092
2006-05-22,1.9119763945166361,1.9514912854354873,1.8428255352492942,1.902397632598877,3225742800,1.902397632598877
2006-05-29,1.8946126167160995,1.894911977781346,1.7569095243102115,1.8458181619644165,3472674800,1.8458181619644165
2006-06-05,1.8305514875621167,1.8428242929760597,1.7108090506842502,1.773374319076538,4255650000,1.773374319076538
2006-06-12,1.778164625554607,1.7883419040916333,1.6970393634715115,1.7230827808380127,4705050000,1.7230827808380127
2006-06-19,1.7311655379144193,1.8012150387370265,1.7063189653642978,1.7611006498336792,3866682400,1.7611006498336792
2006-06-26,1.7712789344207958,1.7727759398231708,1.6587223536184306,1.7144017219543457,3480946000,1.7144017219543457
2006-07-03,1.721885390780329,1.741642418422601,1.636569200088266,1.6584217548370361,2145581200,1.6584217548370361
2006-07-10,1.6674034211351338,1.6910521495784077,1.5015613621965307,1.516828179359436,4524640400,1.516828179359436
2006-07-17,1.5485595473949825,1.843722906636668,1.5461648583600585,1.817678689956665,6279772800,1.817678689956665
2006-07-24,1.8338446075136532,1.9661592648271253,1.8089982265862097,1.9634652137756348,3636906000,1.9634652137756348
2006-07-31,2.000584908542054,2.0954799905816643,1.944605375304432,2.0445899963378906,4849286400,2.0445899963378906
2006-08-07,2.027226511744271,2.0835051968700893,1.8733587105075635,1.9053895473480225,4674504800,1.9053895473480225
2006-08-14,1.9173634037458485,2.055365838917457,1.9038929569579703,2.032914161682129,3477759600,2.032914161682129
2006-08-21,2.0146538808919674,2.0670408806086256,1.9802285493215692,2.058060646057129,2838603600,2.058060646057129
2006-08-28,2.0505772059965826,2.0550674231681048,1.949394941222933,2.0469846725463867,3348828000,2.0469846725463867
2006-09-04,2.064646037134851,2.2023493515355113,2.052073270052738,2.17091703414917,4150440000,2.17091703414917
2006-09-11,2.1682226932818676,2.244557561685688,2.1379874275083752,2.218214988708496,5563532800,2.218214988708496
2006-09-18,2.2092343744720107,2.2768889904830014,2.1727135157450292,2.185286283493042,3697355200,2.185286283493042
2006-09-25,2.209533647064683,2.328377623282752,2.206839796446685,2.304429531097412,3901735600,2.304429531097412
2006-10-02,2.248150339660021,2.2798818146067883,2.1900754894963996,2.221806764602661,3483272800,2.221806764602661
2006-10-09,2.209234958387095,2.301436012323837,2.173312412743,2.2457566261291504,2818718000,2.2457566261291504
2006-10-16,2.2508447508586125,2.394535093942704,2.2125275258767263,2.3933372497558594,4275916400,2.3933372497558594
2006-10-23,2.394535100959318,2.4726663567842455,2.387350034222579,2.4071080684661865,2808657600,2.4071080684661865
2006-10-30,2.3945349306540504,2.44512575852962,2.3286764865305325,2.343644142150879,2509956400,2.343644142150879
2006-11-06,2.3634026323895694,2.5352319582232767,2.3478356507065565,2.4882328510284424,2948344000,2.4882328510284424
2006-11-13,2.491226518968994,2.583427754142675,2.4738641719075547,2.5699563026428223,2855316800,2.5699563026428223
2006-11-20,2.5564848833809664,2.7863891800318354,2.550497662217863,2.7429826259613037,2384079600,2.7429826259613037
2006-11-27,2.769326545880186,2.788784217733855,2.6792208545017044,2.733703374862671,4933658800,2.733703374862671
2006-12-04,2.750466838429498,2.763937286616797,2.6013876301440164,2.6421003341674805,3799664400,2.6421003341674805
2006-12-11,2.6612603332923164,2.694189668292145,2.560377998765842,2.625936508178711,3955722400,2.625936508178711
2006-12-18,2.62324111650674,2.634317076467448,2.442730587104517,2.460691452026367,3717576800,2.460691452026367
2006-12-25,2.4591962416517394,2.5564860313114854,2.2981435171761397,2.539722204208374,4622749600,2.539722204208374
2007-01-01,2.583128049520411,2.591809321817073,2.4517113207972456,2.5460078716278076,2920321600,2.5460078716278076
2007-01-08,2.5732490863148767,2.9276844385135883,2.5490010368323666,2.8324902057647705,9852228400,2.8324902057647705
2007-01-15,2.864221975242577,2.921697514264984,2.637909954506183,2.649285078048706,6619415600,2.649285078048706
2007-01-22,2.6684427758834954,2.6690420974436906,2.544210950440652,2.5558860301971436,5482111600,2.5558860301971436
2007-01-29,2.583428097748731,2.5939055394811743,2.505595987485775,2.5370283126831055,3621576000,2.5370283126831055
2007-02-05,2.5235564634278993,2.589714076507777,2.4804498580323875,2.4927234649658203,4049642800,2.4927234649658203
2007-02-12,2.5274471176770024,2.5636688016016262,2.5034990356326157,2.539421558380127,2576568400,2.539421558380127
2007-02-19,2.5340337976481835,2.7184358562026265,2.5193653022009483,2.6663482189178467,3129134400,2.6663482189178467
2007-02-26,2.6893984520696295,2.6941888296903413,2.4846408340282697,2.5567848682403564,4956666400,2.5567848682403564
2007-03-05,2.571154305383065,2.6633553463987925,2.5672624103788464,2.63342022895813,3151218000,2.63342022895813
2007-03-12,2.636412483094054,2.712149037861638,2.6319224665696055,2.6819145679473877,3525088000,2.6819145679473877
2007-03-19,2.7013723152465094,2.824706276955376,2.6819144454332235,2.799560546875,2901150000,2.799560546875
2007-03-26,2.8136308672884973,2.898647022726146,2.760944711875642,2.7813000679016113,4065658800,2.7813000679016113
2007-04-02,2.8181209141224546,2.8507500734436966,2.7845932718624566,2.8342862129211426,1918226800,2.8342862129211426
2007-04-09,2.850150938624896,2.8528447881381744,2.6959840093208407,2.701371908187866,2691444000,2.701371908187866
2007-04-16,2.7112523381002003,2.763040824592524,2.6822149022899366,2.72322678565979,2773691200,2.72322678565979
2007-04-23,2.741784649085502,3.0683801535964133,2.733103578500973,2.9911468029022217,5459868400,2.9911468029022217
2007-04-30,2.9962371530496332,3.0414392870314133,2.9501367357928863,3.0177905559539795,2612243200,3.0177905559539795
2007-05-07,3.025873167175465,3.26685349783957,3.023777838960723,3.255178213119507,4214266000,3.255178213119507
2007-05-14,3.2815209736066198,3.31205540366388,3.0959211033801735,3.2934954166412354,4089864800,3.2934954166412354
2007-05-21,3.3021773320700887,3.4425745150830114,3.294393942108453,3.401263475418091,3643998400,3.401263475418091
2007-05-28,3.426109983390861,3.657211192899089,3.3734236206625563,3.5443544387817383,4306467200,3.5443544387817383
2007-06-04,3.551239296619618,3.8200591470083327,3.5293859381499146,3.7266604900360107,6076462000,3.7266604900360107
2007-06-11,3.771863012441881,3.776353028646055,3.4545478838292705,3.607218027114868,6806662800,3.607218027114868
2007-06-18,3.6904381363674306,3.7473155344253675,3.6138041088857693,3.682056427001953,4250064000,3.682056427001953
2007-06-25,3.717680318575236,3.7446224175299383,3.553933396218463,3.6533188819885254,5261090800,3.6533188819885254
2007-07-02,3.6236827493539896,3.9915895240288806,3.571295759258175,3.960456371307373,4485090400,3.960456371307373
2007-07-09,3.962851817374663,4.126598354791392,3.8559822945850453,4.123006820678711,4684814400,4.123006820678711
2007-07-16,4.142763920608047,4.31609001668466,4.072415254662443,4.303217887878418,4303594400,4.303217887878418
2007-07-23,4.290046843998033,4.457984472884645,4.015837992264345,4.306211948394775,7675693200,4.306211948394775
2007-07-30,4.320580321420107,4.354107967479997,3.8248490983546852,3.946986436843872,6151370400,3.946986436843872
2007-08-06,3.978418419782219,4.108338343607284,3.6012322145938,3.7419283390045166,5219348400,3.7419283390045166
2007-08-13,3.841313678684475,3.8721474720892246,3.3413924357482547,3.6539180278778076,5546522800,3.6539180278778076
2007-08-20,3.7107967472745926,4.052359886945628,3.607219769238824,4.050264358520508,4946802000,4.050264358520508
2007-08-27,3.9930850911858604,4.180480673160454,3.790721459813152,4.145455837249756,5366135600,4.145455837249756
2007-09-03,4.18916162403113,4.365780205459913,3.891603604960408,3.9445888996124268,6976902800,3.9445888996124268
2007-09-10,4.100853857864743,4.172997885861544,4.00386325780057,4.155336380004883,4745977600,4.155336380004883
2007-09-17,4.160726252576816,4.330159881684515,4.1191158485572705,4.315192222595215,4715062800,4.315192222595215
2007-09-24,4.392423675224725,4.639989651593527,4.390029186664782,4.594188213348389,4493280400,4.594188213348389
2007-10-01,4.628913181403859,4.836963878477553,4.578023010954015,4.833072185516357,3922086000,4.833072185516357
2007-10-08,4.894142988775485,5.145300150728513,4.5864065803572895,5.006699562072754,5239973200,5.006699562072754
2007-10-15,5.0285514843095545,5.227621757680596,4.8944405510160705,5.101593971252441,5388829600,5.101593971252441
2007-10-22,5.099500490089757,5.6458213572647455,5.087825406139417,5.529073715209961,6413624000,5.529073715209961
2007-10-29,5.551523468650642,5.69132228865325,5.388375684551777,5.62396764755249,4120429600,5.62396764755249
2007-11-05,5.546734026801595,5.767957455430163,4.945630602640144,4.950420379638672,6169990400,4.950420379638672
2007-11-12,4.947727390862024,5.3156342366919676,4.509173714387455,4.980956077575684,7828584400,4.980956077575684
2007-11-19,4.972273948296606,5.159369824072993,4.852532316016633,5.135122776031494,4381638800,5.135122776031494
2007-11-26,5.196492605420103,5.618880886411789,5.089323688959019,5.454834938049316,6012426000,5.454834938049316
2007-12-03,5.444055797201274,5.837108494488926,5.298270151453028,5.816452980041504,4593548400,5.816452980041504
2007-12-10,5.7951992234798775,5.892189821509187,5.560804678720818,5.699405670166016,4597894000,5.699405670166016
2007-12-17,5.709284704237078,5.804778099060059,5.346466638554843,5.804778099060059,4842793200,5.804778099060059
2007-12-24,5.838305066467184,6.075692799906394,5.8311212001351675,5.981995582580566,2679110000,5.981995582580566
2007-12-31,5.972117697937241,6.002053010799979,5.355148813501024,5.389873504638672,3916410400,5.389873504638672
2008-01-07,5.425796117430581,5.496144783120465,5.038132251565836,5.169548988342285,8125152000,5.169548988342285
2008-01-14,5.314136181032947,5.371013185281617,4.690880825395806,4.830379486083984,9139776800,4.830379486083984
2008-01-21,4.432238996271627,4.789069039697116,3.776054642786792,3.891904592514038,9368329600,3.891904592514038
2008-01-28,3.836524470334043,4.090675658802629,3.7853341200086232,4.003863334655762,6174296800,4.003863334655762
2008-02-04,4.017632271647185,4.068223089373053,3.510526250523664,3.7562968730926514,7052852800,3.7562968730926514
2008-02-11,3.832035822723043,3.9215424381909076,3.700619032027578,3.730853319168091,5251344000,3.730853319168091
2008-02-18,3.771564794158839,3.7943158418561844,3.468618105224578,3.5760867595672607,4440478000,3.5760867595672607
2008-02-25,3.550042040246549,3.9574637376775987,3.4557456841223955,3.7425272464752197,7110535600,3.7425272464752197
2008-03-03,3.7251658408728807,3.8167679749078594,3.532381614206992,3.65960693359375,7304424400,3.65960693359375
2008-03-10,3.651524578105552,3.900586687568921,3.5733925083528173,3.790125608444214,5641904800,3.790125608444214
2008-03-17,3.6685863742531164,4.020027476946464,3.6685863742531164,3.9894938468933105,4197043200,3.9894938468933105
2008-03-24,4.0116464978318085,4.362789537481449,4.0005709344976506,4.281065940856934,5015836000,4.281065940856934
2008-03-31,4.288848779983015,4.631309502818678,4.266397096001186,4.582515239715576,4751586000,4.582515239715576
2008-04-07,4.673816186087021,4.780386712968465,4.3825447022826225,4.404697418212891,5211858400,4.404697418212891
2008-04-14,4.393622124732835,4.85732163291552,4.326866204538799,4.82080078125,4069931600,4.82080078125
2008-04-21,4.855824175423664,5.1219501588308,4.732490218193678,5.080939292907715,6671456400,5.080939292907715
2008-04-28,5.08153745645692,5.445851456695552,5.062977471257514,5.416514873504639,4759874000,5.416514873504639
2008-05-05,5.445854361393036,5.6338492020310245,5.404543314309422,5.4916558265686035,4502719200,5.4916558265686035
2008-05-12,5.544340610438457,5.754786282165369,5.473692585087538,5.616484642028809,4197600400,5.616484642028809
2008-05-19,5.623668473943202,5.648514642112256,5.148892233068094,5.423399925231934,5186980400,5.423399925231934
2008-05-26,5.470698738352978,5.673960518953405,5.4434576789295415,5.65031099319458,2791255600,5.65031099319458
2008-06-02,5.64582374676303,5.686237116322013,5.4584283981647745,5.557215213775635,3879212400,5.557215213775635
2008-06-09,5.5317668255817045,5.591337679161709,4.9486250596262815,5.159968376159668,6645175600,5.159968376159668
2008-06-16,5.1279388055797535,5.458426308824487,5.061182870297348,5.2467827796936035,4443171600,5.2467827796936035
2008-06-23,5.230917063854413,5.353353381573461,4.913901185819411,5.091717720031738,3824038400,5.091717720031738
2008-06-30,5.0947101785598,5.312041554830921,4.90941004234797,5.092614650726318,3156358800,5.092614650726318
2008-07-07,5.183618818632188,5.415617690087282,5.1189580161257675,5.166255474090576,4375218400,5.166255474090576
2008-07-14,5.365627307622229,5.367422675279614,4.9393461942902,4.943836212158203,4299828400,4.943836212158203
2008-07-21,4.996221819466003,5.0402270997686776,4.38643727580497,4.85313081741333,5775086800,4.85313081741333
2008-07-28,4.859717532100101,4.863609227157432,4.599579080473305,4.6896843910217285,3372104400,4.6896843910217285
2008-08-04,4.687887209927263,5.078545043635998,4.57742536451396,5.0755510330200195,3458677600,5.0755510330200195
2008-08-11,5.091118181608323,5.401847825084943,5.0791437369942285,5.260852336883545,3989482000,5.260852336883545
2008-08-18,5.2557633055976565,5.322818603185404,5.1432059134460095,5.292284965515137,2654526000,5.292284965515137
2008-08-25,5.27312395074701,5.276117961017883,5.060283833339857,5.074952125549316,2438430400,5.074952125549316
2008-09-01,5.160867625525723,5.193796548231947,4.719319581045667,4.795056343078613,3045868000,4.795056343078613
2008-09-08,4.926474599950289,4.936054158431261,4.370573636649067,4.458583831787109,5028310000,4.458583831787109
2008-09-15,4.251728728275609,4.421163119941926,3.612607146125549,4.21820068359375,6428055200,4.21820068359375
2008-09-22,4.189162907200924,4.19844310040872,3.6820568433046668,3.838918447494507,5316589600,3.838918447494507
2008-09-29,3.5808760858042006,3.582672252676177,2.83338829236356,2.905832290649414,9448986400,2.905832290649414
2008-10-06,2.7528624957052306,3.0384462496626794,2.5445113236133805,2.897749900817871,10030613600,2.897749900817871
2008-10-13,3.129748706662147,3.484483388277586,2.571153528772541,2.9157097339630127,8846994800,2.9157097339630127
2008-10-20,2.98695615264144,3.0309612328108284,2.6974807788333077,2.885176181793213,9257127600,2.885176181793213
2008-10-27,2.8459603356539644,3.3584550949661085,2.749867630733094,3.220752000808716,8091728400,3.220752000808716
2008-11-03,3.1710596916816107,3.346481515981243,2.865418774115671,2.9408559799194336,6127402400,2.9408559799194336
2008-11-10,2.998630807880815,3.005515711696206,2.575044754528827,2.701371908187866,6786690400,2.701371908187866
2008-11-17,2.6486867013121063,2.7414862526411654,2.3690900032947253,2.4720678329467773,6830208000,2.4720678329467773
2008-11-24,2.5507967911322833,2.851348871271588,2.539720832669531,2.7741153240203857,3875160800,2.7741153240203857
2008-12-01,2.733104366688682,2.8806864061553688,2.5894148212737567,2.8139302730560303,5546335200,2.8139302730560303
2008-12-08,2.9121183920122964,3.1013100081689333,2.7699248691579443,2.9417543411254883,5408477200,2.9417543411254883
2008-12-15,2.8735005375783893,2.8881688281528652,2.6349149960108775,2.694187879562378,4938460800,2.694187879562378
2008-12-22,2.6947874960787908,2.6950868572481768,2.5310409332359143,2.5687594413757324,2059430800,2.5687594413757324
2008-12-29,2.590013194168126,2.7253218296157646,2.5361291889295896,2.716639757156372,3007158000,2.716639757156372
2009-01-05,2.7890836393099194,2.9088250825494195,2.6953854129115813,2.711550712585449,4444314000,2.711550712585449
2009-01-12,2.7079586391677335,2.7238247791022383,2.3963312959041576,2.4645836353302,5317037600,2.4645836353302
2009-01-19,2.4526089279424235,2.694188538535149,2.3409500358417703,2.6450939178466797,4182483200,2.6450939178466797
2009-01-26,2.6600607003715977,2.843864357946045,2.6432966841770718,2.6980793476104736,3415890800,2.6980793476104736
2009-02-02,2.6672459201311556,2.9935422600950368,2.6612586993197573,2.9851603507995605,3402434000,2.9851603507995605
2009-02-09,2.9935419117892774,3.08334741574443,2.866914604447369,2.9683961868286133,3665211200,2.9683961868286133
2009-02-16,2.8998453904478207,2.9049341308036114,2.664253138869835,2.730111598968506,3036138000,2.730111598968506
2009-02-23,2.743581909703165,2.78159977543806,2.58971408007559,2.6735332012176514,3763667600,2.6735332012176514
2009-03-02,2.6379094562149983,2.777108959600731,2.4645831897643133,2.5534918308258057,3954720000,2.5534918308258057
2009-03-09,2.519965162526729,2.90972464191454,2.471769209610067,2.8717057704925537,3758554800,2.8717057704925537
2009-03-16,2.889666676459197,3.097717653972713,2.819318013950163,3.041139602661133,3575695200,3.041139602661133
2009-03-23,3.074667088272394,3.2922975959539245,3.0459296238289912,3.1985995769500732,3062752000,3.1985995769500732
2009-03-30,3.128550515220508,3.4764000310766283,3.0716733196113415,3.4722089767456055,3110856000,3.4722089767456055
2009-04-06,3.4407773890084195,3.5922504927528927,3.391084250929715,3.579378366470337,2181032000,3.579378366470337
2009-04-13,3.5925497724663167,3.719476478848968,3.465324904031326,3.6946299076080322,2347682400,3.6946299076080322
2009-04-20,3.644040405198399,3.8077873867579184,3.5503423466938533,3.709000587463379,3361839600,3.709000587463379
2009-04-27,3.6790635818588604,3.8302373236239844,3.671878516567054,3.808983087539673,2290663200,3.808983087539673
2009-05-04,3.8389181159807895,3.9963784287154205,3.7796462277218823,3.867357015609741,2480892400,3.867357015609741
2009-05-11,3.8128754901189077,3.920343324156987,3.5736903745979096,3.6646945476531982,2425505600,3.6646945476531982
2009-05-18,3.7039102362864336,3.8709493191043554,3.639249443338875,3.6670892238616943,1925792400,3.6670892238616943
2009-05-25,3.7347451661166016,4.068225582035171,3.7284585802993666,4.0655317306518555,2227436400,4.0655317306518555
2009-06-01,4.085288500280665,4.382546529157591,4.071218526189582,4.330759048461914,2657272800,4.330759048461914
2009-06-08,4.305312547393603,4.327464467006716,4.072414433259706,4.100255012512207,3385149600,4.100255012512207
2009-06-15,4.071517741013007,4.175992380826675,4.027213491319228,4.175394058227539,2775505600,4.175394058227539
2009-06-22,4.211017473899996,4.297530450224281,3.9778199286680005,4.264002799987793,2855804000,4.264002799987793
2009-06-29,4.294536195174002,4.330459531990434,4.184673454511413,4.191558361053467,1786498000,4.191558361053467
2009-07-06,4.152041828032129,4.18137880834211,4.023918508784587,4.14665412902832,2324515200,4.14665412902832
2009-07-13,4.177189735614919,4.550784472574185,4.1170201403931905,4.542701721191406,2312060800,4.542701721191406
2009-07-20,4.588202844410917,4.789668067710455,4.482829736049179,4.789369106292725,3449737200,4.789369106292725
2009-07-27,4.79475817170817,4.939346426127848,4.707646465252956,4.89115047454834,2071165600,4.89115047454834
2009-08-03,4.945630868747665,5.010889985140003,4.882168318507434,4.954611301422119,1942206000,4.954611301422119
2009-08-10,4.959103785386967,5.049209494662057,4.845947666851427,4.992631435394287,1846504800,4.992631435394287
2009-08-17,4.89593818414788,5.070163136366938,4.772304855089311,5.065671920776367,2126910800,5.065671920776367
2009-08-24,5.0926149562123575,5.16356194696322,4.93425691153637,5.090519428253174,1938165600,5.090519428253174
2009-08-31,5.033940453839071,5.1099769697258415,4.912702013233838,5.098301887512207,1813198800,5.098301887512207
2009-09-07,5.1782303998761385,5.222834011601091,5.080041942362258,5.153683185577393,1966230000,5.153683185577393
2009-09-14,5.113868208223651,5.5916377364668595,5.096506063639236,5.538652420043945,2914660000,5.538652420043945
2009-09-21,5.516800421238001,5.654802706120401,5.431484097046163,5.459323883056641,2384152400,5.459323883056641
2009-09-28,5.504226933030274,5.609898609070171,5.4093310581088465,5.535059928894043,2300435200,5.535059928894043
2009-10-05,5.573977748745353,5.731138773241851,5.516201839585778,5.701801776885986,2225370000,5.701801776885986
2009-10-12,5.718264063449704,5.7571794011035005,5.623068848572785,5.629355430603027,1816539200,5.629355430603027
2009-10-19,5.6233700344711295,6.247822908169777,5.554518579355549,6.105030059814453,4489175600,6.105030059814453
2009-10-26,6.096947782059946,6.189148592904215,5.632948118754054,5.642827033996582,3347072400,5.642827033996582
2009-11-02,5.681744037354754,5.8430956920558295,5.5551174748970436,5.81765079498291,2368954000,5.81765079498291
2009-11-09,5.895481655898634,6.136761891771587,5.875126301369638,6.120297431945801,2080892800,6.120297431945801
2009-11-16,6.151130968844524,6.226568369447574,5.920029788662418,5.984690189361572,2205033600,5.984690189361572
2009-11-23,6.076890936995635,6.1666972640977855,5.938289952077605,6.004746913909912,1375046400,6.004746913909912
2009-11-30,6.020312238301537,6.070005373666231,5.696111412625633,5.787115573883057,2881485600,5.787115573883057
2009-12-07,5.787116878226879,5.978104876322206,5.648216116294664,5.827529430389404,3009384000,5.827529430389404
2009-12-14,5.848483164838446,5.912545232950392,5.717665578423289,5.850279331207275,2265844000,5.850279331207275
2009-12-21,5.868839550927773,6.266980558754628,5.857463431232812,6.257699966430664,1807836800,6.257699966430664
2009-12-28,6.3379281825419085,6.404683306152221,6.235848051357397,6.308291435241699,1854266400,6.308291435241699
2010-01-04,6.389116351875583,6.453777137051562,6.257999014976286,6.345709800720215,2572536400,6.345709800720215
2010-01-11,6.370258567022736,6.376245789250751,6.109820795000971,6.164602279663086,2689542800,6.164602279663086
2010-01-18,6.236447534384567,6.452581067432888,5.9020691565602705,5.9197306632995605,2832082400,5.9197306632995605
2010-01-25,6.062223410686346,6.397500274403404,5.69521506730314,5.749398231506348,7074832800,5.749398231506348
2010-02-01,5.758678919687664,5.993073519420782,5.713176821311293,5.851179122924805,3671505600,5.851179122924805
2010-02-08,5.858063607961143,6.036179469761823,5.80747238025553,5.99846076965332,2687333600,5.99846076965332
2010-02-15,6.045160654638718,6.116107647070055,6.012830050755179,6.037077903747559,1818429200,6.037077903747559
2010-02-22,6.057136266688943,6.141853088699461,5.858664186416178,6.1253886222839355,2598811600,6.1253886222839355
2010-03-01,6.159213039938009,6.576812547524191,6.15023260735559,6.554360866546631,2754354400,6.554360866546631
2010-03-08,6.586093523027811,6.817194719209327,6.522630562368806,6.783368110656738,2768390800,6.783368110656738
2010-03-15,6.746845716702216,6.778876153088778,6.5932766807355065,6.6531476974487305,2292922800,6.6531476974487305
2010-03-22,6.599863925135251,6.943522496870755,6.590284369306488,6.91209077835083,2839790800,6.91209077835083
2010-03-29,6.974953929156184,7.1464826281639935,6.933642900436517,7.06386137008667,2101859200,7.06386137008667
2010-04-05,7.034225582011301,7.2419773634254225,7.0279386000114235,7.2380852699279785,2667198800,7.2380852699279785
2010-04-12,7.2503612754683475,7.5179845661125375,7.217731307595088,7.4060258865356445,2170644000,7.4060258865356445
2010-04-19,7.394947833670764,8.147822978427511,7.237487100068506,8.107410430908203,3878022400,8.107410430908203
2010-04-26,8.138845261022079,8.156207409567743,7.675744321144122,7.815842151641846,3048119200,7.815842151641846
2010-05-03,7.898163869599005,8.019103375252717,5.9646341804144205,7.060569763183594,5023144000,7.060569763183594
2010-05-10,7.491344964636197,7.9328928839392825,7.439855621117628,7.598214149475098,3846668000,7.598214149475098
2010-05-17,7.624553242795412,7.739804472862267,6.9255606355696635,7.253952980041504,5078046400,7.253952980041504
2010-05-24,7.402433295357528,7.7652510274430195,7.099486995874797,7.689813613891602,4134796400,7.689813613891602
2010-05-31,7.773929906112093,7.961026181676163,7.622457198826317,7.662271022796631,2973432000,7.662271022796631
2010-06-07,7.732020252144433,7.757764505580876,7.250359067337173,7.588929653167725,4064457600,7.588929653167725
2010-06-14,7.662270389495328,8.232241039942743,7.603896183681882,8.204400062561035,3629189200,8.204400062561035
2010-06-21,8.312769269106589,8.352284142222437,7.957136210426171,7.983778953552246,3526429200,7.983778953552246
2010-06-28,7.990661373575518,8.075080393688918,7.280293960442656,7.392253398895264,4174483600,7.392253398895264
2010-07-05,7.513792118564872,7.87002385155286,7.3689045364512955,7.771835803985596,2441258400,7.771835803985596
2010-07-12,7.7392022845683295,7.838587730908912,7.376983495790473,7.480859756469727,4430574400,7.480859756469727
2010-07-19,7.4802657987334396,7.937379510651178,7.172529712443105,7.781415939331055,4463807600,7.781415939331055
2010-07-26,7.783209980320349,7.962523673752522,7.630539023868192,7.700887680053711,2617325200,7.700887680053711
2010-08-02,7.796383555449148,7.911335039933847,7.712264271098377,7.7859063148498535,2000079200,7.7859063148498535
2010-08-09,7.827514859916972,7.847572455024041,7.367707361818054,7.456915378570557,2264892000,7.456915378570557
2010-08-16,7.411410054089022,7.623651803823497,7.382671398551259,7.473076820373535,1891702400,7.473076820373535
2010-08-23,7.537439370310525,7.543725552475106,7.051587193348164,7.232995986938477,2628371200,7.232995986938477
2010-08-30,7.207253464579573,7.746690257850847,7.194980856668451,7.746391296386719,2437330000,7.746391296386719
2010-09-06,7.682628015389552,7.978389611208205,7.670953331251758,7.88529109954834,1695226400,7.88529109954834
2010-09-13,7.957433775029137,8.320850123441046,7.9484529428537165,8.243317604064941,2512879600,8.243317604064941
2010-09-20,8.264570757452212,8.786944220307218,8.25768585270175,8.75072193145752,3347646400,8.75072193145752
2010-09-27,8.800415291674154,8.822866172868494,8.232241570288503,8.457355499267578,3109055600,8.457355499267578
2010-10-04,8.429818759364377,8.815985115643343,8.315165417984046,8.803112983703613,2674940800,8.803112983703613
2010-10-11,8.823167216072752,9.429658388241773,8.755811371353817,9.421875,2973880000,9.421875
2010-10-18,9.533537575017313,9.549402518350423,8.981228593722934,9.20424747467041,3971657200,9.20424747467041
2010-10-25,9.252741620480226,9.327878465405568,9.006671570862123,9.009964942932129,2165956800,9.009964942932129
2010-11-01,9.047083998631681,9.584724536028057,9.046485276440336,9.493420600891113,2369908800,9.493420600891113
2010-11-08,9.495515445316345,9.618251082458265,9.089292476843033,9.221007347106934,2206660400,9.221007347106934
2010-11-15,9.233880934943622,9.296146441485595,8.913571770381433,9.182092666625977,2420040000,9.182092666625977
2010-11-22,9.18059604832136,9.510484788625197,9.156348998090834,9.429658889770508,1563833600,9.429658889770508
2010-11-29,9.444630294072223,9.549404327758364,9.306029640028594,9.502705574035645,2214324000,9.502705574035645
2010-12-06,9.538625067465851,9.698778879671368,9.492824012433012,9.596100807189941,1718533600,9.596100807189941
2010-12-13,9.71015739603486,9.730812919099838,9.549403229822149,9.597599983215332,1917095600,9.597599983215332
2010-12-20,9.62723280172436,9.75056718259869,9.526350904079758,9.687104225158691,1131043200,9.687104225158691
2010-12-27,9.664652599776568,9.778706387126583,9.618551787306442,9.65597152709961,939881600,9.65597152709961
2011-01-03,9.748173970667798,10.068782184956975,9.724225876791541,10.061897277832031,1622098800,10.061897277832031
2011-01-10,10.143024190027443,10.431900978088379,10.093331825313433,10.431900978088379,1800878800,10.431900978088379
2011-01-17,9.86432199350959,10.435490254649903,9.758949271088168,9.780503273010254,4535801200,9.780503273010254
2011-01-24,9.7849974466648,10.345687860654971,9.780506628375957,10.061300277709961,2505510000,10.061300277709961
2011-01-31,10.05231429979786,10.37861066487573,10.007411738980215,10.372623443603516,1778473200,10.372623443603516
2011-02-07,10.414236871526386,10.776755645335804,10.406753242145768,10.682458877563477,2644930400,10.682458877563477
2011-02-14,10.680663033903954,10.923438948799088,10.463031858692933,10.494165420532227,2422389200,10.494165420532227
2011-02-21,10.242404149618189,10.430398900222045,10.109790795944086,10.422316551208496,2424329600,10.422316551208496
2011-02-28,10.514516835887733,10.785432588955487,10.407946700947585,10.776751518249512,2415856800,10.776751518249512
2011-03-07,10.818661974948725,10.826745124048237,10.324727368221245,10.536969184875488,2334365600,10.536969184875488
2011-03-14,10.572592712872693,10.671380273315572,9.766731048268,9.898746490478516,3731686000,9.898746490478516
2011-03-21,10.058001947296148,10.539063556479958,10.036148191302155,10.523497581481934,1961943200,10.523497581481934
2011-03-28,10.571697389944406,10.606722245425438,10.276832647257585,10.31455135345459,1684342800,10.31455135345459
2011-04-04,10.307066791800644,10.315747864162644,9.996935881349227,10.030163764953613,2096337600,10.030163764953613
2011-04-11,10.000227802362518,10.062494113747336,9.782897232501755,9.802654266357422,1926212400,9.802654266357422
2011-04-18,9.761943182742826,10.630968137630639,9.584126672787525,10.498353958129883,2483754000,10.498353958129883
2011-04-25,10.487575092206265,10.626774381669604,10.34328626527257,10.48128890991211,2328863600,10.48128890991211
2011-05-02,10.469614563901676,10.532179830343125,10.342688663907564,10.377413749694824,1761415600,10.377413749694824
2011-05-09,10.413339338721402,10.477401833974268,10.188525080406079,10.193015098571777,1470954800,10.193015098571777
2011-05-16,10.154101258984129,10.250193417488685,9.90054748922219,10.034957885742188,1836024400,10.034957885742188
2011-05-23,9.87779248602854,10.13493767803287,9.86132802506104,10.10051155090332,1425911200,10.10051155090332
2011-05-30,10.210975865070587,10.541162834844325,10.207981454075721,10.281023979187012,1624470400,10.281023979187012
2011-06-06,10.348676101837647,10.389088649287359,9.744279260430483,9.75595474243164,2034494000,9.75595474243164
2011-06-13,9.794869942699389,9.975979799447853,9.52934345861643,9.587118148803711,2188849600,9.587118148803711
2011-06-20,9.500307632133213,9.972988076803851,9.294950688004073,9.769427299499512,2524177600,9.769427299499512
2011-06-27,9.806545773069047,10.282817678782923,9.796367495960457,10.275633811950684,1744926400,10.275633811950684
2011-07-04,10.26785220228804,10.776754954806663,10.252884944485844,10.768073081970215,1688976800,10.768073081970215
2011-07-11,10.667187780650773,10.92642805336239,10.43608584773152,10.924033164978027,2200923200,10.924033164978027
2011-07-18,10.939305442974282,11.862514576003134,10.934815424773882,11.773606300354004,3376402400,11.773606300354004
2011-07-25,11.685293048304299,12.108880636724312,11.49520393433927,11.68918514251709,2952331200,11.68918514251709
2011-08-01,11.907712466621335,11.959200973695472,10.853686483701336,11.18447208404541,4060882000,11.18447208404541
2011-08-08,10.827343622551291,11.364684416794063,10.567803539306839,11.285356521606445,4376019200,11.285356521606445
2011-08-15,11.364386642499143,11.524242292081233,10.657012663255669,10.657910346984863,3028678800,10.657910346984863
2011-08-22,10.91176241597363,11.489216828646496,10.62977063501612,11.48263168334961,3331241200,11.48263168334961
2011-08-29,11.620330995900419,11.737079406757266,11.130887272235078,11.197343826293945,2128442400,11.197343826293945
2011-09-05,10.997376899274292,11.633206307755529,10.970734160165467,11.30002498626709,1841246400,11.30002498626709
2011-09-12,11.165912792717702,11.9891357421875,11.132983075376915,11.9891357421875,2559449200,11.9891357421875
2011-09-19,11.88436420265127,12.658495293285007,11.83048159768166,12.102893829345703,3720348800,12.102893829345703
2011-09-26,11.969980811932896,12.251074138361147,11.410786971226498,11.41497802734375,3073739200,11.41497802734375
2011-10-03,11.38653872048585,11.518553377176774,10.604326100163247,11.070120811462402,4037286400,11.070120811462402
2011-10-10,11.348222853990103,12.632752418518066,11.32187907183443,12.632752418518066,2670040800,12.632752418518066
2011-10-17,12.62496957453661,12.773449519297918,11.69726968063339,11.760732650756836,3842221600,11.760732650756836
2011-10-24,11.859821518974023,12.243593799959681,11.769116270737195,12.122354507446289,2206377600,12.122354507446289
2011-10-31,12.046613835758905,12.25346796330784,11.771208013409327,11.981354713439941,1988257600,11.981354713439941
2011-11-07,11.971476741470694,12.213654691152275,11.383245331468569,11.513764381408691,2627940000,11.513764381408691
2011-11-14,11.480833805106192,11.708942164909033,11.22219141276322,11.223987579345703,2064764800,11.223987579345703
2011-11-21,11.088080598517887,11.313495103244879,10.876137742548718,10.883622169494629,1540033600,10.883622169494629
2011-11-28,11.146455449426155,11.78348149811725,11.082094809673553,11.6658353805542,1894443600,11.6658353805542
2011-12-05,11.779293709389615,11.86670557835916,11.577828024518725,11.783185005187988,1618904000,11.783185005187988
2011-12-12,11.725106130528555,11.83646685294459,11.306010213205868,11.405994415283203,1724562000,11.405994415283203
2011-12-19,11.449402516760456,12.081638788900365,11.389830055896573,12.07385540008545,1307451600,12.07385540008545
2011-12-26,12.066970947443473,12.246283861537208,11.989438415896156,12.123847961425781,889378000,12.123847961425781
2012-01-02,12.255563118006258,12.65520017689554,12.243588674533154,12.644722938537598,1151805200,12.644722938537598
2012-01-09,12.737523838437317,12.804878087538643,12.53276484282787,12.567190170288086,1305914400,12.567190170288086
2012-01-16,12.69860706745534,12.913243783230199,12.565394173905139,12.58185863494873,1195401200,12.58185863494873
2012-01-23,12.652809171287567,13.604156615052405,12.559410881620002,13.389520645141602,2435708800,13.389520645141602
2012-01-30,13.34251446509328,13.770292176378772,13.332935711672581,13.760712623596191,1514466800,13.760712623596191
2012-02-06,13.72180207924634,14.89646803939724,13.716414377973381,14.770739555358887,2489043200,14.770739555358887
2012-02-13,14.95364798118144,15.75471939363173,14.567480813659342,15.031181335449219,3964091600,15.031181335449219
2012-02-20,15.173666079482869,15.653230494319471,15.091044027861338,15.638562202453613,2071997200,15.638562202453613
2012-02-27,15.605638573471742,16.410903289519894,15.45506430980212,16.32019805908203,3214962800,16.32019805908203
2012-03-05,16.327378417828392,16.39682858836501,15.453263265270646,16.319894790649414,3353260400,16.319894790649414
2012-03-12,16.43394303280152,17.961547383534256,16.374670356492498,17.529279708862305,4502187200,17.529279708862305
2012-03-19,17.91246203864607,18.250133395440727,17.63346386387318,17.8430118560791,3416299600,17.8430118560791
2012-03-26,17.95496367533831,18.603366096234517,17.819358320612704,17.94778060913086,3197608400,17.94778060913086
2012-04-02,18.016040237994773,18.99882092291765,17.972633270398795,18.969484329223633,2647190000,18.969484329223633
2012-04-09,18.743470019791374,19.27841598168552,18.066330315539638,18.11781883239746,3657858400,18.11781883239746
2012-04-16,18.262400331713597,18.567443216077532,17.075760425967093,17.152395248413086,4896550400,17.152395248413086
2012-04-23,17.08146175453567,18.500101541159673,16.614168836496916,18.051069259643555,3891246800,18.051069259643555
2012-04-30,17.895404013448996,17.91336568620275,16.918610359322937,16.921005249023438,2465075200,16.921005249023438
2012-05-07,16.808740980284423,17.23921184291067,16.725819955427923,16.964704513549805,2170820400,16.964704513549805
2012-05-14,16.84077397070293,16.988654377139614,15.631682702884186,15.877152442932129,2839370800,15.877152442932129
2012-05-21,16.000483893835412,17.257771611649652,15.987011446633339,16.832387924194336,2735611200,16.832387924194336
2012-05-28,17.090133124325444,17.40744787467256,16.77940351835902,16.793472290039062,1922600400,16.793472290039062
2012-06-04,16.808743458619343,17.379911721933773,16.419583570335476,17.372127532958984,2073948800,17.372127532958984
2012-06-11,17.593645380041192,17.61699474341251,16.964403618362507,17.18682289123535,2001053600,17.18682289123535
2012-06-18,17.091935484550312,17.661904770746325,17.07427277562111,17.4254150390625,1771582400,17.4254150390625
2012-06-25,17.28172230814818,17.482290267944336,16.931777541341106,17.482290267944336,1488253200,17.482290267944336
2012-07-02,17.504146202186465,18.390533473312516,17.470318788518192,18.137279510498047,1545118400,18.137279510498047
2012-07-09,18.119913459761474,18.556072613198683,17.742128524827702,18.110034942626953,2100154000,18.110034942626953
2012-07-16,18.114529804050566,18.42076869977717,18.055556050784805,18.089982986450195,1681918000,18.089982986450195
2012-07-23,17.793605197592225,18.251019085542865,17.063182147482475,17.51700210571289,2740990000,17.51700210571289
2012-07-30,17.689441956820875,18.499494722418614,17.596640813541786,18.431241989135742,1903050800,18.431241989135742
2012-08-06,18.55818038493547,18.789974401942185,18.49715196025098,18.690763473510742,1253837200,18.690763473510742
2012-08-13,18.741577737304052,19.487163549571154,18.737367882641564,19.484758377075195,1573639200,19.484758377075195
2012-08-20,19.54187243107791,20.28956286497203,19.484750410448612,19.939016342163086,2848896400,19.939016342163086
2012-08-27,20.443185087752912,20.469641969612834,19.759530461869325,19.99974250793457,1538252800,19.99974250793457
2012-09-03,20.01537911937073,20.518048710920226,19.977498472006914,20.45671844482422,1425130000,20.45671844482422
2012-09-10,20.45700999166433,20.953966688347155,19.721946240566503,20.782602310180664,2903048400,20.782602310180664
2012-09-17,21.025223063708385,21.19718797428746,20.852956302561736,21.047470092773438,2006566800,21.047470092773438
2012-09-24,20.649726931601595,20.89805525223554,19.852732146596303,20.0556640625,2864260000,20.0556640625
2012-10-01,20.177725401547942,20.345783962922074,19.5611135609361,19.61943817138672,2560600000,19.61943817138672
2012-10-08,19.447772164817273,19.468216122739484,18.746380477503227,18.93157386779785,2993043200,18.93157386779785
2012-10-15,19.01093925694123,19.625446011590437,18.327584882195982,18.334199905395508,2592021600,18.334199905395508
2012-10-22,18.411772939210863,19.102041301806857,17.767803338474902,18.158634185791016,3487162000,18.158634185791016
2012-10-29,17.884444861326827,18.128563332742267,17.279258467752214,17.34088897705078,1470674800,17.34088897705078
2012-11-05,17.623042318668013,17.841094798038448,16.119018765522743,16.52190399169922,3683761200,16.52190399169922
2012-11-12,16.73603036583868,16.746601453618876,15.274289573731588,15.936603546142578,3582726000,15.936603546142578
2012-11-19,16.33012519835489,17.275122993589562,16.305058785542048,17.260021209716797,2111900000,17.260021209716797
2012-11-26,17.39290806865748,17.947099822493772,17.282974566837098,17.67619514465332,2590792400,17.67619514465332
2012-12-03,17.928980179553076,17.9573692102842,15.663280363033424,16.10482406616211,3930239600,16.10482406616211
2012-12-10,15.85566290811085,16.597406767519455,15.269154672541669,15.39630126953125,3344812800,15.39630126953125
2012-12-17,15.370326750030326,16.15465326436272,15.137777374859526,15.684420585632324,2910619600,15.684420585632324
2012-12-24,15.71522142233962,15.8330049651923,15.241363027664562,15.390254974365234,1287588400,15.390254974365234
2012-12-31,15.418653617060848,16.761704589230437,15.372446632580921,15.916069030761719,2167309200,15.916069030761719
2013-01-07,15.765058361970176,16.063748825830928,15.559689917854541,15.713717460632324,2302120800,15.713717460632324
2013-01-14,15.181569724096054,15.42529505539004,14.598685726396754,15.100631713867188,3228386000,15.100631713867188
2013-01-21,15.238355730521489,15.55335457776146,13.137554535155518,13.284936904907227,3991934800,13.284936904907227
2013-01-28,13.2230251700305,13.971110552468017,13.163528504830683,13.699902534484863,2632649600,13.699902534484863
2013-02-04,13.788556957888217,14.544951845114968,13.426763628237532,14.428606986999512,2981910400,14.428606986999512
2013-02-11,14.474772737495735,14.731157969164993,13.97111809977132,13.978408813476562,2348771600,13.978408813476562
2013-02-18,14.006966139888632,14.05648103044279,13.45166883407378,13.69438362121582,1689923200,13.69438362121582
2013-02-25,13.786727372516621,13.82530617998117,13.061621814075838,13.076506614685059,2336392800,13.076506614685059
2013-03-04,12.995402673035557,13.227181397254848,12.728082927521617,13.114481925964355,2541394800,13.114481925964355
2013-03-11,13.054634139557349,13.494497426215242,12.914594532148586,13.477182388305664,2293533200,13.477182388305664
2013-03-18,13.410049908209293,14.037340079348239,13.402455820114003,14.031569480895996,2219994000,14.031569480895996
2013-03-25,14.116018876626763,14.275804602074865,13.415215576426675,13.446807861328125,1569506400,13.446807861328125
2013-04-01,13.423722529479587,13.478402084752418,12.74873919589464,12.855668067932129,2024610000,12.855668067932129
2013-04-08,12.905786124239006,13.304943765555153,12.834096541645291,13.056154251098633,1550348800,13.056154251098633
2013-04-15,12.971100574672954,12.998136571291623,11.698291603347293,11.863241195678711,2843920800,11.863241195678711
2013-04-22,11.927335738665674,12.721094040571344,11.885719937343131,12.673401832580566,3212745200,12.673401832580566
2013-04-29,12.772125880538333,13.767893899532897,12.75845619874377,13.669167518615723,2621903200,13.669167518615723
2013-05-06,13.934860279977956,14.241867433443378,13.774936327044552,13.851076126098633,2186332400,13.851076126098633
2013-05-13,13.80643191125298,14.001827570375083,12.809272257051322,13.248376846313477,2536788800,13.248376846313477
2013-05-20,13.207094210833088,13.709803149383974,13.15174735827237,13.61195182800293,1979826800,13.61195182800293
2013-05-27,13.757203608598601,13.97736792347303,13.436130037009047,13.752005577087402,1454544000,13.752005577087402
2013-06-03,13.782578557209705,13.895718583914606,13.233391109414718,13.509819984436035,1777140400,13.509819984436035
2013-06-10,13.599113713477108,13.732128948779943,13.102826597726851,13.150223731994629,1559191200,13.150223731994629
2013-06-17,13.192724801584605,13.322988304121465,12.479026019402388,12.644148826599121,1603809200,12.644148826599121
2013-06-24,12.457624090482009,12.496152889599824,11.891006764194081,12.125237464904785,2078395200,12.125237464904785
2013-07-01,12.313597718038734,12.943511520486389,12.268646917809367,12.764016151428223,1375872400,12.764016151428223
2013-07-08,12.846273957813068,13.142271877671055,12.548746676856139,13.041975021362305,1537984000,13.041975021362305
2013-07-15,12.996108882919744,13.297610235322264,12.97042247370348,12.994274139404297,1145046000,12.994274139404297
2013-07-22,13.13217917451826,13.594829207617241,12.803462122912782,13.484747886657715,1598774800,13.484747886657715
2013-07-29,13.47894071482866,14.153193867775748,13.460594095746501,14.14371395111084,1361472000,14.14371395111084
2013-08-05,14.303274238738114,14.524892180040615,13.96346071961136,13.988083839416504,1475213600,13.988083839416504
2013-08-12,14.06226504695621,15.5209403238128,14.05518501668945,15.46184253692627,2855347600,15.46184253692627
2013-08-19,15.523714507842895,15.813048975732611,15.334723510468793,15.421525001525879,1672025600,15.421525001525879
2013-08-26,15.4132185483692,15.704093388159572,14.959210312180128,14.9967622756958,1574717200,14.9967622756958
2013-09-02,15.177742424616964,15.45907462186675,15.000756440094692,15.33533763885498,1272854800,15.33533763885498
2013-09-09,15.54402673425987,15.63390548580043,14.303584565232235,14.309739112854004,2685466000,14.309739112854004
2013-09-16,14.189696640741898,14.729888025848318,13.765544115318276,14.38699722290039,2503793600,14.38699722290039
2013-09-23,15.270084402118924,15.29501656788099,14.796683938953954,14.85916805267334,1908670400,14.85916805267334
2013-09-30,14.689875636028798,15.154657391077635,14.602459363998966,14.867785453796387,1484845600,14.867785453796387
2013-10-07,14.976440922518211,15.20051972015018,14.72157952321322,15.168816566467285,1451276400,15.168816566467285
2013-10-14,15.077087365988568,15.675146817996948,15.062312510553566,15.663758277893066,1377208000,15.663758277893066
2013-10-21,15.752404386026095,16.412947873369237,15.637286113281617,16.189176559448242,1968450400,16.189176559448242
2013-10-28,16.283988053578117,16.598254709905,15.837674760245793,16.00665855407715,2090998000,16.00665855407715
2013-11-04,16.133237865413033,16.374416971721605,15.863267398749677,16.116519927978516,1275153600,16.116519927978516
2013-11-11,16.098875370759608,16.386493055145927,15.926118913379447,16.25367546081543,1229289600,16.25367546081543
2013-11-18,16.25367003945119,16.321781857944355,15.903203532885954,16.092987060546875,1133552000,16.092987060546875
2013-11-25,16.13076004100602,17.28587669022208,16.130141654276283,17.21590805053711,1312270400,17.21590805053711
2013-12-02,17.27566723334978,17.806320978840706,17.053375299831913,17.338205337524414,2093254800,17.338205337524414
2013-12-09,17.36544738560533,17.677215226089924,17.141607874427685,17.165136337280273,1553594000,17.165136337280273
2013-12-16,17.18339749873015,17.419312005109006,16.681226204193102,16.997636795043945,1835080800,16.997636795043945
2013-12-23,17.585255221683095,17.70538095487144,17.322096995580704,17.340362548828125,1098753600,17.340362548828125
2013-12-30,17.258948288766355,17.377213966206007,16.73169900916625,16.748727798461914,1103866400,16.748727798461914
2014-01-06,16.639437134196225,16.93077011240247,16.443150552198833,16.499807357788086,1572474400,16.499807357788086
2014-01-13,16.40599384622836,17.343770639538945,16.405064612761247,16.73912239074707,1758710800,16.73912239074707
2014-01-20,16.749028428132263,17.253674910656237,16.731381260909764,16.90630531311035,1541106000,16.90630531311035
2014-01-27,17.030145147391007,17.17658538936298,15.280287843857128,15.498555183410645,3266510800,15.498555183410645
2014-02-03,15.653937449958104,16.286809378752025,15.55084707166843,16.18558692932129,1734535600,16.18558692932129
2014-02-10,16.153811100422104,17.004701356891218,16.133255576120863,16.942720413208008,1516239200,16.942720413208008
2014-02-17,17.005319224112135,17.166962318121065,16.33881009025802,16.359054565429688,1158662400,16.359054565429688
2014-02-24,16.29365354202286,16.59264841185428,16.05850587661565,16.389892578125,1470929600,16.389892578125
2014-03-03,16.30206918574065,16.654944704326166,16.283070537746628,16.520709991455078,1104202400,16.520709991455078
2014-03-10,16.455928147102952,16.807868873630014,16.288988878257694,16.341625213623047,1152076800,16.341625213623047
2014-03-17,16.435368455491094,16.7013477997603,16.357504290295513,16.59638786315918,1216392800,16.59638786315918
2014-03-24,16.769241280491027,17.09875838429164,16.639364575600922,16.720653533935547,1360357600,16.720653533935547
2014-03-31,16.79447449842086,16.92684126169288,16.525066992500427,16.56368637084961,987445200,16.56368637084961
2014-04-07,16.445327985336277,16.57676156086892,16.106467949543973,16.18339729309082,1251278000,16.18339729309082
2014-04-14,16.25472857300827,16.437240007551257,15.925522362872899,16.349409103393555,971264000,16.349409103393555
2014-04-21,16.361862513902814,17.814789549857174,16.318881870939542,17.813234329223633,1930238800,17.813234329223633
2014-04-28,17.84002535669351,18.669423981899374,17.832237607411543,18.456077575683594,1899066400,18.456077575683594
2014-05-05,18.482741126381853,18.929665720246234,18.175497717078844,18.338672637939453,1466390800,18.338672637939453
2014-05-12,18.3997416558193,18.71418566720861,18.33428336254547,18.713560104370117,1046452400,18.713560104370117
2014-05-19,18.724213456239,19.252882785049295,18.70792707357616,19.23409080505371,1182420400,19.23409080505371
2014-05-26,19.288893023247567,20.174914093193234,19.28106345236567,19.8250789642334,1604842400,19.8250789642334
2014-06-02,19.855143441446668,20.396966065073638,19.49622431918952,20.21875762939453,1651286000,20.21875762939453
2014-06-09,20.32305448725949,20.83825733148187,19.924047430275873,20.011741638183594,1172588000,20.011741638183594
2014-06-16,20.06217023121121,20.334020822933937,19.928436914630172,19.93062973022461,940908000,19.93062973022461
2014-06-23,20.020507427991838,20.169587051363543,19.654385977511836,20.165203094482422,865028000,20.165203094482422
2014-06-30,20.191518097971695,20.629987553617674,20.18932528235756,20.614641189575195,556248400,20.614641189575195
2014-07-07,20.638752573174553,21.221917622908453,20.502826469877782,20.875526428222656,927320000,20.875526428222656
2014-07-14,21.015835275788625,21.28768579405887,20.294553021900864,20.702329635620117,995880800,20.702329635620117
2014-07-21,20.82510761039392,21.45869587902106,20.546680224864055,21.412656784057617,1105568000,21.412656784057617
2014-07-28,21.445542343537575,21.800703226862648,20.78564530338164,21.075035095214844,947300000,21.075035095214844
2014-08-04,21.232738764218343,21.27900685153031,20.55193306589028,20.873607635498047,892100000,20.873607635498047
2014-08-11,20.99038062030418,21.633731468213643,20.89564071907061,21.58746337890625,717452000,21.58746337890625
2014-08-18,21.69982457697133,22.356394294575445,21.58745995545041,22.323345184326172,989328000,22.323345184326172
2014-08-25,22.426910848664146,22.67147204825561,22.1867554151331,22.583341598510742,955384000,22.583341598510742
2014-09-01,22.706715145008026,22.85653635201287,21.54560205143141,21.805585861206055,1292640000,21.805585861206055
2014-09-08,21.87828879608538,22.711117621873047,21.182060492041106,22.398256301879883,1848207200,22.398256301879883
2014-09-15,22.65162930379817,22.704508552812154,21.787955074607467,22.244028091430664,1189411600,22.244028091430664
2014-09-22,22.429105570609448,22.680276158962528,21.530178369689043,22.197763442993164,1355299600,22.197763442993164
2014-09-29,21.735077733530627,22.371817322099076,21.600679249208106,21.948793411254883,990996400,21.948793411254883
2014-10-06,22.02150429740658,22.55689463054324,21.66017108370384,22.193359375,1121032800,22.193359375
2014-10-13,22.325556196276086,22.42470187844911,20.970555681205397,21.5191650390625,1434159200,21.5191650390625
2014-10-20,21.662369447784364,23.24210042579216,21.640337268193747,23.182613372802734,1434131600,23.182613372802734
2014-10-27,23.101097414474175,23.80393535652264,23.068048297525415,23.795122146606445,880922400,23.795122146606445
2014-11-03,23.946985693152463,24.40724972501489,23.836345398276126,24.121797561645508,799811600,24.121797561645508
2014-11-10,24.124010817265273,25.268032828317192,23.986817922619974,25.265819549560547,820666800,25.265819549560547
2014-11-17,25.285730400708516,26.015956968833006,25.07108966245019,25.77254867553711,933658800,25.77254867553711
2014-11-24,25.856638101606727,26.498352187425606,25.805744508371376,26.31690216064453,727495600,26.31690216064453
2014-12-01,26.290340117869253,26.387704094596533,24.621884662674933,25.447261810302734,1066358800,25.447261810302734
2014-12-08,25.248117398027897,25.41407785641314,24.197034494921343,24.2811222076416,1039472000,24.2811222076416
2014-12-15,24.495761574122117,25.057814496796542,23.513276864965082,24.734745025634766,1315426400,24.734745025634766
2014-12-22,24.818828006605607,25.341048566330464,24.776784160670086,25.223770141601562,477586000,25.223770141601562
2014-12-29,25.179517146536202,25.396371167333868,23.754469685489944,24.19260597229004,608353600,24.19260597229004
2015-01-05,23.962469230523432,25.06002047662429,23.152581665693578,24.785633087158203,1133010000,24.785633087158203
2015-01-12,24.916184067392052,24.96044118052037,23.278708022841688,23.453519821166992,1216906400,23.453519821166992
2015-01-19,23.862896659108994,25.17066568204172,23.566381495713784,25.000280380249023,794948000,25.000280380249023
2015-01-26,25.168441856145005,26.553658163022106,24.126210975834724,25.925222396850586,1863370800,25.925222396850586
2015-02-02,26.22526819671567,26.77176657948729,25.787624748810423,26.42076301574707,1083029200,26.42076301574707
2015-02-09,26.33634149915232,28.32017559084749,26.309682425061524,28.231313705444336,1212827200,28.231313705444336
2015-02-16,28.32239686014186,28.7689266204834,28.195769220033014,28.7689266204834,777419600,28.7689266204834
2015-02-23,28.884437414808467,29.679748408779115,28.126892159264063,28.537878036499023,1472864800,28.537878036499023
2015-03-02,28.713383764575923,28.94220194815036,27.93806733904428,28.124675750732422,987754000,28.124675750732422
2015-03-09,28.426804617322855,28.784474123348165,27.020570430341508,27.455991744995117,1306056400,27.455991744995117
2015-03-16,27.52041977431768,28.713386621684144,27.29604559435205,27.96917152404785,1066691600,27.96917152404785
2015-03-23,28.24020261053231,28.44458208406395,27.236066096240105,27.38046646118164,837305200,27.38046646118164
2015-03-30,27.558189717700213,28.100244036808675,27.34714251303168,27.84032440185547,648127200,27.84032440185547
2015-04-06,27.651489997372668,28.46235019444256,27.620388593945847,28.235754013061523,728830000,28.235754013061523
2015-04-13,28.517897345945016,28.56233084134903,27.64927640861287,27.713701248168945,684744400,27.713701248168945
2015-04-20,27.89586643741657,29.019966375616807,27.807004534352146,28.942211151123047,829762800,28.942211151123047
2015-04-27,29.39317707508846,29.888579240500935,27.675928663012776,28.646739959716797,1683889200,28.646739959716797
2015-05-04,28.88909496533504,29.127794140647467,27.519372761052004,28.469701766967773,1087568000,28.469701766967773
2015-05-11,28.418393777253453,28.886866975073346,27.845073550509888,28.726247787475586,833206000,28.726247787475586
2015-05-18,28.639239331542306,29.663183860690328,28.634776742939156,29.567256927490234,869189600,29.567256927490234
2015-05-25,29.580650357897497,29.64980517667937,28.804323182257306,29.063098907470703,792594400,29.063098907470703
2015-06-01,29.063096853408894,29.310717789456348,28.634780202616195,28.699472427368164,683363200,28.699472427368164
2015-06-08,28.755250583021102,29.040795093397115,28.02354405166722,28.369319915771484,880458400,28.369319915771484
2015-06-15,28.130614176907883,28.62362474256129,28.043612412497225,28.242155075073242,794100800,28.242155075073242
2015-06-22,28.440703407171757,28.95602361676816,28.22208415629518,28.275623321533203,782376000,28.275623321533203
2015-06-29,27.987843843495334,28.318005673114165,27.76922462151376,28.206464767456055,603927600,28.206464767456055
2015-07-06,27.871842508729635,28.159618254296447,26.5958142547047,27.50152587890625,1102873200,27.50152587890625
2015-07-13,27.89191466958414,28.91585922241211,27.733526810086907,28.91585922241211,756979600,28.91585922241211
2015-07-20,29.21702504407214,29.663188665844388,27.213749633443935,27.773685455322266,1377076000,27.773685455322266
2015-07-27,27.459138928427002,27.642067644878015,26.972822220910746,27.059823989868164,766394400,27.059823989868164
2015-08-03,27.22713065477207,27.46690860943499,25.12066917575839,25.887062072753906,1540002400,25.887062072753906
2015-08-10,26.113394607525613,26.888751360130026,24.567162182181963,25.98566246032715,1378868800,25.98566246032715
2015-08-17,26.00358758376598,26.364375170381653,23.675276165355385,23.699926376342773,1282036000,23.699926376342773
2015-08-24,21.259571602795898,25.391819718233755,20.616428068225062,25.387338638305664,2001452000,25.387338638305664
2015-08-31,25.104975769473917,25.665204637701695,24.058468653948307,24.486482620239258,1192776800,24.486482620239258
2015-09-07,25.042233168086565,25.59349822998047,24.598531103317658,25.59349822998047,1010650800,25.59349822998047
2015-09-14,26.124592985513935,26.194060818054382,25.06912200325826,25.423185348510742,1109104000,25.423185348510742
2015-09-21,25.47248997262165,26.149247514512346,25.181171938892238,25.70554542541504,970785200,25.70554542541504
2015-09-28,25.51282366110135,25.674169857199473,24.047264659453955,24.735225677490234,1255585200,24.735225677490234
2015-10-05,24.623182398863843,25.161002537255133,24.248949867488072,25.12514877319336,1047091200,25.12514877319336
2015-10-12,25.26185024435014,25.2663313246969,24.55147847670433,24.883134841918945,739540000,24.883134841918945
2015-10-19,24.829349653322005,26.71844188608165,24.674725904157317,26.68482780456543,886172800,26.68482780456543
2015-10-26,26.460734379784913,27.16438180961009,25.544198921516173,26.77894401550293,1289448800,26.77894401550293
2015-11-02,27.18613410755735,27.865786687595772,26.91832313782973,27.244646072387695,780813600,27.244646072387695
2015-11-09,27.22214816741957,27.41344102935524,25.266455906955873,25.282209396362305,866221200,25.282209396362305
2015-11-16,25.066156745012485,26.988090726247066,24.9806380616606,26.848560333251953,759924800,26.848560333251953
2015-11-23,26.841807134211123,26.945332009213985,26.35794930631271,26.513233184814453,438881600,26.513233184814453
2015-11-30,26.553742986213962,26.873316422019812,25.705302239274904,26.787796020507812,827063200,26.787796020507812
2015-12-07,26.77654189789032,26.974585961273693,25.396979551716154,25.47124671936035,755416000,25.47124671936035
2015-12-14,25.24619359619321,25.385725681482917,23.812619678284488,23.862131118774414,1260425600,23.862131118774414
2015-12-21,24.14345248009645,24.53054017780593,23.758615771420597,24.312240600585938,506431200,24.312240600585938
2015-12-28,24.21321752198864,24.627311934272832,23.58982749004638,23.68885040283203,495046000,23.68885040283203
2016-01-04,23.09246006867823,23.821624096030867,21.701646216004946,21.8209228515625,1375160800,21.8209228515625
2016-01-11,22.273278642845078,22.772891709090384,21.46084509223923,21.85918426513672,1217348800,21.85918426513672
2016-01-18,22.147251897293526,22.833655864278438,21.024247075492728,22.82465362548828,973536400,22.82465362548828
2016-01-25,22.847154994531135,22.849405983147076,20.792441940492335,21.906442642211914,1521346000,21.906442642211914
2016-02-01,21.828459131360265,22.02305318068609,21.19942327595188,21.274091720581055,868619200,21.274091720581055
2016-02-08,21.072715090548932,21.80131135723256,20.950527978156146,21.267309188842773,924489200,21.267309188842773
2016-02-15,21.500362731733848,22.37603591384179,21.407592117827665,21.73116111755371,673265200,21.73116111755371
2016-02-22,21.79225210436459,22.17917695216546,21.11569942146025,21.928016662597656,636211600,21.928016662597656
2016-02-29,21.9167005216934,23.475714069763075,21.869183620854923,23.308273315429688,807215200,23.308273315429688
2016-03-07,23.167989337978366,23.267549567805023,22.661140554559452,23.138574600219727,622057200,23.138574600219727
2016-03-14,23.059376959410255,24.097964458127866,23.02996049889008,23.966726303100586,728292800,23.966726303100586
2016-03-21,23.96899891190022,24.35818712363183,23.733675766985318,23.910167694091797,479134400,23.910167694091797
2016-03-28,23.98483051735675,24.984952281216945,23.731405271547846,24.88765525817871,591860000,24.88765525817871
2016-04-04,24.984951226515964,25.385453591590256,24.46452671644639,24.586713790893555,582890400,24.586713790893555
2016-04-11,24.65685738824091,25.430707128307798,24.586713628423304,24.855976104736328,649240000,24.855976104736328
2016-04-18,24.638756971767563,24.652332738811157,23.67257632939006,23.912424087524414,756212000,23.912424087524414
2016-04-25,23.758560483625818,23.90563763188337,20.932423629466527,21.210737228393555,1397696400,21.210737228393555
2016-05-02,21.392237611180658,21.831601499460305,20.90961973417624,21.107675552368164,902429200,21.107675552368164
2016-05-09,21.171415800584544,21.346705253223394,20.367812876584004,20.606843948364258,864199200,20.606843948364258
2016-05-16,21.032549002422318,21.72460408030558,20.864088763930702,21.67679786682129,850828800,21.67679786682129
2016-05-23,21.824771330397695,22.931148705465596,21.779240360887947,22.844640731811523,816000000,22.844640731811523
2016-05-30,22.673899993666346,22.85602036985187,21.99778039837552,22.29144859313965,560708000,22.29144859313965
2016-06-06,22.3073829828523,23.195216736991565,22.20721834364434,22.49860954284668,499457600,22.49860954284668
2016-06-13,22.466748259524135,22.5646376948156,21.69501595632158,21.701845169067383,766930400,21.701845169067383
2016-06-20,21.85436466299764,22.056972696447872,21.091738743477556,21.262475967407227,826916000,21.262475967407227
2016-06-27,21.171421074792256,21.96136577343257,20.829946541327864,21.829328536987305,737313600,21.829328536987305
2016-07-04,21.71550224460814,22.05697675530456,21.48330034153941,22.009170532226562,450824000,22.009170532226562
2016-07-11,22.02509995912659,22.605607164408692,22.020547731091607,22.487228393554688,571642400,22.487228393554688
2016-07-18,22.469017710544115,22.99261255251105,22.38023449408964,22.45991325378418,590262000,22.45991325378418
2016-07-25,22.366576107109644,23.800769468251264,21.94997686812303,23.72336769104004,1026284000,23.72336769104004
2016-08-01,23.897661901252402,24.639241929922044,23.803819083977213,24.600332260131836,680596800,24.600332260131836
2016-08-08,24.609482217816595,24.934497178144856,24.52708600185678,24.76054573059082,498023200,24.76054573059082
2016-08-15,24.75139085253668,25.229756909218747,24.737658440558377,25.030628204345703,529485600,25.030628204345703
2016-08-22,24.916190785022792,25.02147670166247,24.332538734832134,24.476736068725586,494422000,24.476736068725586
2016-08-29,24.40349258994948,24.719350326588074,24.14714314310224,24.65755271911621,532002400,24.65755271911621
2016-09-05,24.696458865292122,24.893298248029105,23.604686737060547,23.604686737060547,675214800,23.604686737060547
2016-09-12,23.494825108352632,26.580164975590975,23.46735853746558,26.3032169342041,1552912800,26.3032169342041
2016-09-19,26.36501251496636,26.59160601713553,25.531879192381638,25.797382354736328,804382800,25.797382354736328
2016-09-26,25.55248788238807,26.23913661103606,25.53188925872288,25.875213623046875,625536000,25.875213623046875
2016-10-03,25.797387042332275,26.22081998574715,25.698967342296374,26.10637855529785,504117600,26.10637855529785
2016-10-10,26.32610424761767,27.166105621781163,26.257440441380115,26.92348861694336,834833600,26.92348861694336
2016-10-17,26.854831334928726,27.05624766022435,26.04687496953957,26.687746047973633,462126000,26.687746047973633
2016-10-24,26.802182157715674,27.090575045968556,25.934715921682187,26.0285587310791,840902400,26.0285587310791
2016-10-31,26.146086866337644,26.27952090112679,24.871565588447606,25.039506912231445,625386000,25.039506912231445
2016-11-07,25.324780693209213,25.702075607716807,24.347034361851726,24.9451847076416,829076000,24.9451847076416
2016-11-14,24.77954312060811,25.430607580733323,23.944433342190827,25.320178985595703,793365600,25.320178985595703
2016-11-21,25.333988965226215,25.86312134078848,25.30868244343809,25.718185424804688,376529600,25.718185424804688
2016-11-28,25.635363248820724,25.87462378167214,25.041813182047214,25.283374786376953,622000000,25.283374786376953
2016-12-05,25.30638229835801,26.387654294479216,24.90378076179322,26.215110778808594,607958400,26.215110778808594
2016-12-12,26.063267495179655,26.854667469492426,25.879220418064076,26.67982292175293,780062400,26.67982292175293
2016-12-19,26.64071425477908,27.031812110898084,26.59240053536389,26.806354522705078,453292000,26.806354522705078
2016-12-26,26.806362729693422,27.15144979846251,26.55560030221894,26.645322799682617,339314400,26.645322799682617
2017-01-02,26.640719929889098,27.183657007935995,26.40145937386814,27.126142501831055,415382000,27.126142501831055
2017-01-09,27.13534234043195,27.59085798532997,27.13304302401369,27.386106491088867,555242800,27.386106491088867
2017-01-16,27.225059408102727,27.721985467274983,27.19745357495073,27.606956481933594,465392000,27.606956481933594
2017-01-23,27.606963863758217,28.16830602398642,27.491934847659227,28.05557632446289,498157200,28.05557632446289
2017-01-30,27.82091537618716,30.02027115771153,27.749597954350584,29.69588851928711,999124800,29.69588851928711
2017-02-06,29.836187043045094,30.71650761528476,29.783041758831178,30.527040481567383,545796800,30.527040481567383
2017-02-13,30.748862273921773,31.485929785002806,30.672613545986493,31.358848571777344,546670000,31.358848571777344
2017-02-20,31.476676980617885,31.76549623819508,31.257175049984358,31.576032638549805,351635600,31.576032638549805
2017-02-27,31.686930970748854,32.41244463817486,31.48822322613537,32.29691696166992,509896000,32.29691696166992
2017-03-06,32.20220488979816,32.343148890125676,31.666157946760997,32.14906311035156,398688800,32.14906311035156
2017-03-13,32.08204451858942,32.58343432630365,32.07511313846267,32.3454475402832,486158400,32.3454475402832
2017-03-20,32.44018141313113,32.99471656822272,32.285374695952235,32.495635986328125,518696000,32.495635986328125
2017-03-27,32.20681284120251,33.38750610468383,32.02889919173938,33.19342041015625,508035600,33.19342041015625
2017-04-03,33.2049653792468,33.609312235408176,33.052468004487416,33.11947250366211,421664800,33.11947250366211
2017-04-10,33.179558365558876,33.24425359846346,32.361620237853344,32.59036636352539,349942800,32.59036636352539
2017-04-17,32.68972146739717,33.02244185291793,32.45173465495892,32.872257232666016,356994000,32.872257232666016
2017-04-24,33.15645561258968,33.47993181807178,33.082516179550225,33.19111251831055,364614800,33.19111251831055
2017-05-01,33.52614795771923,34.42264072641439,33.334371506839794,34.41802215576172,701406800,34.41802215576172
2017-05-08,34.57632631228703,36.2908739365039,34.57632631228703,36.21663284301758,693882400,36.21663284301758
2017-05-15,36.195752234428944,36.344237973506935,34.73409717857782,35.51132583618164,629419600,35.51132583618164
2017-05-22,35.729399417998536,35.938206180344324,35.4208269072945,35.638916015625,412906000,35.638916015625
2017-05-29,35.59484053285143,36.065818786621094,35.316430283064086,36.065818786621094,355011600,36.065818786621094
2017-06-05,35.80828926667036,36.1887841088053,33.87797509248136,34.564720153808594,636638800,34.564720153808594
2017-06-12,33.813022035190336,34.22135695215484,32.991707485838134,33.00794982910156,882121600,33.00794982910156
2017-06-19,33.33043070145894,34.142462613482856,33.33043070145894,33.93829345703125,533012000,33.93829345703125
2017-06-26,34.14478692554532,34.40231722927047,33.010262298902866,33.41395950317383,508240800,33.41395950317383
2017-07-03,33.613481906443155,33.710925310479496,33.04041910589899,33.451072692871094,316711600,33.451072692871094
2017-07-10,33.43483295732171,34.64592079378021,33.2631449415931,34.578636169433594,444353600,34.578636169433594
2017-07-17,34.52760113450638,35.20506738318882,34.46959885081598,34.864013671875,424326400,34.864013671875
2017-07-24,34.93593788858819,35.72708993195829,34.17494816727894,34.685367584228516,423272400,34.685367584228516
2017-07-31,34.77816461192613,37.0634557903441,34.367511030970746,36.283905029296875,691234000,36.283905029296875
2017-08-07,36.582448898234205,37.69347933408125,36.01645447402261,36.680274963378906,605076400,36.680274963378906
2017-08-14,37.10885305144484,37.8518656057616,36.50325902688598,36.6849365234375,538514000,36.6849365234375
2017-08-21,36.68493490483779,37.439597702349154,36.12825571733395,37.23462677001953,450684800,37.23462677001953
2017-08-28,37.29984472604242,38.417862517958746,37.25092991494883,38.21056365966797,504514800,38.21056365966797
2017-09-04,38.140685756681236,38.25714586586194,36.92484193250823,36.94813537597656,406640800,36.94813537597656
2017-09-11,37.38368242059284,38.18958766772262,36.78042011176915,37.23927307128906,884310000,37.23927307128906
2017-09-18,37.29286657260618,37.38370534061638,35.068477163952586,35.37826156616211,744754000,35.37826156616211
2017-09-25,34.935701313566476,36.03741284033405,34.74237712530407,35.89765930175781,619427200,35.89765930175781
2017-10-02,35.93026923832087,36.21676364697264,35.51101571614994,36.172508239746094,375137200,36.172508239746094
2017-10-09,36.29128778303754,36.80138347710069,36.12591646782364,36.56613540649414,325219200,36.56613540649414
2017-10-16,36.778104357176275,37.46987775209844,36.107296484888714,36.3937873840332,504205200,36.3937873840332
2017-10-23,36.54286001204363,38.10575654450994,36.16553032233823,37.9776496887207,489613200,37.9776496887207
2017-10-30,38.173294419471674,40.588675944952875,38.133698408866465,40.17873764038086,860709600,40.17873764038086
2017-11-06,40.29278978633078,41.19743397596558,40.140848797902734,40.8304328918457,553701600,40.8304328918457
2017-11-13,40.55693489119761,40.79069244100278,39.360097377589405,39.77384567260742,465838800,39.77384567260742
2017-11-20,39.80657129193239,41.0244496868098,39.6359292805591,40.90055847167969,324037200,40.90055847167969
2017-11-27,40.919268058680416,40.92628050124015,39.07492076145478,39.98423767089844,680394000,39.98423767089844
2017-12-04,40.31850070112556,40.35122661502582,38.91128283655702,39.591514587402344,549924400,39.591514587402344
2017-12-11,39.551784355310964,40.713559887653396,39.45594288532797,40.66680908203125,556588800,40.66680908203125
2017-12-18,40.87952604994499,41.42184177173349,40.49850005950588,40.909912109375,470529600,40.909912109375
2017-12-25,39.925797057086804,40.171243239784474,39.55645963712553,39.55879592895508,388655200,39.55879592895508
2018-01-01,39.776184237044575,40.9940590344742,39.56580030894905,40.907569885253906,404673600,40.907569885253906
2018-01-08,40.75562484509406,41.459233692882485,40.44005076785082,41.3961181640625,440790000,41.3961181640625
2018-01-15,41.5854662210088,42.09973567834527,40.92393550125319,41.716373443603516,510284800,41.716373443603516
2018-01-22,41.44520519769918,41.945446101818284,39.75279962447954,40.09174728393555,766299200,40.09174728393555
2018-01-29,39.77619632370074,39.77619632370074,37.42459530527834,37.518096923828125,1051968400,37.518096923828125
2018-02-05,37.342458368260246,38.46437476404022,35.262922282513344,36.71108627319336,1270616000,36.71108627319336
2018-02-12,37.20163932435145,41.03211898521176,36.96927448343147,40.47115707397461,901347600,40.47115707397461
2018-02-19,40.38196428963799,41.22692040214116,40.1378632307771,41.191715240478516,544825600,41.191715240478516
2018-02-26,41.39121963436096,42.39343141198605,40.47584605945342,41.358360290527344,808513600,41.358360290527344
2018-03-05,41.123646647158175,42.24790886845284,40.90301810559898,42.24321365356445,559410800,42.24321365356445
2018-03-12,42.31597842421655,43.06940113154349,41.689301464223135,41.78318786621094,621670000,41.78318786621094
2018-03-19,41.61887943209973,41.65408458456693,38.71316146850586,38.71316146850586,690682800,38.71316146850586
2018-03-26,39.447813565232536,41.10956151653901,38.77184586883692,39.37974548339844,634123200,39.37974548339844
2018-04-02,39.11218247249076,40.89363544188842,38.602860793064295,39.52058029174805,657635200,39.52058029174805
2018-04-09,39.87264195058168,41.27151526401716,39.86560091837377,41.010986328125,511486000,41.010986328125
2018-04-16,41.08140739592726,41.99912695533391,38.828183580053235,38.8962516784668,676952800,38.8962516784668
2018-04-23,39.15676811015572,39.177891203693264,37.701563170268216,38.09822463989258,648833600,38.09822463989258
2018-04-30,38.05363121632894,43.245428609444815,37.98556313586464,43.1468505859375,1011222800,43.1468505859375
2018-05-07,43.63131819234692,44.85416437928097,43.27553974217815,44.43476867675781,593067600,44.43476867675781
2018-05-14,44.53370630527504,44.6562274323069,43.612451978672745,43.897544860839844,396995200,43.897544860839844
2018-05-21,44.29575745306231,44.684521971347976,43.76797692104783,44.43241500854492,377579600,44.43241500854492
2018-05-28,44.20149927619489,44.82823419974906,43.85749883053055,44.823524475097656,368519600,44.823524475097656
2018-06-04,45.15338225219725,45.756557730677855,44.71278214467778,45.167518615722656,467079200,45.167518615722656
2018-06-11,45.08505757538322,45.44554924433853,44.35700246014303,44.49365997314453,560749200,44.49365997314453
2018-06-18,44.26747712707472,44.583201289818575,43.223697747578385,43.57005310058594,502417600,43.57005310058594
2018-06-25,43.21192173810471,44.12611188488405,42.58282819526376,43.61482620239258,486482000,43.61482620239258
2018-07-02,43.31088109651967,44.39706605714836,43.21663265635391,44.2886848449707,263102000,44.2886848449707
2018-07-09,44.64917939448615,45.20051932204773,44.2038658229617,45.08035659790039,340328800,45.08035659790039
2018-07-16,45.12511952370608,45.39136281791604,44.57848937820802,45.10626983642578,351736000,45.10626983642578
2018-07-23,44.927189800549925,46.17124372309229,44.66330142663369,44.99787521362305,377988800,44.99787521362305
2018-07-30,45.21463718855054,49.18240706250677,44.547848130795366,49.00569534301758,896758400,49.00569534301758
2018-08-06,49.17994136472234,49.600807882006464,48.35712412515573,49.06881332397461,486568400,49.06881332397461
2018-08-13,49.489676662685284,51.532535490008144,49.10900488129691,51.44505310058594,557495600,51.44505310058594
2018-08-20,51.568015964177924,51.82337022021247,50.56077045544998,51.109317779541016,451300800,51.109317779541016
2018-08-27,51.34338179258299,54.11448247965439,51.149501217562964,53.82129669189453,650762400,53.82129669189453
2018-09-03,54.00571824787097,54.3036338699499,52.18511556397365,52.324615478515625,530531600,52.324615478515625
2018-09-10,52.24185749940899,53.991530407866534,51.18259838364226,52.925174713134766,792999600,52.925174713134766
2018-09-17,52.52559252955274,52.71474686434245,50.90596688099688,51.46397018432617,874984400,51.46397018432617
2018-09-24,51.26535422437205,53.539925023467575,51.220429668827585,53.37441635131836,517372400,53.37441635131836
2018-10-01,53.89694895259597,55.202109700452844,52.15437270372623,53.03157043457031,570665200,53.03157043457031
2018-10-08,52.539781814094205,53.73617783441697,50.20137042678549,52.516136169433594,768031200,52.516136169433594
2018-10-15,52.29151461068435,52.72420391210242,50.36214698699618,51.854095458984375,594081600,51.854095458984375
2018-10-22,51.96759450554066,53.01739774284377,50.284128331310725,51.14241409301758,742398400,51.14241409301758
2018-10-29,51.825717257355194,52.57523788776812,48.57227336106089,49.05698013305664,1082425200,49.05698013305664
2018-11-05,48.473649723875916,49.854541806897096,47.01920182834738,48.51398468017578,764797600,48.51398468017578
2018-11-12,47.21612447097266,47.41780283270472,44.115043603350365,45.91827392578125,968906000,45.91827392578125
2018-11-19,45.08072682639405,45.24681299062045,40.83364927354388,40.878726959228516,657994800,40.878726959228516
2018-11-26,41.34139793624486,43.37240260937656,40.39707279397509,42.37113571166992,854999600,42.37113571166992
2018-12-03,43.76626967356579,43.880156812723385,39.9320343246601,39.977115631103516,670107200,39.977115631103516
2018-12-10,39.14906752917985,40.9451810317994,38.752831946818354,39.26295471191406,870150800,39.26295471191406
2018-12-17,39.255826815204124,39.9439033293278,35.50226452935719,35.76325607299805,1150777200,35.76325607299805
2018-12-24,35.15110788697749,37.611569368803295,34.78097191165058,37.0682258605957,764640800,37.0682258605957
2018-12-31,37.61392500003598,37.81085698050389,33.69190305388835,35.17719268798828,887850000,35.17719268798828
2019-01-07,35.2816083387919,36.66487562486525,34.617259898664315,36.13339614868164,814824400,36.13339614868164
2019-01-14,35.79172948356421,37.45971625451414,35.40498310330567,37.208213806152344,621168000,37.208213806152344
2019-01-21,37.11092424450042,37.51902368512095,35.993395325269546,37.43123245239258,450006400,37.43123245239258
2019-01-28,36.963823327952774,40.098121905369304,36.45844709362577,39.509700775146484,809187200,39.509700775146484
2019-02-04,39.891225309608885,41.83562849634696,39.860247148458555,40.6060791015625,605593600,40.6060791015625
2019-02-11,40.75857609935593,41.09932128647946,40.3296631496032,40.608455657958984,448918400,40.608455657958984
2019-02-18,40.43928085823242,41.299488405254266,40.38685795562675,41.216087341308594,325000400,41.216087341308594
2019-02-25,41.49965132016725,41.907115994340586,41.15890241443758,41.69266128540039,483522400,41.69266128540039
2019-03-04,41.864228485803935,42.35509425662051,40.38924599998411,41.20179748535156,467119200,41.20179748535156
2019-03-11,41.81655920842593,44.63784755758058,41.78319951509225,44.34952163696289,632534000,44.34952163696289
2019-03-18,44.273275076376116,47.106478547794836,44.01830883406837,45.524269104003906,729373200,45.524269104003906
2019-03-25,45.633880821274175,45.960333184150684,43.98257034699177,45.26215744018555,671354400,45.26215744018555
2019-04-01,45.664856880483676,46.965892290363215,44.888050456668445,46.94206237792969,446161600,46.94206237792969
2019-04-08,46.80385308820973,48.33602470785712,46.75381536646613,47.38764953613281,528026800,47.38764953613281
2019-04-15,47.31855220051508,48.64579541672132,47.18272824504615,48.57669448852539,385342400,48.57669448852539
2019-04-22,48.33126281204503,49.67756926292644,48.16207915688333,48.681541442871094,389981600,48.681541442871094
2019-04-29,48.70537095087544,51.30505681832001,47.44484701240985,50.456764221191406,745822400,50.456764221191406
2019-05-06,48.866613636892055,49.954984327988555,46.111007044630455,47.16588592529297,694654400,47.16588592529297
2019-05-13,44.90064404216575,46.03924513613884,43.738121269563976,45.20921325683594,745662000,45.20921325683594
2019-05-20,43.89838733662938,44.97001213575471,42.532541213130195,42.81001663208008,627880400,42.81001663208008
2019-05-27,42.79805093183853,43.19751810947124,41.85798817518111,41.87712478637695,418765600,41.87712478637695
2019-06-03,42.003905952710824,45.90768378892111,40.7289578441816,45.48429489135742,617392800,45.48429489135742
2019-06-10,45.8813685099095,47.07259431701685,45.52017454036724,46.10382843017578,447372400,46.10382843017578
2019-06-17,46.14210435425524,48.04376482331306,45.96748776480971,47.548614501953125,526635600,47.548614501953125
2019-06-24,47.4912073462314,48.215993433724336,46.71380012806548,47.34290313720703,469474000,47.34290313720703
2019-07-01,48.598714450560514,49.05559156534589,47.99592383602459,48.85226821899414,291262800,48.85226821899414
2019-07-08,48.03419928054996,48.890543702980615,47.46011538782846,48.62981414794922,406402800,48.62981414794922
2019-07-15,48.81878336421431,49.39526162771868,48.40496451880691,48.45998001098633,349566400,48.45998001098633
2019-07-22,48.71353550633961,50.167885587126946,48.70396902255648,49.69187545776367,348612800,49.69187545776367
2019-07-29,49.8641024854728,52.952200749390805,48.23035068507519,48.80204391479492,879082000,48.80204391479492
2019-08-05,47.539585108349286,48.8697986293287,46.24058353051353,48.259918212890625,692845600,48.259918212890625
2019-08-12,47.93097739515388,50.93716944228958,47.8181248831999,49.582942962646484,644382400,49.582942962646484
2019-08-19,50.57219423895209,51.48942031849465,48.26232683356407,48.65610885620117,567620000,48.65610885620117
2019-08-26,49.42927124772664,50.531380318643734,48.819390665119904,50.120792388916016,439958400,50.120792388916016
2019-09-02,49.5661187807309,51.484607253260535,49.035475449561254,51.206077575683594,329948400,51.206077575683594
2019-09-09,51.58545691086565,54.365943299182824,50.680240893670494,52.5242919921875,701467600,52.5242919921875
2019-09-16,52.27938461303711,53.727254137608696,52.21695705097918,52.27938461303711,569162000,52.27938461303711
2019-09-23,52.57231149216337,53.42230662576708,52.13771109583205,52.541099548339844,465780800,52.541099548339844
2019-09-30,53.04052788830664,54.79814248020552,51.65508980930742,54.507606506347656,634486800,54.507606506347656
2019-10-07,54.32993206933154,57.059993724351415,53.86411601388558,56.716636657714844,588705600,56.716636657714844
2019-10-14,56.40208602469841,57.17764737951004,55.99389795910513,56.76465606689453,422709600,56.76465606689453
2019-10-21,57.03118301269713,59.242603940499954,56.9831615309187,59.20658874511719,388122000,59.20658874511719
2019-10-28,59.40827407717641,61.45161774300314,56.96874499039838,61.425209045410156,654221600,61.425209045410156
2019-11-04,61.97326103341045,62.72225196075492,61.50123263249691,62.65000534057617,423960800,62.65000534057617
2019-11-11,62.206882823872874,64.00830825530088,62.20206883126731,64.00349426269531,461333600,64.00349426269531
2019-11-18,64.0131052652457,64.54293829557379,62.71261469488277,63.04496383666992,455825200,63.04496383666992
2019-11-25,63.26894865271011,64.54295150714015,63.21837600979212,64.3623275756836,301081200,64.3623275756836
2019-12-02,64.36717021230997,65.26547627703798,61.72283938276922,65.19563293457031,456599200,65.19563293457031
2019-12-09,65.02463228341696,66.3010387920999,63.79879843084187,66.2649154663086,568117600,66.2649154663086
2019-12-16,66.710442337788,68.07114122602003,66.70562834521057,67.2980728149414,732720000,67.2980728149414
2019-12-23,67.5605814607997,70.79736320865955,67.5220474698005,69.7930908203125,386438000,69.7930908203125
2019-12-30,69.7112073747024,72.39407856325825,68.6900823583939,71.6306381225586,526723200,71.6306381225586
2020-01-06,70.75402554451765,75.3009342510977,70.50355824129528,74.73738098144531,670091600,74.73738098144531
2020-01-13,75.05286328224791,76.7627640392473,74.5495181004147,76.76036071777344,652055600,76.76036071777344
2020-01-20,76.38947201983937,77.8681760847734,76.01858883075035,76.6592025756836,463685200,76.6592025756836
2020-01-27,74.67236401351518,78.95676704625052,73.42485610627479,74.53990936279297,866734800,74.53990936279297
2020-02-03,73.45906864480811,78.50923218107413,72.9569526983024,77.25634765625,652341200,77.25634765625
2020-02-10,75.84414854395831,78.992052192031,75.76448863184464,78.4440689086914,492263600,78.4440689086914
2020-02-17,76.1289991857834,78.37163961514494,74.95578178960817,75.57135772705078,476635200,75.57135772705078
2020-02-24,71.75960029258476,73.43010823630668,61.88860853206062,65.99005126953125,1398039200,65.99005126953125
2020-03-02,68.14336903685711,73.38665253219455,67.04256983823811,69.77284240722656,1293800800,69.77284240722656
2020-03-09,63.6701702518444,69.1476160090353,59.868065298416724,67.1029281616211,1616839600,67.1029281616211
2020-03-16,58.40758471474142,62.542824775694264,55.04000612907548,55.33934783935547,1620263600,55.33934783935547
2020-03-23,55.05930116648588,62.44624477436738,51.32478937492809,59.805294036865234,1384190000,59.805294036865234
2020-03-30,60.52952081074798,63.3660085284548,57.18849324590231,58.277225494384766,837010800,58.277225494384766
2020-04-06,60.56811897269662,65.58931472524512,60.20118841208747,64.6937026977539,735437600,64.6937026977539
2020-04-13,64.77096410580019,69.58454986165653,64.17228085121006,68.2688980102539,829547200,68.2688980102539
2020-04-20,67.09810131545544,68.31960235496462,64.07572498127644,68.30994415283203,678844800,68.30994415283203
2020-04-27,68.02748588212368,72.17962796257615,67.15843939895538,69.7824935913086,790054000,69.7824935913086
2020-05-04,69.99561787668166,75.1223827731926,69.3057540287563,75.06912994384766,672706400,75.06912994384766
2020-05-11,74.57775843088118,77.38319799588916,72.66792527667609,74.48335266113281,834147600,74.48335266113281
2020-05-18,75.80497862203984,77.67365857990741,75.1151148340449,77.18954467773438,532904800,77.18954467773438
2020-05-25,78.30543867074515,78.48455848501038,75.78562444099077,76.95960235595703,525560400,76.95960235595703
2020-06-01,76.91359912072551,80.30239656428226,76.78288629383052,80.24188232421875,497736000,80.24188232421875
2020-06-08,79.93931180111547,85.87454585750862,79.23008667444094,82.00889587402344,811826800,82.00889587402344
2020-06-15,80.6654967440034,86.3078449275457,80.50331530072255,84.65217590332031,779940400,84.65217590332031
2020-06-22,85.04428979886063,90.1371702073411,84.99829838638875,85.59860229492188,883003200,85.59860229492188
2020-06-29,85.50663294382372,89.67485466688348,85.02978037120505,88.13536834716797,495648000,88.13536834716797
2020-07-06,89.56106880247297,93.25727565832831,89.52960021800209,92.87240600585938,564072000,92.87240600585938
2020-07-13,94.17468138420931,96.77921666855477,90.89481249208406,93.2669677734375,718600800,93.2669677734375
2020-07-20,93.35409237332843,96.09659393225256,86.31265031235033,89.67240142822266,665196000,89.67240142822266
2020-07-27,90.73262638232036,103.03396237192649,90.28481954677662,102.8838882446289,847635600,102.8838882446289
2020-08-03,104.95114518604498,110.97710792172725,104.65288302709702,107.77619934082031,1003474000,107.77619934082031
2020-08-10,109.21903555799764,112.55817470808292,105.831402163802,111.4572525024414,941551200,111.4572525024414
2020-08-17,112.577575955783,121.11819493819868,110.54063260433533,120.63563537597656,835695200,120.63563537597656
2020-08-24,124.83317159755804,124.91805316761864,119.35767390188131,121.05998229980469,1063638000,121.05998229980469
2020-08-31,123.74923871740658,133.8369586490922,107.56037630423063,117.32801055908203,1167976600,117.32801055908203
2020-09-07,110.52849243676195,116.88182268823897,106.69709954942977,108.63704681396484,771441800,108.63704681396484
2020-09-14,111.27538616285418,115.26197873764488,102.90450823656477,103.63198852539062,944587000,103.63198852539062
2020-09-21,101.40105127927835,109.47123215081058,100.00428678602653,108.90864562988281,847212600,108.90864562988281
2020-09-28,111.55667196615939,114.18529967922568,108.85044458473479,109.62641906738281,640562200,109.62641906738281
2020-10-05,110.48969269786323,113.48690747123634,108.87953302261776,113.45780944824219,548575100,113.45780944824219
2020-10-12,116.45503201129148,121.6249932513189,114.60238622040103,115.44625854492188,881222300,115.44625854492188
2020-10-19,116.35802232683595,116.80420925706177,110.84857244879218,111.58575439453125,519569600,111.58575439453125
2020-10-26,110.58670521911802,113.75851600815906,104.4855696692542,105.59133911132812,684467100,105.59133911132812
2020-11-02,106.01640340527098,116.22841532014543,104.27715440797652,115.32478332519531,609571800,115.32478332519531
2020-11-09,117.0834641736728,118.53121613634093,110.89407007935218,115.87862396240234,589577900,115.87862396240234
2020-11-16,115.5482579126113,117.55956687913832,113.49808217703568,114.01305389404297,389493400,114.01305389404297
2020-11-23,113.85760025343889,114.28512732250954,109.39773649249155,113.2843246459961,365024000,113.2843246459961
2020-11-30,113.65356369582832,120.27047814583074,113.4980965998778,118.78385925292969,543370600,118.78385925292969
2020-12-07,118.84215278617282,122.37894758824073,116.743398933983,118.93932342529297,452278700,118.93932342529297
2020-12-14,119.12394728611567,125.90604812051153,118.09400360858791,123.06884002685547,621538100,123.06884002685547
2020-12-21,121.47530510406705,130.59907728608172,119.94981960524272,128.22825622558594,433310200,128.22825622558594
2020-12-28,130.19100064420957,134.8548948768169,127.98535756948488,128.9278564453125,441102200,128.9278564453125
2021-01-04,129.73430671952633,129.821751387965,122.79674058001456,128.3059844970703,610791200,128.3059844970703
2021-01-11,125.52706588578445,127.72298255116088,123.26312682058122,123.53518676757812,482792700,123.53518676757812
2021-01-18,124.15706439762103,135.88485193048166,123.34088439751486,135.12696838378906,429687100,135.12696838378906
2021-01-25,139.01353444402002,140.97625058264626,126.51815423658083,128.21853637695312,716991000,128.21853637695312
2021-02-01,130.15198637620816,133.72325779067754,127.40784017177805,133.0810089111328,439303000,133.0810089111328
2021-02-08,132.3706270601372,134.17086575884338,130.09357945780974,131.72837829589844,345543100,131.72837829589844
2021-02-15,131.84520024009586,132.35120107300364,123.98255785936695,126.37637329101562,363020300,126.37637329101562
2021-02-22,124.56640466528373,126.23041058232607,115.20519650913747,117.99799346923828,685989200,117.99799346923828
2021-03-01,120.4210091234792,125.25731265755591,114.40725661331615,118.1536865234375,663456700,118.1536865234375
2021-03-08,117.67686913050791,119.89553379016188,113.08384039865612,117.77417755126953,586977300,117.77417755126953
2021-03-15,118.14396764675281,123.79767115458357,116.46050290360724,116.76216125488281,626343500,116.76216125488281
2021-03-22,117.0929935644465,120.89780644011233,115.72092053842741,117.9493179321289,488825800,117.9493179321289
2021-03-29,118.37747256198237,120.83941138090094,115.66252597190376,119.69115447998047,359904000,119.69115447998047
2021-04-05,120.53774544002954,129.46105181635357,119.75926346646156,129.42213439941406,447820500,129.42213439941406
2021-04-12,128.95508260221374,131.3683639453113,127.11592610091188,130.55096435546875,444178800,130.55096435546875
2021-04-19,129.91838170799625,131.88404493111867,127.76784223345864,130.70660400390625,421147600,130.70660400390625
2021-04-26,131.2029458997645,133.38269310397382,127.54409883928643,127.9236068725586,501621500,127.9236068725586
2021-05-03,128.70622229668922,130.6849821523119,123.50105120705817,126.92243957519531,453802300,126.92243957519531
2021-05-10,126.14264456080245,126.26935219140104,119.16341751926923,124.23212432861328,514165600,124.23212432861328
2021-05-17,123.61802700983726,124.76823446881733,119.75801064837019,122.26312255859375,386352000,122.26312255859375
2021-05-24,122.82850626790045,125.08018853043191,121.40536918625511,121.46385192871094,357615000,121.46385192871094
2021-05-31,121.92199340770189,122.97472745150219,120.02122236693441,122.71154022216797,278314500,122.71154022216797
2021-06-07,122.98444366123019,125.21663380915713,121.67827970375042,124.13465118408203,327048100,124.13465118408203
2021-06-14,124.59280082236482,129.20338107229895,123.86173681954932,127.16615295410156,457142800,127.16615295410156
2021-06-21,127.01017143123272,131.2405909705742,125.94769546429116,129.7492218017578,354155800,129.7492218017578
2021-06-28,130.04165676167958,136.46526832234767,129.98317402644972,136.42628479003906,321267200,136.42628479003906
2021-07-05,136.53351517495074,141.97261806281588,136.53351517495074,141.44625854492188,418559700,141.44625854492188
2021-07-12,142.51847575498658,146.2127787538117,140.00361417559705,142.6939239501953,504249300,142.6939239501953
2021-07-19,140.12058870414094,144.9651069434816,138.09310292276305,144.80914306640625,441563700,144.80914306640625
2021-07-26,144.52646268502653,146.0470732093678,138.94112380907586,142.17730712890625,423324000,142.17730712890625
2021-08-02,142.87846423394205,144.51849410849044,141.7265257208771,142.6636962890625,284559400,142.6636962890625
2021-08-09,142.72224365893942,145.88517705910473,141.84365849569159,145.5532684326172,298082900,145.5532684326172
2021-08-16,145.0065823924591,148.07188871255732,141.06269087644077,144.6649169921875,429361600,144.6649169921875
2021-08-23,144.78204511811956,147.27138948443636,143.33725507209095,145.06515502929688,272129100,145.06515502929688
2021-08-30,145.45563415694204,151.2933795985863,145.07491195196127,150.6295623779297,386647700,150.6295623779297
2021-09-06,151.28363543018773,153.519155251495,145.1627795675759,145.42636108398438,354897400,145.42636108398438
2021-09-13,147.04685307448807,147.81805418256863,142.29268938190515,142.58555603027344,492884800,142.58555603027344
2021-09-20,140.3793621120927,143.96206024126909,137.90954565002883,143.42514038085938,394033300,143.42514038085938
2021-09-27,142.0096092787705,142.48795868445387,135.80089824481317,139.25668334960938,441421300,139.25668334960938
2021-10-04,138.38789640122351,140.7893860136441,134.9809238722236,139.5007781982422,382910100,139.5007781982422
2021-10-11,138.88574929573903,141.45317790755652,135.88876992719295,141.3946075439453,354098200,141.3946075439453
2021-10-18,140.0376423944343,146.60754657748723,139.75454739991224,145.1529998779297,340691300,145.1529998779297
2021-10-25,145.14321975379954,149.52641780393122,142.927228830471,146.23658752441406,392740000,146.23658752441406
2021-11-01,145.6581747281554,149.02123423305122,144.49478404994485,147.89695739746094,324080300,147.89695739746094
2021-11-08,148.02403079862083,148.18045630839643,144.18190939663026,146.6357879638672,281799900,146.6357879638672
2021-11-15,147.00728699713738,157.41913113659675,146.00032197039258,156.9596405029297,462419300,156.9596405029297
2021-11-22,158.0643562480593,161.994461494385,152.8633347292546,153.3032684326172,359933200,153.3032684326172
2021-11-29,155.8060447207116,166.491627686308,154.27116198586788,158.22080993652344,669611100,158.22080993652344
2021-12-06,160.61598465853814,175.61294836881706,160.60621365834194,175.4369659423828,569227700,175.4369659423828
2021-12-13,177.06961881824915,178.05704179209707,165.89523442801953,167.31280517578125,769299200,167.31280517578125
2021-12-20,164.51674904459207,172.89510508509778,163.71509448180723,172.3378448486328,359176900,172.3378448486328
2021-12-27,173.12973776798364,177.27492413845306,173.11019576805808,173.59901428222656,340248100,173.59901428222656
2022-01-03,173.85319227203271,178.84891801838714,167.2052575825263,168.31976318359375,481949000,168.31976318359375
2022-01-10,165.29889873496393,173.2177510646111,164.40924530722287,169.19967651367188,422655700,169.19967651367188
2022-01-17,167.6745182371612,168.68148316419106,158.67048972769118,158.7780303955078,400041100,158.7780303955078
2022-01-24,156.4414985796831,166.54049197821774,151.24046185905792,166.52093505859375,688258600,166.52093505859375
2022-01-31,166.56668377448761,172.51829238136438,165.93040105771038,168.7495880126953,458553300,168.7495880126953
2022-02-07,169.2096517562447,172.91961034609,164.49143031742815,165.07876586914062,412902000,165.07876586914062
2022-02-14,163.83558860522686,169.6795193724052,162.68051421778296,163.76707458496094,362252300,163.76707458496094
2022-02-21,161.4960495146284,163.169945357062,148.79015736406626,161.36880493164062,414293700,161.36880493164062
2022-02-28,159.61659599707787,165.34306524021494,158.54961753695085,159.72427368164062,418671400,159.72427368164062
2022-03-07,159.910271254839,161.53522004830216,151.23737032666907,151.46250915527344,521334100,151.46250915527344
2022-03-14,148.25181051302098,161.0066533584347,146.93032757515658,160.5172119140625,503123700,160.5172119140625
2022-03-21,160.0571132932817,171.57856745870845,159.56767191761526,171.0303955078125,446083700,171.0303955078125
2022-03-28,168.53426531039403,175.81715639888398,168.30912642802448,170.6290740966797,465395100,170.6290740966797
2022-04-04,170.88357456667973,174.7207932829516,165.6269638660641,166.4981689453125,393099200,166.4981689453125
2022-04-11,165.1472911712711,167.65322825491936,161.55477886000992,161.79949951171875,297460200,161.79949951171875
2022-04-18,160.45846877306812,167.90776757089145,158.08957416008516,158.37344360351562,376787700,158.37344360351562
2022-04-25,157.71757060878642,162.69029635210208,152.09879365670588,154.3208465576172,541697200,154.3208465576172
2022-05-02,153.62613074063518,163.2038574029116,150.25382366278208,154.18490600585938,566928200,154.18490600585938
2022-05-09,151.88111343695476,153.65550687292784,136.06854711901826,144.2150115966797,686227300,144.2150115966797
2022-05-16,142.68571601156725,146.82267158092984,130.00036063657,134.88235473632812,548244700,134.88235473632812
2022-05-23,135.07844023585753,146.73445772780877,134.44123749271193,146.69525146484375,495921700,146.69525146484375
2022-05-30,146.13644476725236,148.75389979357507,141.6171647882395,142.51905822753906,338923400,142.51905822753906
2022-06-06,144.1365664493911,146.92067393950174,134.36276684809005,134.431396484375,354267700,134.431396484375
2022-06-13,130.25524162834253,134.63727753169417,126.50061054326552,128.9710235595703,541168600,128.9710235595703
2022-06-20,130.7943755901749,139.1173030558868,130.69635250307977,138.87222290039062,315960300,138.87222290039062
2022-06-27,139.89176675114953,140.6662285133156,131.13750971396846,136.19595336914062,373549800,136.19595336914062
2022-07-04,135.05878505943832,144.64632016905765,134.23530431497213,144.14634704589844,278219600,144.14634704589844
2022-07-11,142.80335361751014,147.89122183493336,139.32321118931117,147.2147979736328,366316600,147.2147979736328
2022-07-18,147.7735815822632,153.20455292364784,143.81307666949718,151.05764770507812,360988700,151.05764770507812
2022-07-25,150.979208227193,160.409904944982,147.83238668580114,159.3119354248047,370548900,159.3119354248047
2022-08-01,158.06068433422763,164.12748960504993,156.70597275240706,162.32119750976562,322415000,162.32119750976562
2022-08-08,163.32254857381906,169.01631131920942,160.25970329502942,168.94760131835938,318771500,168.94760131835938
2022-08-15,168.37820434570312,172.92338461397037,168.1720444080825,168.37820434570312,322647200,168.37820434570312
2022-08-22,166.58171456492244,167.91680343416758,160.56399573070382,160.62289428710938,307194600,160.62289428710938
2022-08-29,158.19809726566265,159.91604129731272,151.8368001312377,152.95591735839844,390399000,152.95591735839844
2022-09-05,153.60387266168195,154.92915012061422,149.88328733938926,154.4873809814453,314117000,154.4873809814453
2022-09-12,156.66670120409864,161.25115652427297,145.65222273370736,147.93954467773438,568337900,147.93954467773438
2022-09-19,146.57505013420547,155.83232632720237,145.83878806603744,147.67453002929688,473543200,147.67453002929688
2022-09-26,146.91858954689462,151.88590002550274,135.47216932618974,135.6685028076172,577537000,135.6685028076172
2022-10-03,135.6783423840259,144.83742675633863,135.1678632993517,137.52389526367188,435940600,137.52389526367188
2022-10-10,137.84788679326036,141.8727919675868,131.90870329623314,135.8452606201172,424188400,135.8452606201172
2022-10-17,138.4859883513039,145.14179598739213,137.70063918029183,144.57241821289062,397216400,144.57241821289062
2022-10-24,144.49387804177275,154.6150242142885,141.48993139658143,152.88726806640625,512851100,152.88726806640625
2022-10-31,150.60394008614793,152.85571602905847,132.13735779737468,136.0706024169922,510660400,136.0706024169922
2022-11-07,134.82179169969427,147.5064994693465,132.34384341297815,147.20167541503906,461034600,147.20167541503906
2022-11-14,146.4838776863334,151.026770846782,143.71093276742033,148.76515197753906,382679700,148.76515197753906
2022-11-21,147.6540204269736,149.29614840870514,144.47791429668996,145.6382293701172,204025500,145.6382293701172
2022-11-28,142.7177320723702,146.6411476527432,138.0076798378825,145.34317016601562,401088500,145.34317016601562
2022-12-05,145.3038818376087,148.40130572398846,137.66355057929945,139.78750610351562,341500000,139.78750610351562
2022-12-12,140.31850352542176,147.4671800632716,131.4982009688156,132.2651824951172,505728900,132.2651824951172
2022-12-19,132.85516980018537,134.5267957508791,127.47645662054781,129.65940856933594,384620400,129.65940856933594
2022-12-26,129.18744055422076,129.21693869224086,123.76939330979546,127.76162719726562,307184100,127.76162719726562
2023-01-02,128.10576073618165,128.71540877797028,122.09772969825072,127.45677185058594,369948500,127.45677185058594
2023-01-09,128.29257392330788,132.66830441383743,125.9817873138596,132.51097106933594,333335200,132.51097106933594
2023-01-16,132.5798029149509,136.2967167054431,131.53749582083114,135.56906127929688,271823400,135.56906127929688
2023-01-23,135.8149113166348,144.77287517943125,135.598581695033,143.49456787109375,338655600,143.49456787109375
2023-01-30,142.54078823106792,154.75351068440185,138.96153631239744,151.92156982421875,480249700,151.92156982421875
2023-02-06,150.2528422568873,152.872431945442,146.95371454850684,148.71652221679688,330758800,148.71652221679688
2023-02-13,148.65744823973483,153.95574445414582,148.55897600306773,150.233154296875,316792400,150.233154296875
2023-02-20,147.91884351713963,149.00214334403574,143.5068874555982,144.4818572998047,213742300,144.4818572998047
2023-02-27,145.46663690991593,148.8149928448926,141.71448928323574,148.7362060546875,273994900,148.7362060546875
2023-03-06,151.4543110499886,153.92620009594356,145.3681768808884,146.24465942382812,313350800,146.24465942382812
2023-03-13,145.56511634153824,154.35949876084172,145.45678637801788,152.6459197998047,410426600,152.6459197998047
2023-03-20,152.71485666372172,159.67747208830434,151.80881608779399,157.81617736816406,350100100,157.81617736816406
2023-03-27,157.51092225487466,162.49407137264149,153.61105793003057,162.3955841064453,267939700,162.3955841064453
2023-04-03,161.7751339777046,164.30609398192385,159.34264619532416,162.15921020507812,200156300,162.15921020507812
2023-04-10,158.96841920816448,163.794009087704,157.3533274386682,162.70086669921875,263326300,162.70086669921875
2023-04-17,162.58269248886975,165.60607408559875,161.5387936401771,162.51376342773438,249953100,162.51376342773438
2023-04-24,162.49403650023365,167.2703823718156,160.32745235230595,167.1029510498047,256340700,167.1029510498047
2023-05-01,166.70907499279,171.65283843062485,161.81455519014816,170.93392944335938,360723200,170.93392944335938
2023-05-08,170.09539117464604,172.17622018720837,168.6358569767775,170.1841583251953,250062000,170.1841583251953
2023-05-15,170.76599313382403,173.9513327998332,168.0638693792801,172.73834228515625,258634800,172.73834228515625
2023-05-22,171.57464281739325,173.3399036765556,168.16248732460926,173.0045928955078,250355000,173.0045928955078
2023-05-29,174.51347592667767,179.26683000310032,174.12886840794673,178.44830322265625,286488400,178.44830322265625
2023-06-05,180.1050547600958,182.3929717880525,174.86847054338858,178.45814514160156,347854400,178.45814514160156
2023-06-12,178.76385712945708,184.40477651433866,178.4680017677381,182.36338806152344,333356300,182.36338806152344
2023-06-19,181.86045463671482,184.96689848868263,180.06560971045454,184.09906005859375,203677100,184.09906005859375
2023-06-26,184.24701310638451,191.79124321876165,182.6691276349102,191.28829956054688,281596800,191.28829956054688
2023-07-03,191.10089392568455,191.19951739508414,186.58421289766645,188.0437469482422,170287800,188.0437469482422
2023-07-10,186.64341230182828,189.0496809000893,184.02019912054996,188.05364990234375,250269000,188.05364990234375
2023-07-17,189.2469062821831,195.48939352235385,188.5861710830146,189.28636169433594,310848600,189.28636169433594
2023-07-24,190.73603312468703,194.47362824013445,189.59206697644484,193.12257385253906,225884500,193.12257385253906
2023-07-31,193.34940810876205,194.0101433480391,179.40489853673822,179.47393798828125,301580500,179.47393798828125
2023-08-07,179.85456095959043,180.8420674447262,174.34427296435433,175.5687713623047,332501200,175.5687713623047
2023-08-14,175.74651561945004,177.44502783682597,169.8116075662743,172.30999755859375,261498200,172.30999755859375
2023-08-21,172.88272872115502,179.28176508723965,171.56934358299688,176.3784942626953,247469000,176.3784942626953
2023-08-28,177.8400119533102,187.54720101813678,176.3192588299661,187.09295654296875,264199500,187.09295654296875
2023-09-04,185.9276766324962,187.60643425368949,171.37182899778944,175.953857421875,305075900,175.953857421875
2023-09-11,177.82026557367078,178.04738780218364,171.41134430178388,172.82347106933594,403746500,172.82347106933594
2023-09-18,174.27510445843689,177.45487589247915,171.68784282095717,172.60621643066406,297395200,172.60621643066406
2023-09-25,172.02360296757246,174.75899977315262,165.5258093835257,169.0709686279297,285838900,169.0709686279297
2023-10-02,169.0808377075624,175.76625988669193,168.68584119656302,175.2725067138672,260574000,175.2725067138672
2023-10-09,174.60101789825725,180.0619275140802,173.60364178038947,176.61553955078125,241810100,176.61553955078125
2023-10-16,174.54176850666522,176.8426603890757,170.48311631376995,170.72012329101562,288377700,170.72012329101562
2023-10-23,168.77471109878664,171.83597169218046,163.6001724859782,166.11831665039062,286078100,166.11831665039062
2023-10-30,166.90832985348607,175.55888017713156,165.80231247952202,174.4429931640625,310075900,174.4429931640625
2023-11-06,174.4058366311127,184.48178544542026,174.23774120045226,184.3136749267578,303608500,184.3136749267578
2023-11-13,183.74018449162747,188.82265354186825,182.14820409383597,187.56686401367188,262862000,187.56686401367188
2023-11-20,187.76461308975908,190.77058057093706,187.13177703645835,187.84371948242188,148305600,187.84371948242188
2023-11-27,187.79426976061077,189.9399796671391,186.08363745503772,189.09950256347656,216481400,189.09950256347656
2023-12-04,187.85359390622634,193.79633503305183,185.35191281370282,193.51947021484375,251991700,193.51947021484375
2023-12-11,190.9485708132552,197.38570065196657,189.27748412775222,195.35865783691406,379414800,195.35865783691406
2023-12-18,193.8952106135324,195.4674105246325,190.81013681243016,191.43309020996094,232340900,191.43309020996094
2023-12-25,191.4429900335612,192.48124075996571,188.95119130779082,190.3750762939453,153729000,190.3750762939453
2024-01-01,185.05529616682108,186.33086614343722,178.1534248404595,179.15211486816406,275266500,179.15211486816406
2024-01-08,180.05193149077962,184.95642271489848,179.46853876000836,183.8390655517578,238385400,183.8390655517578
2024-01-15,180.12114148264052,189.80155831594578,178.28195930016554,189.41592407226562,259829200,189.41592407226562
2024-01-22,190.1476290911454,194.18196430981814,189.7916578927919,190.2662811279297,255536900,190.2662811279297
2024-01-29,189.86089348214944,190.04876929237395,177.2437171517322,183.7698516845703,325909900,183.7698516845703
2024-02-05,186.28150311309784,189.15271269061873,183.99444581114983,186.9745635986328,252715800,186.9745635986328
2024-02-12,186.54881930734925,186.79633658407178,179.54903857740968,180.49949645996094,268128900,180.49949645996094
2024-02-19,179.9846514140704,183.20237592421455,178.21243440798332,180.70741271972656,192448900,180.70741271972656
2024-02-26,180.43018867147393,182.09349741994342,175.61845249589473,177.8758087158203,354385900,177.8758087158203
2024-03-04,174.40064156414633,175.14319328543664,166.81672479888073,169.0344696044922,393262300,169.0344696044922
2024-03-11,171.22256057947308,172.64826256731598,168.5988682774061,170.90573120117188,367119800,170.90573120117188
2024-03-18,173.82642737551166,176.8956323134628,168.37113733503185,170.569091796875,361583900,170.569091796875
2024-03-25,168.87611756466526,171.8760261541086,167.7672297426255,169.77706909179688,237622700,169.77706909179688
2024-04-01,169.48993165517973,170.21267786818663,166.55932047183134,167.8959197998047,239070900,167.8959197998047
2024-04-08,167.35138309847042,176.58872985356905,165.45045219011095,174.7967071533203,322249800,174.7967071533203
2024-04-15,173.61852108250994,174.8759130920086,162.4505426435407,163.3614044189453,309416500,163.3614044189453
2024-04-22,163.87625312764519,169.63844783702467,163.1337012506925,167.61871337890625,241302700,167.61871337890625
2024-04-29,171.6482674843819,185.14291355827163,167.43057874246836,181.55886840820312,441926300,181.55886840820312
2024-05-06,180.78398094682734,183.50044009541958,178.87054795537182,181.47796630859375,300675100,181.47796630859375
2024-05-13,183.8474173547171,189.4588121012516,183.03445236989833,188.23936462402344,288966500,188.23936462402344
2024-05-20,187.70402274407877,191.16405582985658,185.0272135554641,188.3484344482422,208652100,188.3484344482422
2024-05-27,189.86531813558244,191.3425275507457,187.47602656843586,190.59896850585938,230395500,190.59896850585938
2024-06-03,191.24335758462422,195.24867030234284,190.86663133348418,195.1990966796875,245994400,195.1990966796875
2024-06-10,195.20900682397587,218.30890827506707,190.499800063404,210.66513061523438,635503200,210.66513061523438
2024-06-17,211.5375607671693,217.06964120692072,205.33132746963062,205.70806884765625,501649200,205.70806884765625
2024-06-24,205.93609903454904,214.2143951724623,204.81579864898748,208.81118774414062,334805300,208.81118774414062
2024-07-01,210.2685444834711,224.5052198536283,210.10000627720868,224.3961639404297,216231300,224.3961639404297
2024-07-08,225.1397211366255,231.07828376855767,221.33270313222164,228.56008911132812,287546800,228.56008911132812
2024-07-15,234.44908724077814,235.1926461827919,220.36113229096185,222.38360595703125,278397600,222.38360595703125
2024-07-22,225.0604317439271,225.82382321654134,212.77683771980008,216.08816528320312,242932200,216.08816528320312
2024-07-29,215.0967286094382,223.6625266661827,213.89711357581803,217.97181701660156,296061500,217.97181701660156
2024-08-05,197.38019578429387,214.91827509282652,194.31673657808398,214.38291931152344,342088200,214.38291931152344
2024-08-12,214.4623331830073,225.14226768918678,213.9958290178105,224.36807250976562,214898200,224.36807250976562
2024-08-19,224.04052937936976,226.6410303976739,221.38046206962807,225.15219116210938,188124900,225.15219116210938
2024-08-26,225.0727885692476,231.18695877304842,222.22414762792826,227.29612731933594,209486100,227.29612731933594
2024-09-02,226.84945126788455,227.2960999636531,215.8618115676051,219.17697143554688,179069200,219.17697143554688
2024-09-09,219.17700492295572,222.37303270856336,215.09758460717904,220.84449768066406,237580300,220.84449768066406
2024-09-16,214.92881329474463,231.35567496568984,212.32831242269071,226.50205993652344,550232800,226.50205993652344
2024-09-23,225.64845931355703,227.81224676693589,222.35316985035146,226.09510803222656,210673500,226.09510803222656
2024-09-30,228.32835526271873,231.2663377191138,221.36059925404788,225.1124725341797,221996800,225.1124725341797
2024-10-07,222.82960881642157,228.04054621636018,219.68319700379416,225.85691833496094,164894900,225.85691833496094
2024-10-14,226.99835228776024,235.7229586844283,226.89910542593395,233.25148010253906,218141000,233.25148010253906
2024-10-21,232.70557617785042,235.08772811037238,226.06535057314568,229.68820190429688,197299900,229.68820190429688
2024-10-28,231.58401395070607,232.98351148119912,218.63110809640673,221.25146484375,248222000,221.25146484375
2024-11-04,219.58704914733005,227.20835428792034,218.3151764477899,225.51914978027344,208083400,225.51914978027344
2024-11-11,223.5715789794922,227.41700528612566,220.09379886203342,223.5715789794922,223817700,223.5715789794922
2024-11-18,223.82000977778605,229.25528492407807,223.74051583501623,228.41067504882812,196291700,228.41067504882812
2024-11-25,229.99058887572758,236.3002669685808,228.2815070380799,235.8233184814453,198118800,235.8233184814453
2024-12-02,235.7636936608622,243.0769692456264,235.6543913903078,241.29832458496094,208286500,241.29832458496094
2024-12-09,240.2947411292383,249.20779618831912,240.21524719077908,246.55474853515625,192702600,246.55474853515625
2024-12-16,246.41563967294513,253.38113119374523,244.13023820234332,252.87437438964844,368202900,252.87437438964844
2024-12-23,253.1525903841548,258.448754562261,251.45343969164696,253.96737670898438,133685900,253.96737670898438
2024-12-30,250.62871703290483,251.89065870052877,240.28481629926688,241.81503295898438,171023000,241.81503295898438
2025-01-06,242.75899080778504,245.75982252463683,231.52079498772144,235.3463592529297,185241400,235.3463592529297
2025-01-13,232.04745519967568,237.44299123152356,226.5823714405464,228.51998901367188,269145400,228.51998901367188
2025-01-20,222.57793290598494,225.5886956961794,217.9872678916129,221.3656768798828,277129600,221.3656768798828
2025-01-27,222.59781399746208,245.62071750771995,222.5580594466587,234.5017547607422,372675200,234.5017547607422
2025-02-03,228.52989342420514,232.51443012315357,224.26712038127366,226.18487548828125,227383400,226.18487548828125
2025-02-10,228.363405082968,244.2594111862318,226.00585129862014,243.3144073486328,226587600,243.3144073486328
2025-02-17,242.86674866598167,247.38289505871285,240.568892387026,244.2593994140625,166541000,244.2593994140625
2025-02-24,243.6426333996965,248.68599261566462,228.9900589647863,240.56887817382812,241760300,240.56887817382812
2025-03-03,240.51913565457397,242.74736759153322,228.0251539328342,237.81344604492188,239653700,237.81344604492188
2025-03-10,234.30199799275863,234.91874960186254,207.32454523469661,212.36790466308594,332232000,212.36790466308594
2025-03-17,212.1888354098664,217.68976839110027,208.86639416791027,217.12277221679688,287881900,217.12277221679688
2025-03-24,219.83841201028494,223.83728692219614,216.5358548246797,216.75469970703125,190172600,216.75469970703125
2025-03-31,215.86940495257275,224.43415199393232,186.35535024633944,187.389892578125,366947800,187.389892578125
2025-04-07,176.26863642854042,199.55559746337858,168.32064146270525,197.1085205078125,675037600,197.1085205078125
2025-04-14,210.32866037319545,211.8207762780239,191.3588862174206,195.9446563720703,264593900,195.9446563720703
2025-04-21,192.25416311946012,208.64753879478604,188.8123424517041,208.1800079345703,238181400,208.1800079345703
2025-04-28,208.89622894290886,213.43225891423793,201.09744003856807,204.2706756591797,286233500,204.2706756591797
2025-05-05,202.032498276794,203.02724220690408,192.2342644937745,197.48651123046875,275704500,197.48651123046875
2025-05-12,210.1363387994422,213.09460385673594,205.93301320283263,210.42518615722656,264778300,210.42518615722656
2025-05-19,207.08843420538076,208.65222234841355,192.6955373289648,194.49838256835938,273024200,194.49838256835938
2025-05-26,197.51640888503397,203.00463032334852,196.00241099917397,200.05633544921875,223844900,200.05633544921875
2025-06-02,199.4885810508963,205.4250364615705,199.3292096522959,203.11419677734375,227142700,203.11419677734375
2025-06-09,203.5823328194034,205.18597135883695,194.92666975119658,195.6737060546875,283877000,195.6737060546875
2025-06-16,196.52035810488778,200.90296511361447,194.29917436353028,200.2057342529297,224085100,200.2057342529297
2025-06-23,200.83324531336203,202.86517737778684,198.17379788855203,200.28541564941406,273391700,200.28541564941406
2025-06-30,201.21173879424254,213.8017903991559,198.47260559919934,212.70614624023438,273599300,212.70614624023438
2025-07-07,211.83959009410853,215.3755653490242,206.4011737334106,210.3256072998047,226036700,210.3256072998047
2025-07-14,209.10045936443365,211.56070043478604,206.7199039998268,210.34552001953125,225669600,210.34552001953125
2025-07-21,211.2618860180997,214.9273370829097,210.7937420225352,213.03485107421875,231062200,213.03485107421875
2025-07-28,213.18425020172972,214.0010172323821,200.7037642416869,201.58029174804688,319915100,201.58029174804688
2025-08-04,203.70186972489063,230.08719950298993,200.8830506950391,228.4437255859375,431826300,228.4437255859375
2025-08-11,227.2770309994503,234.4567166029427,224.1259417749793,230.93667602539062,295265800,230.93667602539062
2025-08-18,231.04634948245382,232.4623417031178,223.14869437263826,227.11746215820312,192241700,227.11746215820312
2025-08-25,225.84107124036194,232.75152887535057,224.05612771828763,231.485107421875,194310800,231.485107421875
2025-09-01,228.60325921785164,240.63921565449175,226.32969257898583,239.01380920410156,212923200,239.01380920410156
2025-09-08,238.62490925573812,239.47250217510475,225.31256510868874,233.40966796875,304787000,233.40966796875
2025-09-15,236.33138348177349,245.60514967420656,234.366939962999,244.80740356445312,360619500,244.80740356445312
2025-09-22,247.59951454210247,256.87328100426123,247.42001443471003,254.73931884765625,309374700,254.73931884765625
2025-09-29,253.84185333520446,258.5086431914624,252.29622302758764,257.2920837402344,218331700,257.2920837402344
2025-10-06,257.2621651024986,258.3391353160658,243.3116425485481,244.57806396484375,213437900,244.57806396484375
2025-10-13,248.67648324397206,252.66519891282977,244.0096779992223,251.57826232910156,196438500,251.57826232910156
2025-10-20,255.16809491433654,264.54158521895795,254.7093859491356,262.07855224609375,253202800,262.07855224609375
2025-10-27,264.1327366624465,276.53764389728985,263.9033745733445,269.60723876953125,293563300,269.60723876953125
2025-11-03,269.6571269614624,272.6287005569912,265.49887762902506,267.7126159667969,242583900,267.7126159667969
2025-11-10,268.46123169156994,276.1868993388144,266.9640132935518,271.90484619140625,232952800,271.90484619140625
2025-11-17,268.3214798116544,274.91920692549047,264.8279705721872,270.98651123046875,235974500,270.98651123046875
2025-11-24,270.3976166339372,279.86004717701866,270.3976166339372,278.3328857421875,166067000,278.3328857421875
2025-12-01,277.4944394213987,288.0847485253161,275.62791221541005,278.26300048828125,235050800,278.26300048828125
2025-12-08,277.6142002895624,279.5106705619798,273.30220461306806,277.763916015625,176224300,277.763916015625
2025-12-15,279.63046977324734,279.63046977324734,266.454966788286,273.1625061035156,334459100,273.1625061035156
2025-12-22,272.35399820928086,274.9192397534973,269.0601298602855,272.89300537109375,105646200,272.89300537109375
2025-12-29,272.18432357083867,277.32476727085935,268.5011639041959,270.5074462890625,110986500,270.5074462890625
2026-01-05,270.13812746136426,271.00650921992593,255.22581521140742,258.8890075683594,236725400,258.8890075683594
2026-01-12,258.6793949136495,261.3344656346689,254.4572284259222,255.05612182617188,242545400,255.05612182617188
2026-01-19,252.2613221858945,254.3174995950486,242.96858949337226,247.58001708984375,216306500,247.58001708984375
2026-01-26,251.01366002165236,261.46426126888525,249.33678266551345,258.99884033203125,306601900,258.99884033203125
2026-02-02,259.5477693534943,280.3890519626743,258.7292827448197,277.6042175292969,332284600,277.6042175292969
2026-02-09,277.6541900827471,279.92208959259744,255.21485759663088,255.5445556640625,268299500,255.5445556640625
2026-02-16,257.81246799828614,266.57441524378936,255.30478379336117,264.3364562988281,165588200,264.3364562988281
2026-02-23,263.2474612835467,275.8558403458985,262.6480379442022,263.93682861328125,222748700,263.93682861328125
2026-03-02,262.1684475182342,266.2846500584642,254.13584003818684,257.2229919433594,210978500,257.2229919433594
2026-03-09,255.45465088182547,262.2384095183217,249.29033192864068,249.8897705078125,172752200,249.8897705078125
2026-03-16,251.87793672555645,254.8951611244627,245.77356028907465,247.76173400878906,223388900,247.76173400878906
2026-03-23,253.7362230980701,256.7634327785648,247.8416601166152,248.57098388671875,203871800,248.57098388671875
2026-03-30,249.83982684556716,255.94418817460965,245.2840113565413,255.68443298339844,160393100,255.68443298339844
2026-04-06,256.2738876129867,261.94865175168746,245.47382560999438,260.240234375,191923800,260.240234375
2026-04-13,259.4909275368482,272.0493335842862,256.4237461777084,269.98126220703125,239278200,269.98126220703125
2026-04-20,270.0811468312975,275.5161417305677,265.15569223179835,270.81048583984375,201605900,270.81048583984375
2026-04-27,265.84505607788714,286.95561044034525,264.8260059810391,279.88214111328125,283297200,279.88214111328125
2026-05-04,279.40258812049325,294.4886952888782,274.6069880295595,293.0500183105469,252233300,293.0500183105469
2026-05-11,291.9800109863281,303.20001220703125,290.2300109863281,300.2300109863281,230867400,300.2300109863281
2026-05-18,300.239990234375,311.3999938964844,294.9100036621094,308.82000732421875,201591700,308.82000732421875
2026-05-25,309.55999755859375,315.0,307.6700134277344,312.05999755859375,216678600,312.05999755859375
2026-06-01,309.6300048828125,316.94000244140625,305.0199890136719,307.3399963378906,254400900,307.3399963378906
2026-06-08,308.739990234375,317.3999938964844,287.3800048828125,291.1300048828125,282165800,291.1300048828125
2026-06-15,294.1199951171875,302.07000732421875,291.70001220703125,298.010009765625,214314300,298.010009765625
2026-06-22,297.30999755859375,302.4200134277344,273.75,283.7799987792969,518761900,283.7799987792969
2026-06-29,286.7300109863281,309.4200134277344,279.8500061035156,308.6300048828125,257044200,308.6300048828125
2026-07-06,307.3599853515625,316.9100036621094,307.0,315.32000732421875,219660300,315.32000732421875
2026-07-13,317.0199890136719,323.45001220703125,315.7799987792969,317.30999755859375,43214700,317.30999755859375
