Date,Open,High,Low,Close,Adj Close,Volume
2004-08-19,2.468896496182753,2.5691336841907755,2.369153957091815,2.4772915840148926,897427216,2.4772915840148926
2004-08-20,2.49383279002731,2.6930730354388173,2.481241811980494,2.674062728881836,458857488,2.674062728881836
2004-08-23,2.7343033442111193,2.801704161502194,2.692332396416163,2.7009732723236084,366857939,2.7009732723236084
2004-08-24,2.746401137274216,2.755288747713524,2.557036612928422,2.58913254737854,306396159,2.58913254737854
2004-08-25,2.591353543448542,2.6664087666052483,2.5646895361363398,2.617030143737793,184645512,2.617030143737793
2004-08-26,2.5911070038369424,2.665174123266644,2.5839472382246624,2.664186716079712,142572401,2.664186716079712
2004-08-27,2.6688770362346257,2.681715690825764,2.6093766644683924,2.6207334995269775,124826132,2.6207334995269775
2004-08-30,2.599254016883131,2.6044394404726328,2.518521785736084,2.518521785736084,104429967,2.518521785736084
2004-08-31,2.525681947533266,2.56049289580767,2.522225313367399,2.527409791946411,98825037,2.527409791946411
2004-09-01,2.535556587823919,2.5422226488651023,2.460749042142582,2.4750688076019287,183633734,2.4750688076019287
2004-09-02,2.448898824535761,2.5274097477611375,2.442726229871068,2.5061769485473633,303810504,2.5061769485473633
2004-09-03,2.492352191334182,2.511856203652038,2.452108844047878,2.4691436290740967,103538639,2.4691436290740967
2004-09-07,2.4938324488925643,2.5182749097456045,2.4592682383956928,2.5079052448272705,117506800,2.5079052448272705
2004-09-08,2.487166474378352,2.5437051080656325,2.481241794851424,2.525681972503662,100186120,2.525681972503662
2004-09-09,2.53135994805916,2.5358037531750464,2.49358606839728,2.5259287357330322,81620792,2.5259287357330322
2004-09-10,2.5083993554540287,2.630856758849117,2.5009926195495025,2.600489377975464,174804764,2.600489377975464
2004-09-13,2.632584407522747,2.6765308797309117,2.62838733626733,2.6540639400482178,157628624,2.6540639400482178
2004-09-14,2.6528297702517403,2.765164467436463,2.636534479982266,2.7525734901428223,217608605,2.7525734901428223
2004-09-15,2.729612756185908,2.8202209481071265,2.720724201485181,2.765164375305176,215279909,2.765164375305176
2004-09-16,2.773558187216753,2.858981898062943,2.756523406238691,2.8138012886047363,186207345,2.8138012886047363
2004-09-17,2.824911575279179,2.900707244873047,2.803432043028512,2.900707244873047,190350817,2.900707244873047
2004-09-20,2.8873749530309514,3.002178643240565,2.882931148105933,2.9468753337860107,213585582,2.9468753337860107
2004-09-21,2.9579854980042475,2.973045702806042,2.901201076625616,2.909348249435425,145262446,2.909348249435425
2004-09-22,2.8984848778093872,2.954528621023466,2.883918141463971,2.9226794242858887,152344894,2.9226794242858887
2004-09-23,2.9340376192090027,3.0276085101789287,2.889102794073197,2.982921600341797,171524515,2.982921600341797
2004-09-24,2.9858833783652883,3.063900598376045,2.9567513216397248,2.958479166030884,183336625,2.958479166030884
2004-09-27,2.951812774946528,2.984402410108954,2.908360952181124,2.919717788696289,141994242,2.919717788696289
2004-09-28,2.994772021878586,3.1453740606388716,2.9678612781281664,3.132042646408081,340190355,3.132042646408081
2004-09-29,3.1280925122007854,3.3335043887601405,3.1164887060633513,3.2362301349639893,613229953,3.2362301349639893
2004-09-30,3.207097316386168,3.2663509681962695,3.1848771083317895,3.199690580368042,276468402,3.199690580368042
2004-10-01,3.2293167492840498,3.314246993007809,3.1824073502179275,3.273263454437256,303934969,3.273263454437256
2004-10-04,3.339183688712735,3.379179117558307,3.309062332248084,3.3344919681549072,261693228,3.3344919681549072
2004-10-05,3.3246169525260716,3.4201624216716264,3.2648696017697905,3.416212320327759,300887589,3.416212320327759
2004-10-06,3.395967695828281,3.41818766464473,3.3577001161823765,3.384363889694214,268900140,3.384363889694214
2004-10-07,3.3804135497360823,3.4534923062864054,3.371278025704568,3.4280624389648438,283643194,3.4280624389648438
2004-10-08,3.4248540685932842,3.448555148818971,3.382882174782774,3.400411605834961,222442656,3.400411605834961
2004-10-11,3.382388449102857,3.4283106802074377,3.3046182018426933,3.339430093765259,210437827,3.339430093765259
2004-10-12,3.3191846582818294,3.397448608073297,3.2935080552654536,3.3922643661499023,234419380,3.3922643661499023
2004-10-13,3.5384227178110446,3.544101845161496,3.458431157389687,3.478675603866577,397203256,3.478675603866577
2004-10-14,3.481391630743664,3.515215407840289,3.420904078443393,3.505833148956299,209835578,3.505833148956299
2004-10-15,3.5781725244265554,3.5922455586474293,3.504599107070514,3.557927131652832,265150137,3.557927131652832
2004-10-18,3.5354598734943368,3.6835936294477643,3.486328924790308,3.6826064586639404,282061287,3.6826064586639404
2004-10-19,3.7156898318192284,3.7625992331194142,3.6379195855711135,3.6524860858917236,363918964,3.6524860858917236
2004-10-20,3.654707182287814,3.678409205994433,3.4465793552543453,3.468552589416504,456613107,3.468552589416504
2004-10-21,3.5650865420472213,3.706554235038902,3.4964515855787104,3.688037633895874,585767401,3.688037633895874
2004-10-22,4.210456746534116,4.448211530879604,4.0509656771538305,4.257119178771973,1481207196,4.257119178771973
2004-10-25,4.355133768412495,4.800276184483651,4.260080825538311,4.626712322235107,1315480331,4.626712322235107
2004-10-26,4.600542786928806,4.7560832887492515,4.444014405251294,4.488454818725586,895628499,4.488454818725586
2004-10-27,4.511168301398835,4.679053040284364,4.4877139548397595,4.591407775878906,536262538,4.591407775878906
2004-10-28,4.608935858072089,4.799287519707167,4.582272086122386,4.772377014160156,596097978,4.772377014160156
2004-10-29,4.910387921829676,4.936558225814875,4.705716736847007,4.706704616546631,849672890,4.706704616546631
2004-11-01,4.7785506681834935,4.880268743252421,4.722259945280348,4.839778900146484,490828877,4.839778900146484
2004-11-02,4.907672915010382,4.919276483807343,4.7733652339256105,4.811139106750488,455553149,4.811139106750488
2004-11-03,4.892860025258026,4.977295862193592,4.709420669092427,4.7321343421936035,557630330,4.7321343421936035
2004-11-04,4.652389381685833,4.7007798957300055,4.526722558015787,4.560052394866943,578544429,4.560052394866943
2004-11-05,4.492898150421063,4.500798352011022,4.161325545829791,4.1810760498046875,796297573,4.1810760498046875
2004-11-08,4.220085862943867,4.331433150072867,4.1823105687011015,4.260080814361572,449349985,4.260080814361572
2004-11-09,4.298350311495597,4.3255080296537445,4.080346474586239,4.165030002593994,444226854,4.165030002593994
2004-11-10,4.213666558871451,4.259341115461685,4.106516566550181,4.144290447235107,427355853,4.144290447235107
2004-11-11,4.175646140978291,4.536598569109183,4.137130639546678,4.518575668334961,601666773,4.518575668334961
2004-11-12,4.573137995310956,4.685966155948575,4.379823156521595,4.493391990661621,672354740,4.493391990661621
2004-11-15,4.455124247946857,4.649426497038943,4.413153536570969,4.564249515533447,477844390,4.564249515533447
2004-11-16,4.382290704211233,4.430927940945932,4.217615898647403,4.259833335876465,839832142,4.259833335876465
2004-11-17,4.172929109262582,4.382291068503469,4.172435169412702,4.258846282958984,728034662,4.258846282958984
2004-11-18,4.204284500402919,4.306250249369772,4.091703060220724,4.136390209197998,667677273,4.136390209197998
2004-11-19,4.174903846106059,4.196630584182801,4.111206396905347,4.182310581207275,352086780,4.182310581207275
2004-11-22,4.060594838825817,4.184779837786858,3.9825778587644103,4.076148509979248,496582362,4.076148509979248
2004-11-23,4.147005831448255,4.217616546816732,4.110712830329431,4.135895729064941,498393124,4.135895729064941
2004-11-24,4.316125211189402,4.375131891233673,4.259094290916554,4.3146443367004395,613531078,4.3146443367004395
2004-11-26,4.3403209779922385,4.444755002524872,4.328470201269153,4.428954124450684,260175560,4.428954124450684
2004-11-29,4.452901835189369,4.51684601275511,4.382537857503155,4.469937324523926,428263241,4.469937324523926
2004-11-30,4.461542970394792,4.5180808834429245,4.450186135602816,4.492897987365723,309154460,4.492897987365723
2004-12-01,4.492158212402325,4.5057365974824455,4.43290480009826,4.443027496337891,315743063,4.443027496337891
2004-12-02,4.441544896831882,4.481294532810565,4.408215061507956,4.429201126098633,251374696,4.429201126098633
2004-12-03,4.442780217402541,4.470184190499817,4.384760480373759,4.453889846801758,235647968,4.453889846801758
2004-12-06,4.422535694273472,4.461297932790042,4.34575283627569,4.352418899536133,251097661,4.352418899536133
2004-12-07,4.345258151973222,4.350197078660996,4.210703714105313,4.2324299812316895,275866153,4.2324299812316895
2004-12-08,4.205766243953745,4.2879805381669645,4.165769870875518,4.196630954742432,302802741,4.196630954742432
2004-12-09,4.203296973942287,4.283536452913509,4.1593504998005715,4.281807899475098,307307563,4.281807899475098
2004-12-10,4.281807627817169,4.317606690440184,4.2289735468819,4.237861156463623,173335277,4.237861156463623
2004-12-13,4.250699426436442,4.27563559026651,4.183545348417012,4.208233833312988,193466452,4.208233833312988
2004-12-14,4.2218129775410835,4.414880588920902,4.187248532991136,4.411671161651611,445198482,4.411671161651611
2004-12-15,4.394389687058183,4.461048881142435,4.361553320879842,4.438581943511963,460559845,4.438581943511963
2004-12-16,4.368712839465475,4.456111363118694,4.344023881487397,4.356861591339111,344197318,4.356861591339111
2004-12-17,4.364021574916043,4.4563585615336185,4.358837332782757,4.44598913192749,296555412,4.44598913192749
2004-12-20,4.493392752309963,4.652883370633685,4.490182851475596,4.567953109741211,394854485,4.567953109741211
2004-12-21,4.599802192707829,4.638563479347017,4.527956383682079,4.536598205566406,221479058,4.536598205566406
2004-12-22,4.540301135623102,4.613133399490745,4.518328136924865,4.599555015563965,156865776,4.599555015563965
2004-12-23,4.627946579658792,4.656339380032104,4.592148462009536,4.63905668258667,145125936,4.63905668258667
2004-12-27,4.669918034454301,4.772376754852869,4.668682948525689,4.738059043884277,245079187,4.738059043884277
2004-12-28,4.742997044865282,4.778549845460073,4.715839804372124,4.759045600891113,166453579,4.759045600891113
2004-12-29,4.734850542037862,4.777809608875746,4.734850542037862,4.762502670288086,107525527,4.762502670288086
2004-12-30,4.764230524020739,4.89409466575853,4.7365793396844404,4.878540992736816,237057231,4.878540992736816
2004-12-31,4.918783740121836,4.934831351925635,4.754107478391804,4.759786605834961,307889737,4.759786605834961
2005-01-03,4.873601926045679,5.027661543722732,4.825706299435417,5.004701137542725,636143518,5.004701137542725
2005-01-04,4.972358795551179,5.01013267620261,4.776821439263976,4.802004814147949,552298420,4.802004814147949
2005-01-05,4.776080798533189,4.86125778139127,4.745960390242317,4.777562618255615,330698912,4.777562618255615
2005-01-06,4.816323787233929,4.836569178248606,4.634612989355532,4.655105113983154,417041336,4.655105113983154
2005-01-07,4.706705732244182,4.795833299744783,4.660783968087283,4.785957336425781,387964757,4.785957336425781
2005-01-10,4.802003692450779,4.89088403036356,4.736083757935438,4.815829753875732,302714411,4.815829753875732
2005-01-11,4.829655869773214,4.8812558036080045,4.76941364302724,4.7783026695251465,279391317,4.7783026695251465
2005-01-12,4.797807370511736,4.837310276216054,4.70324930473704,4.823730945587158,328338096,4.823730945587158
2005-01-13,4.823731031886582,4.873355689534693,4.790894660426852,4.8224968910217285,275002929,4.8224968910217285
2005-01-14,4.8390375687937475,4.938040614893948,4.7928695492772055,4.937053680419922,387057368,4.937053680419922
2005-01-18,4.961741240143488,5.061731684220411,4.9047103292644785,5.034080505371094,528878966,5.034080505371094
2005-01-19,5.052597875197335,5.0686454866882515,4.856567067231746,4.871133804321289,451995865,4.871133804321289
2005-01-20,4.752625576708389,4.845209277779014,4.740281335322802,4.787683486938477,361413608,4.787683486938477
2005-01-21,4.802991558153527,4.823237423383883,4.64448930589111,4.648439407348633,371724110,4.648439407348633
2005-01-24,4.658562550931882,4.674363430948926,4.451915551753581,4.461791515350342,563010421,4.461791515350342
2005-01-25,4.491911748084112,4.4993184841499145,4.352418376401433,4.372910976409912,427966132,4.372910976409912
2005-01-26,4.425991201559719,4.676336956219331,4.423028507532043,4.672140121459961,494161321,4.672140121459961
2005-01-27,4.6602890925348035,4.6627583192037525,4.572396156261656,4.643501281738281,266089645,4.643501281738281
2005-01-28,4.691397234047184,4.806942775620771,4.600542542883203,4.69929838180542,490158373,4.69929838180542
2005-01-31,4.782007232772213,4.847926711849427,4.733369980491547,4.829657077789307,385306832,4.829657077789307
2005-02-01,4.799041219824416,4.855332880666978,4.706458446760054,4.7378129959106445,756384528,4.7378129959106445
2005-02-02,5.321706843191513,5.352567450588001,5.028154827810965,5.084939479827881,1316889593,5.084939479827881
2005-02-03,5.0856805598895125,5.267885289321252,5.0812360463717,5.205915451049805,521471303,5.205915451049805
2005-02-04,5.097531693290985,5.129132975979255,5.001984808350662,5.045437812805176,594993855,5.045437812805176
2005-02-07,5.067658697950522,5.095803350397348,4.826940714853118,4.839778900146484,520359150,4.839778900146484
2005-02-08,4.862739522225643,4.938287275346069,4.802744494896514,4.904216766357422,460921194,4.904216766357422
2005-02-09,4.956557437910934,4.977295823885964,4.677572144026038,4.729912757873535,689434520,4.729912757873535
2005-02-10,4.739541335106276,4.745466723658192,4.5736318736620145,4.641032695770264,762154073,4.641032695770264
2005-02-11,4.608442690771976,4.748182777850533,4.593875954188337,4.626712322235107,526606480,4.626712322235107
2005-02-14,4.514377574448096,4.766945793874231,4.468703028441465,4.764723300933838,1548269624,4.764723300933838
2005-02-15,4.779784246661035,4.933843870062238,4.766946535548155,4.8200273513793945,1035177611,4.8200273513793945
2005-02-16,4.806942748475042,4.921251785303108,4.797066786502781,4.898538112640381,663770685,4.898538112640381
2005-02-17,4.884217724793811,4.931620825982925,4.85903577262654,4.885946750640869,418137429,4.885946750640869
2005-02-18,4.901007823405141,4.909154760198575,4.855333267285026,4.887181758880615,340708289,4.887181758880615
2005-02-22,4.851382315043783,4.910634773650147,4.700532135939882,4.724727153778076,541369609,4.724727153778076
2005-02-23,4.772376890742931,4.80150988859122,4.657819713416624,4.788425445556641,625776806,4.788425445556641
2005-02-24,4.527215899508258,4.687200435425121,4.499070778253288,4.663499355316162,1036442333,4.663499355316162
2005-02-25,4.6699183787236676,4.68892868282808,4.580049681854725,4.588938236236572,400435325,4.588938236236572
2005-02-28,4.592147562695883,4.687693011154964,4.588444195778514,4.641278266906738,313908211,4.641278266906738
2005-03-01,4.673374882958204,4.6847317183856285,4.493391705946738,4.593628883361816,373844027,4.593628883361816
2005-03-02,4.59091353487033,4.633379133756062,4.551658309168986,4.571903228759766,292512314,4.571903228759766
2005-03-03,4.59535823144414,4.635353659618936,4.550424821822077,4.61708402633667,305484756,4.61708402633667
2005-03-04,4.609430220187263,4.623009077338188,4.569188061313847,4.58967924118042,271979640,4.58967924118042
2005-03-07,4.636094655409686,4.68102853166204,4.617577818308511,4.661523342132568,347995502,4.661523342132568
2005-03-08,4.668683358959259,4.68720019612227,4.566718569434261,4.572396278381348,323050350,4.572396278381348
2005-03-09,4.547954747020328,4.558817642441739,4.447964304542439,4.477344036102295,456119263,4.477344036102295
2005-03-10,4.46895065788009,4.4736414329464145,4.379823568270941,4.443521022796631,440063306,4.443521022796631
2005-03-11,4.454877294631961,4.467468271088901,4.373650418320081,4.389698028564453,322335682,4.389698028564453
2005-03-14,4.4027835237110216,4.404511131456311,4.260575173105475,4.320322513580322,447535208,4.320322513580322
2005-03-15,4.327976705429893,4.444014299624193,4.301064779016023,4.40969705581665,418446584,4.40969705581665
2005-03-16,4.362540177265678,4.409696544756213,4.32081620289072,4.33538293838501,285317446,4.33538293838501
2005-03-17,4.3731570386613825,4.435125460445306,4.340320671367505,4.42648458480835,331662510,4.42648458480835
2005-03-18,4.414634460405023,4.453890157117035,4.402290216803731,4.445001602172852,284663002,4.445001602172852
2005-03-21,4.425991046327474,4.497588695035586,4.3761196621703995,4.46574068069458,300470030,4.46574068069458
2005-03-22,4.4731479858183425,4.491911558837919,4.390933691621474,4.409450531005859,226112360,4.409450531005859
2005-03-23,4.393895656105649,4.449939644278165,4.393895656105649,4.418831825256348,194526410,4.418831825256348
2005-03-24,4.46129707289217,4.46524717428407,4.424263867919812,4.425498008728027,148763520,4.425498008728027
2005-03-28,4.485491417175685,4.562520982381191,4.467468048328917,4.479071617126465,350830087,4.479071617126465
2005-03-29,4.469937504005463,4.524994075059668,4.396364095974536,4.4333977699279785,259890496,4.4333977699279785
2005-03-30,4.4598156303830505,4.479814290671326,4.4341392601589975,4.455124855041504,250378977,4.455124855041504
2005-03-31,4.393401450233295,4.478331694984652,4.385747981755573,4.456604957580566,271758815,4.456604957580566
2005-04-01,4.487467199263803,4.516846461221297,4.4437674614145815,4.445001602172852,248206866,4.445001602172852
2005-04-04,4.442781278681183,4.575359971028396,4.440064845078014,4.574619770050049,324266893,4.574619770050049
2005-04-05,4.634859786086299,4.697323095271576,4.630909684876603,4.655599117279053,350777892,4.655599117279053
2005-04-06,4.67214005805189,4.682262753398988,4.6311562821151675,4.6716461181640625,210891521,4.6716461181640625
2005-04-07,4.660782995589084,4.804966641525785,4.6573263618816965,4.78373384475708,389141150,4.78373384475708
2005-04-08,4.782006902505973,4.816817614673502,4.726703118838786,4.741516590118408,205431131,4.741516590118408
2005-04-11,4.767193748224607,4.809411198839229,4.748183440598181,4.7706499099731445,217231195,4.7706499099731445
2005-04-12,4.764971372002221,4.800030239004744,4.6763377425502455,4.788673400878906,293881426,4.788673400878906
2005-04-13,4.77657437683915,4.797560442352969,4.684238335529105,4.763243198394775,263214910,4.763243198394775
2005-04-14,4.7716360857804885,4.798547062559544,4.6933723819633935,4.7267022132873535,247030473,4.7267022132873535
2005-04-15,4.693372645769692,4.6992980334793995,4.559064487909313,4.567458629608154,464831797,4.567458629608154
2005-04-18,4.5570898177680785,4.638563437131586,4.53017883583489,4.616096496582031,262994085,4.616096496582031
2005-04-19,4.674362636017809,4.740282105765178,4.64226646879143,4.725468635559082,338463908,4.725468635559082
2005-04-20,4.902735180375383,4.950138287551162,4.83681617979863,4.890884876251221,620376641,4.890884876251221
2005-04-21,4.948162892581035,5.061238253438686,4.921004708058392,5.041980743408203,712737539,5.041980743408203
2005-04-22,5.503170677097751,5.530328388635012,5.289857194986081,5.328125953674316,1333182435,5.328125953674316
2005-04-25,5.377752088547569,5.548599552054131,5.370345351959729,5.518725872039795,796574608,5.518725872039795
2005-04-26,5.437004059175684,5.4809505269916,5.389354224053098,5.4007110595703125,693469588,5.4007110595703125
2005-04-27,5.3819475830356165,5.452557824017795,5.3510865033898165,5.426140785217285,412131000,5.426140785217285
2005-04-28,5.419228640031699,5.482926093780815,5.375034959882139,5.417994499206543,348613811,5.417994499206543
2005-04-29,5.478727862567567,5.487122949316306,5.37775048672687,5.431572914123535,368182886,5.431572914123535
2005-05-02,5.482185634566108,5.522922682124468,5.436758284485017,5.48811149597168,392160425,5.48811149597168
2005-05-03,5.477247343591904,5.6327878303551255,5.46416195444573,5.584397792816162,713873782,5.584397792816162
2005-05-04,5.610074398750018,5.675499929272814,5.60439574422275,5.6414289474487305,485151677,5.6414289474487305
2005-05-05,5.644392173392099,5.644392173392099,5.576744621606029,5.6039018630981445,301509913,5.6039018630981445
2005-05-06,5.6389591894495785,5.659945252260234,5.59131030051477,5.629578113555908,271570110,5.629578113555908
2005-05-09,5.629085604888569,5.641429376676721,5.565634883806059,5.580201148986816,222302131,5.580201148986816
2005-05-10,5.566622080679005,5.624146938323975,5.548105242021943,5.624146938323975,254783425,5.624146938323975
2005-05-11,5.653033292093233,5.727346908800694,5.627356451210657,5.7103118896484375,460873014,5.7103118896484375
2005-05-12,5.69846103095383,5.733519896859335,5.634022899702607,5.646862030029297,359269602,5.646862030029297
2005-05-13,5.6582180888224025,5.705373041605298,5.612295858760934,5.659698963165283,297731805,5.659698963165283
2005-05-16,5.670562932530758,5.718459509230634,5.643158482565244,5.7043867111206055,228107811,5.7043867111206055
2005-05-17,5.692288497884491,5.763639414185512,5.683399943294383,5.755739212036133,313526787,5.755739212036133
2005-05-18,5.767590771926637,5.924612641392773,5.765368278292553,5.9046149253845215,494325936,5.9046149253845215
2005-05-19,5.933747032703872,5.954238212931268,5.882640558268396,5.905107498168945,390116793,5.905107498168945
2005-05-20,5.95522670166915,5.96658353869135,5.91671120390605,5.965101718902588,327763952,5.965101718902588
2005-05-23,6.00337044002104,6.37222303398384,5.992260336708345,6.306797027587891,858738744,6.306797027587891
2005-05-24,6.344076998761584,6.553439921100774,6.258653284999418,6.320375919342041,1166078427,6.320375919342041
2005-05-25,6.2396428617281865,6.443327141218106,6.187796186259554,6.4391303062438965,725023418,6.4391303062438965
2005-05-26,6.442834169599029,6.511962602871969,6.377160952681705,6.399381160736084,543895039,6.399381160736084
2005-05-27,6.430488581665983,6.568500596712144,6.400614905796938,6.567265510559082,489190760,6.567265510559082
2005-05-31,6.6519489001470165,6.873409343744813,6.650468025733601,6.845510482788086,892805959,6.845510482788086
2005-06-01,6.991916733634763,7.231152400172785,6.962783258819175,7.110422611236572,1412944285,7.110422611236572
2005-06-02,7.128445677543181,7.154368778074853,7.026480410733805,7.107954025268555,721658854,7.107954025268555
2005-06-03,7.080548315955599,7.1425181552531,6.848966138827059,6.91933012008667,754108027,6.91933012008667
2005-06-06,6.971917199404172,7.252384288656696,6.958091137284668,7.183007717132568,904413304,7.183007717132568
2005-06-07,7.335093568291546,7.396568532859381,7.167208809719959,7.236830711364746,976566743,7.236830711364746
2005-06-08,7.230164580839002,7.2385587230571335,6.8635330842987505,6.902047634124756,1031889331,6.902047634124756
2005-06-09,7.02944365456638,7.122767573775384,6.9267372404409535,7.068698406219482,660109011,7.068698406219482
2005-06-10,7.085487526472553,7.092647528501258,6.9134049981796775,6.974634170532227,509767599,6.974634170532227
2005-06-13,6.908467551057045,7.016358213694101,6.826993930732295,6.980806827545166,514047581,6.980806827545166
2005-06-14,6.878100124007681,6.943525184003821,6.8573607921569515,6.872174263000488,405189077,6.872174263000488
2005-06-15,6.789466240608683,6.846250422179346,6.6025707269801295,6.784528732299805,838454999,6.784528732299805
2005-06-16,6.771195734696981,6.870939446792071,6.741816002191865,6.849706649780273,500364485,6.849706649780273
2005-06-17,6.888222424249793,6.92031717300415,6.8116863201783975,6.92031717300415,418940428,6.92031717300415
2005-06-20,6.816377364193645,7.102275948164744,6.708733434088874,7.0783281326293945,844140229,7.0783281326293945
2005-06-21,7.112151142442212,7.167207715068627,7.035615038309426,7.106472015380859,607560783,7.106472015380859
2005-06-22,7.151653331493953,7.217078858257457,7.1269643732053165,7.142518043518066,420530365,7.142518043518066
2005-06-23,7.11042243232913,7.27855532434728,7.073389228342922,7.152641296386719,564363474,7.152641296386719
2005-06-24,7.182021501430565,7.35731297708456,7.1494313933156,7.338796138763428,713512433,7.338796138763428
2005-06-27,7.379532241839722,7.517049831256754,7.255099568892287,7.5079145431518555,714785186,7.5079145431518555
2005-06-28,7.561737139279175,7.635063815977627,7.4560675621032715,7.4560675621032715,764314139,7.4560675621032715
2005-06-29,7.468412598879963,7.514827349612486,7.212881663892025,7.226954460144043,734691521,7.226954460144043
2005-06-30,7.2669512076165095,7.380273311693071,7.185477592470782,7.2622599601745605,606039101,7.2622599601745605
2005-07-01,7.284233033316149,7.313859974639569,7.14054378590688,7.190661907196045,370487492,7.190661907196045
2005-07-05,7.21164796627126,7.307440640239263,7.1654790009684035,7.300775051116943,300883574,7.300775051116943
2005-07-06,7.3400299239635896,7.347436658933236,7.193871456791974,7.197328090667725,321211484,7.197328090667725
2005-07-07,7.1447412744977905,7.302996790287329,7.123014535196983,7.296578407287598,428484066,7.296578407287598
2005-07-08,7.314105928279673,7.344967952426786,7.259790977875054,7.313612461090088,299422117,7.313612461090088
2005-07-11,7.3178103897248805,7.322748843716915,7.184983560655429,7.242509365081787,336869956,7.242509365081787
2005-07-12,7.243496441041402,7.268432607474202,7.182761684171097,7.203747749328613,235475323,7.203747749328613
2005-07-13,7.221768772669777,7.387925883169175,7.211647023499057,7.378544807434082,459230882,7.378544807434082
2005-07-14,7.538529671970249,7.57334085456366,7.408418812067428,7.428663730621338,428307406,7.428663730621338
2005-07-15,7.437305059859312,7.490633556278975,7.401259734321598,7.436070919036865,338801168,7.436070919036865
2005-07-18,7.406690126256,7.453599763225091,7.351140086201633,7.395333290100098,249242734,7.395333290100098
2005-07-19,7.458537429108138,7.662221228725691,7.451130693921707,7.651111125946045,506748324,7.651111125946045
2005-07-20,7.54420818347427,7.718018788430119,7.451130995316139,7.702958583831787,574561556,7.702958583831787
2005-07-21,7.753570461191156,7.846154185532912,7.683454623107203,7.750855445861816,794543021,7.750855445861816
2005-07-22,7.563958980329092,7.635064111947644,7.316082444508246,7.465943813323975,938978379,7.465943813323975
2005-07-25,7.465697542203575,7.4879177495016105,7.282259119521281,7.304232120513916,387800142,7.304232120513916
2005-07-26,7.283493521996128,7.357313676002507,7.2114019215104435,7.310157299041748,394147846,7.310157299041748
2005-07-27,7.350892184401099,7.362989692915359,7.219053731352614,7.330894947052002,289798178,7.330894947052002
2005-07-28,7.34274630350782,7.34274630350782,7.240780088714958,7.246212482452393,237912424,7.246212482452393
2005-07-29,7.212635298826302,7.229917996184676,7.085487131519595,7.104497909545898,335785908,7.104497909545898
2005-08-01,7.113385759094107,7.221523152021771,7.112891819170995,7.199550151824951,227344963,7.199550151824951
2005-08-02,7.199302597589342,7.394839932610069,7.187452294035436,7.386692523956299,292701018,7.386692523956299
2005-08-03,7.357312412712199,7.39977706177821,7.298058534629883,7.340029716491699,238113174,7.340029716491699
2005-08-04,7.296825006492424,7.382001045376773,7.289418271110365,7.350646495819092,210245108,7.350646495819092
2005-08-05,7.34496832075365,7.369903540509222,7.1921428479506275,7.2178192138671875,238478538,7.2178192138671875
2005-08-08,7.24868164906759,7.299293237598964,7.171898335247803,7.190661907196045,179943955,7.190661907196045
2005-08-09,7.208191378053434,7.225968015615127,7.123014393949436,7.1985626220703125,232038489,7.1985626220703125
2005-08-10,7.191896687262821,7.217326795939099,7.033394427772264,7.053145408630371,276191367,7.053145408630371
2005-08-11,7.058328646023536,7.075364136372886,6.928217790123733,7.0129008293151855,301722708,7.0129008293151855
2005-08-12,6.99586645476931,7.16473859738147,6.953400858330279,7.15288782119751,264423423,7.15288782119751
2005-08-15,7.154863035588649,7.228189244657961,7.005988596791265,7.011667251586914,328213631,7.011667251586914
2005-08-16,7.033393621768701,7.105238007291607,6.995371593598091,7.052403926849365,285433881,7.052403926849365
2005-08-17,7.048947253783769,7.075117560244926,7.011666844673571,7.038824558258057,155914222,7.038824558258057
2005-08-18,6.811932342844098,6.925254903789873,6.789465406590189,6.912662982940674,476692087,6.912662982940674
2005-08-19,6.937353638189139,6.948710475115322,6.903529861038402,6.9129109382629395,222547046,6.9129109382629395
2005-08-22,6.943525084100291,6.949203738731868,6.748729363319836,6.765023708343506,273541472,6.765023708343506
2005-08-23,6.818105797781345,6.906492207117844,6.767739526031079,6.902541160583496,233740846,6.902541160583496
2005-08-24,6.852916481342126,7.030183227007411,6.825264829652368,6.97636079788208,345012362,6.97636079788208
2005-08-25,6.975868347648983,7.011667412639138,6.912170893304555,6.976855754852295,175720183,6.976855754852295
2005-08-26,6.9988282470739245,7.036850275350581,6.978583801193227,7.001297473907471,150775031,7.001297473907471
2005-08-29,6.968213972315934,7.138073986039308,6.968213972315934,7.121531963348389,237005036,7.121531963348389
2005-08-30,7.095362776701398,7.14770339530929,7.0580823635415575,7.092401027679443,192398464,7.092401027679443
2005-08-31,7.116101746346799,7.1227678083197725,7.020554858067522,7.061045169830322,202114747,7.061045169830322
2005-09-01,7.058822731522021,7.098077479516584,7.036354848812132,7.067216873168945,110095123,7.067216873168945
2005-09-02,7.073636339172863,7.159553989444347,7.071907785954568,7.121531963348389,137894934,7.121531963348389
2005-09-06,7.1351114310595,7.144740659073913,7.080795532825638,7.088449001312256,169123549,7.088449001312256
2005-09-07,7.058329267113536,7.295590121493704,7.043269062311429,7.280036449432373,301104399,7.280036449432373
2005-09-08,7.279049225584491,7.388914703318216,7.242756220297752,7.292875289916992,265523531,7.292875289916992
2005-09-09,7.339536789656508,7.384470671624435,7.32176062377826,7.384223937988281,176278267,7.384223937988281
2005-09-12,7.449896071284058,7.688637771781681,7.431379234515718,7.647160530090332,417017246,7.647160530090332
2005-09-13,7.628891193909232,7.790109392469577,7.559021151364403,7.6950578689575195,413540262,7.6950578689575195
2005-09-14,7.622224934610551,7.734559631606951,7.41409709180889,7.480757236480713,452722579,7.480757236480713
2005-09-15,7.394839837658379,7.573340734226068,7.355090202028642,7.471375942230225,620966845,7.471375942230225
2005-09-16,7.505940039678335,7.517790815941963,7.403480360788971,7.411627769470215,304328438,7.411627769470215
2005-09-19,7.431379615789893,7.554823940126305,7.42421961431554,7.500261306762695,231339881,7.500261306762695
2005-09-20,7.558527206529681,7.685675369378159,7.535813534345589,7.601980209350586,375441994,7.601980209350586
2005-09-21,7.614325126595578,7.746411754688611,7.553837573286677,7.700489521026611,406305245,7.700489521026611
2005-09-22,7.690614056103259,7.8812124666801715,7.657777687549754,7.687404155731201,522206047,7.687404155731201
2005-09-23,7.727647459236085,7.831587064152182,7.717524763912854,7.78591251373291,340623975,7.78591251373291
2005-09-26,7.888125448884518,7.923923564886706,7.716784083398551,7.759248733520508,397259466,7.759248733520508
2005-09-27,7.775790668473929,7.861214390690192,7.737029381551491,7.750855445861816,275954483,7.750855445861816
2005-09-28,7.757768432059124,7.779493753271087,7.544948862499124,7.554824352264404,321095049,7.554824352264404
2005-09-29,7.571613357349961,7.671356131876404,7.556799886808503,7.644198417663574,225393676,7.644198417663574
2005-09-30,7.757767936226089,7.838746663523804,7.710118098500153,7.813070297241211,367424053,7.813070297241211
2005-10-03,7.743200935239882,7.903185460823186,7.722461605228305,7.867879867553711,367785402,7.867879867553711
2005-10-04,7.899235390399918,7.932071284425224,7.671849104906156,7.6782684326171875,367143003,7.6782684326171875
2005-10-05,7.7199922216350405,7.774555324184494,7.604201373392337,7.671108245849609,334384676,7.671108245849609
2005-10-06,7.755792367226094,7.764186509562836,7.65580191469591,7.721475124359131,320950509,7.721475124359131
2005-10-07,7.771840238738548,7.818255938436719,7.666912274339758,7.727399826049805,271827070,7.727399826049805
2005-10-10,7.735301354389632,7.772581764810096,7.632594939181922,7.669628143310547,223723439,7.669628143310547
2005-10-11,7.668641189841711,7.719006520597454,7.52667906882899,7.557293891906738,342984790,7.557293891906738
2005-10-12,7.5350737635929255,7.584204478259442,7.382001074209249,7.430639266967773,373643277,7.430639266967773
2005-10-13,7.456068227061634,7.456068227061634,7.17658944894927,7.34348726272583,424292413,7.34348726272583
2005-10-14,7.404221330995172,7.412369685342448,7.222511469240665,7.3113908767700195,342041267,7.3113908767700195
2005-10-17,7.344968663940856,7.53507360845614,7.27238265840762,7.530135154724121,303802474,7.530135154724121
2005-10-18,7.529147186449777,7.603214060844913,7.474337349621775,7.487669944763184,284173173,7.487669944763184
2005-10-19,7.505446691497394,7.65037102407051,7.504458339010145,7.621484756469727,281479113,7.621484756469727
2005-10-20,7.65333383889639,7.6814789607430995,7.436564170666408,7.485694885253906,558553779,7.485694885253906
2005-10-21,8.53744637128311,8.553001936685579,8.221427804649432,8.3917818069458,919128253,8.3917818069458
2005-10-24,8.477451456085472,8.62385809796745,8.448318924169588,8.607809066772461,378682093,8.607809066772461
2005-10-25,8.536951943954792,8.576948318467394,8.464860343578248,8.564850807189941,276163262,8.564850807189941
2005-10-26,8.54929707443501,8.789273429153333,8.54707458097448,8.775446891784668,357635500,8.775446891784668
2005-10-27,8.804087656395472,8.816185168626182,8.682617176081903,8.716689109802246,206145800,8.716689109802246
2005-10-28,8.771250644244079,8.862106291543169,8.765078521745501,8.842848777770996,237025111,8.842848777770996
2005-10-31,8.893954411173953,9.252191797438863,8.87593245706444,9.187752723693848,575866428,9.187752723693848
2005-11-01,9.180840890762518,9.478096326066899,9.110477369995397,9.36650276184082,656696267,9.36650276184082
2005-11-02,9.423779428358358,9.505252568035704,9.311938202504983,9.373908042907715,424200069,9.373908042907715
2005-11-03,9.441308022327487,9.544260211718782,9.41587744662559,9.528705596923828,299052737,9.528705596923828
2005-11-04,9.628203122989925,9.67289026521347,9.516362845969322,9.639313697814941,354319116,9.639313697814941
2005-11-07,9.754611983514355,9.813124720941067,9.681779242427636,9.752882957458496,385098052,9.752882957458496
2005-11-08,9.733624560514475,9.76670860610039,9.59363869114389,9.626227378845215,317084071,9.626227378845215
2005-11-09,9.546484539098598,9.586480912249021,9.33317149430261,9.360822677612305,420245300,9.360822677612305
2005-11-10,9.34131896484678,9.662028246151257,9.318357612305743,9.655855178833008,366516664,9.655855178833008
2005-11-11,9.75510662181168,9.799052627228614,9.600306304883766,9.638574600219727,283615089,9.638574600219727
2005-11-14,9.681036967527094,9.831640886005248,9.666470231940133,9.80077838897705,313486637,9.80077838897705
2005-11-15,9.73683487332955,9.801519726467168,9.652151363734115,9.697826385498047,346289130,9.697826385498047
2005-11-16,9.781770779905353,9.847196792770513,9.73017035963874,9.829914093017578,349111670,9.829914093017578
2005-11-17,9.920027359516311,9.969652959034589,9.863982904474094,9.960763931274414,369869183,9.960763931274414
2005-11-18,9.961752270645562,9.986687493026318,9.871885453146154,9.880772590637207,282077347,9.880772590637207
2005-11-21,9.855096655081093,10.121984940021841,9.714863083372817,10.106677055358887,414953540,10.106677055358887
2005-11-22,10.08914653546359,10.302953977023106,10.029400131811457,10.282215118408203,385278727,10.282215118408203
2005-11-23,10.296287921273803,10.485899406370248,10.265179631905394,10.439977645874023,404912042,10.439977645874023
2005-11-25,10.512068018168273,10.58539516438525,10.50021818798495,10.582184791564941,194329675,10.582184791564941
2005-11-28,10.611811533546819,10.646869446925177,10.429606808602918,10.455284118652344,441986487,10.455284118652344
2005-11-29,10.479479852008879,10.527376428003105,9.928422494440602,9.962986946105957,863054861,9.962986946105957
2005-11-30,9.980761868087177,10.084208476557174,9.765967503784605,9.996809005737305,626202395,9.996809005737305
2005-12-01,10.102725169618248,10.256783353692995,10.080258232939919,10.223453521728516,391257051,10.223453521728516
2005-12-02,10.29381797209926,10.357762627091418,10.217776752764244,10.312582015991211,302870996,10.312582015991211
2005-12-05,10.295299549415201,10.307644738324797,9.981255867192575,10.020017623901367,413118688,10.020017623901367
2005-12-06,10.090381134589382,10.280733756793772,9.91755888860934,9.987675666809082,607279734,9.987675666809082
2005-12-07,10.027671055834029,10.041003179162878,9.851144970209264,9.979775428771973,468385066,9.979775428771973
2005-12-08,10.006439326750714,10.138525009155273,9.940766585994757,10.138525009155273,357735875,10.138525009155273
2005-12-09,10.245922250170318,10.26517976288219,10.08692463981627,10.102726936340332,306881974,10.102726936340332
2005-12-12,10.236788692664812,10.25110869847867,10.121244547523593,10.18691635131836,279046027,10.18691635131836
2005-12-13,10.184200248520526,10.319989774235387,10.162967921068365,10.307398796081543,327775997,10.307398796081543
2005-12-14,10.2962877570049,10.362701642391615,10.25801946631199,10.343689918518066,266210095,10.343689918518066
2005-12-15,10.3473922548155,10.446888283611042,10.282954138474068,10.432321548461914,242738446,10.432321548461914
2005-12-16,10.501206274718015,10.677979101878176,10.437261615666026,10.619959831237793,655668429,10.619959831237793
2005-12-19,10.670570645659575,11.01646372040006,10.372080670567861,10.482934951782227,880760980,10.482934951782227
2005-12-20,10.563422298700011,10.670571806400883,10.484663227412502,10.60983657836914,404899997,10.60983657836914
2005-12-21,10.703903262640733,10.785624095013667,10.386896841931735,10.525649070739746,450558497,10.525649070739746
2005-12-22,10.659956572341025,10.686867554752833,10.515773376449326,10.666622161865234,302995460,10.666622161865234
2005-12-23,10.669336829741024,10.677978177983531,10.586135610889732,10.639216423034668,184492943,10.639216423034668
2005-12-27,10.662177122123284,10.662177122123284,10.43750867900681,10.483922958374023,269116950,10.483922958374023
2005-12-28,10.476516141256075,10.561446387701467,10.400474922173759,10.53453540802002,285783185,10.53453540802002
2005-12-29,10.56638413353392,10.584900498829636,10.348874743355209,10.373069763183594,278873383,10.373069763183594
2005-12-30,10.301964686573433,10.32517277099316,10.21481383921479,10.242465019226074,304621533,10.242465019226074
2006-01-03,10.431581582550962,10.756241398137004,10.325419963102824,10.745379447937012,526815259,10.745379447937012
2006-01-04,10.959431511750065,11.084358116851279,10.856972788778556,10.992514610290527,613747887,10.992514610290527
2006-01-05,11.011280086616564,11.14830421819346,10.90017905614629,11.140650749206543,433952486,11.140650749206543
2006-01-06,11.279647203475763,11.616158731184006,11.190026190518667,11.496664047241211,712938289,11.496664047241211
2006-01-09,11.51518139056947,11.687756897588475,11.380132080328549,11.527278900146484,513593887,11.527278900146484
2006-01-10,11.466051899643894,11.60998741057395,11.407291483190306,11.59788990020752,365247927,11.59788990020752
2006-01-11,11.635169192163845,11.729975396973455,11.58356972784984,11.644057273864746,361646478,11.644057273864746
2006-01-12,11.69565868015076,11.727014650251576,11.393960155447436,11.446547508239746,406530084,11.446547508239746
2006-01-13,11.46333485711525,11.527032781338498,11.396675184081634,11.511232376098633,307411953,11.511232376098633
2006-01-17,11.432474515576404,11.601348100045556,11.419390069475138,11.532464981079102,332051965,11.532464981079102
2006-01-18,11.043374510580028,11.291745421677541,10.943384071620912,10.984367370605469,822499417,10.984367370605469
2006-01-19,11.138921921796443,11.1962009914179,10.690324265677761,10.775501251220703,583671575,10.775501251220703
2006-01-20,10.831051389523221,10.863886814283259,9.745724040834519,9.862256050109863,1650832619,9.862256050109863
2006-01-23,10.057792078000379,10.576506475969216,10.017055508506509,10.554533004760742,913065614,10.554533004760742
2006-01-24,10.765131691528108,10.985357068078818,10.726864343012823,10.937954902648926,620902605,10.937954902648926
2006-01-25,11.141143960700745,11.214470166458112,10.596998966198166,10.690323829650879,752401655,10.690323829650879
2006-01-26,10.85178863909716,10.862899214428765,10.45725875480872,10.721677780151367,518982008,10.721677780151367
2006-01-27,10.73970160071055,10.819199934138956,10.591074363895668,10.702421188354492,339355237,10.702421188354492
2006-01-30,10.59724610153318,10.697236557781743,10.492812549338922,10.53774642944336,344843732,10.53774642944336
2006-01-31,10.630330110811837,10.85327142978662,10.467382876295892,10.681928634643555,885948351,10.681928634643555
2006-02-01,9.604748922257887,9.924964696304471,9.567468516079234,9.919532775878906,1088966472,9.919532775878906
2006-02-02,9.969898407913863,10.036064604959188,9.776336379256039,9.777817726135254,474078326,9.777817726135254
2006-02-03,9.718071984971447,9.724985253326647,9.19836871434699,9.420076370239258,734012987,9.420076370239258
2006-02-06,9.512906142829129,9.626227771608189,9.370944508164802,9.507721900939941,358956433,9.507721900939941
2006-02-07,9.455627689384166,9.47315617401775,8.970735655373787,9.083564758300781,667701363,9.083564758300781
2006-02-08,9.097390128732078,9.15195323150823,8.756435492133924,9.112203598022461,835283155,9.112203598022461
2006-02-09,9.164545915338765,9.243549839155438,8.79198945661691,8.857662200927734,478282024,8.857662200927734
2006-02-10,8.93617213979898,8.999128913036888,8.71866181524997,8.952466011047363,611222457,8.952466011047363
2006-02-13,8.558186003011691,8.655953982121604,8.440912829473424,8.534977912902832,791668286,8.534977912902832
2006-02-14,8.525842885576722,8.682864754431893,8.453504546694557,8.476218223571777,588357072,8.476218223571777
2006-02-15,8.425604212397676,8.54238295002869,8.34067396357343,8.453009605407715,519821141,8.453009605407715
2006-02-16,8.534236228390741,9.060850862242118,8.50510275398559,9.04751968383789,855815829,9.04751968383789
2006-02-17,9.131461759484068,9.187752001463476,8.977402613213883,9.104057312011719,574955025,9.104057312011719
2006-02-21,9.04702685628826,9.222318346342734,9.014190484524484,9.050729751586914,348742290,9.050729751586914
2006-02-22,9.06455336038813,9.108993766286906,8.98332696183377,9.02357006072998,260018976,9.02357006072998
2006-02-23,9.026534063090201,9.412422613574062,9.02110308736371,9.334158897399902,503945859,9.334158897399902
2006-02-24,9.315148181120675,9.383535935450634,9.221083113706886,9.31761646270752,260344190,9.31761646270752
2006-02-27,9.413161640718661,9.670667375889328,9.388718944308767,9.638078689575195,410019113,9.638078689575195
2006-02-28,9.707702826384713,9.814853289516888,8.35746292116315,8.952713966369629,1583416872,8.952713966369629
2006-03-01,9.09936693847284,9.121340411346393,8.920123939370454,9.006536483764648,484256334,9.006536483764648
2006-03-02,8.993697910461634,9.408966678889763,8.94234422873854,9.29416275024414,735960259,9.29416275024414
2006-03-03,9.487970474817008,9.56055648244948,9.277126665480194,9.336874961853027,480273461,9.336874961853027
2006-03-06,9.404276029281135,9.465750517311756,9.064308280153647,9.08800983428955,358928328,9.08800983428955
2006-03-07,9.01196851254801,9.096652040770469,8.842354722447523,8.997895240783691,416708092,8.997895240783691
2006-03-08,8.738166414251117,8.888769397998766,8.654470780138608,8.736931800842285,471585016,8.736931800842285
2006-03-09,8.774212851046082,8.851736369117628,8.431283353587386,8.468317031860352,558501584,8.468317031860352
2006-03-10,8.480660913731205,8.505350346637885,8.185628004334582,8.332526206970215,775921484,8.332526206970215
2006-03-13,8.417210275969287,8.544851920444213,8.281915162032579,8.321663856506348,547741403,8.321663856506348
2006-03-14,8.323640795220118,8.699653458692584,8.212046274775487,8.669779777526855,740794310,8.669779777526855
2006-03-15,8.660148513877626,8.697924281072938,8.407333530185344,8.505350112915039,512666424,8.505350112915039
2006-03-16,8.606820108671856,8.610276269610422,8.342401108725413,8.36388111114502,402169802,8.36388111114502
2006-03-17,8.36462303295064,8.438196924873784,8.269076612246469,8.38906478881836,343350155,8.38906478881836
2006-03-20,8.452020893150534,8.643361398183094,8.432269914060964,8.596451759338379,417864410,8.596451759338379
2006-03-21,8.641384044837675,8.682120608948182,8.371534085795705,8.392271995544434,394717975,8.392271995544434
2006-03-22,8.38807608791094,8.49547326347237,8.332525107535469,8.399679183959961,304978867,8.399679183959961
2006-03-23,8.452266702053247,8.536210008344323,8.399185892473602,8.440910339355469,298502683,8.440910339355469
2006-03-24,9.100846613595971,9.137140087318464,8.949996900404535,9.031224250793457,609500025,9.031224250793457
2006-03-27,9.06307358308845,9.17713731131579,9.011474112863826,9.127264976501465,282001062,9.127264976501465
2006-03-28,9.177136505542462,9.328973153984638,9.163804382634533,9.312678337097168,359173242,9.312678337097168
2006-03-29,9.380324320963119,9.85089628195978,9.369708160197657,9.751646995544434,763952790,9.751646995544434
2006-03-30,9.608700579263193,9.715109899841309,9.470936233499534,9.590184211730957,590673723,9.590184211730957
2006-03-31,9.597590052028272,9.674865888362794,9.481303833743022,9.628697395324707,1466331647,9.628697395324707
2006-04-03,9.617093844835667,9.689678902895693,9.577590942838397,9.62129020690918,326125835,9.62129020690918
2006-04-04,9.62622825031584,9.996563132263615,9.582776662780365,9.98273754119873,630984252,9.98273754119873
2006-04-05,10.078037330581633,10.235305912151691,9.945210503597924,10.072853088378906,538430634,10.072853088378906
2006-04-06,10.03581951070708,10.218517728534556,10.009649675125754,10.151610374450684,345229172,10.151610374450684
2006-04-07,10.181976737358184,10.19284057897397,9.974836780577277,10.027670860290527,282089392,10.027670860290527
2006-04-10,10.050387078845269,10.299498258742865,10.005205515245375,10.279994010925293,374201361,10.279994010925293
2006-04-11,10.280981103200187,10.347146366112757,10.029153036419936,10.114083290100098,445953300,10.114083290100098
2006-04-12,10.097786508399922,10.155312301658228,10.003721456595967,10.096551895141602,241582128,10.096551895141602
2006-04-13,10.08865282168672,10.116550735882546,9.887931720149764,9.928915023803711,263098475,9.928915023803711
2006-04-17,9.96076317641833,10.184198888110208,9.896325056421864,10.043965339660645,331618345,10.043965339660645
2006-04-18,10.071370861698991,10.118280502155523,9.912620931985865,9.980269432067871,326724069,9.980269432067871
2006-04-19,10.185926935318886,10.212344446870514,10.041742813674023,10.134820938110352,272284779,10.134820938110352
2006-04-20,10.147413923928724,10.270611522208338,10.078037343465526,10.245922088623047,492699864,10.245922088623047
2006-04-21,11.082876833964194,11.127810711636942,10.768587369207046,10.791547775268555,905433112,10.791547775268555
2006-04-24,10.848333434596704,10.979184505923955,10.77722877128981,10.875492095947266,354780840,10.875492095947266
2006-04-25,10.854011277414001,10.888822460216774,10.517500656081793,10.54613971710205,384194678,10.54613971710205
2006-04-26,10.560460084333613,10.617243795758158,10.456519054236551,10.516759872436523,292203159,10.516759872436523
2006-04-27,10.441212320924347,10.539968165465702,10.354306308015541,10.370108604431152,334766100,10.370108604431152
2006-04-28,10.335543167353952,10.51083464892395,10.278018308811152,10.31850814819336,297964674,10.31850814819336
2006-05-01,10.331591743794304,10.355540974645074,9.839788323181525,9.848428726196289,416001453,9.848428726196289
2006-05-02,9.902252773956965,9.937063959663265,9.589196000219014,9.74720573425293,526136725,9.74720573425293
2006-05-03,9.785471362898567,9.912619517774695,9.650423006310174,9.731650352478027,324098263,9.731650352478027
2006-05-04,9.75288209459251,9.847688300031955,9.683259732812393,9.745969772338867,186777474,9.745969772338867
2006-05-05,9.816333560008871,9.892375724342273,9.672643846134402,9.73486042022705,243509324,9.73486042022705
2006-05-08,9.7548577127749,9.804482362545931,9.629931102738668,9.746710777282715,205511431,9.746710777282715
2006-05-09,9.769424519961168,10.097787239496679,9.721280271437335,10.092849731445312,366994449,10.092849731445312
2006-05-10,10.080753740577928,10.16469611679162,9.921509392206957,9.9491605758667,248415646,9.9491605758667
2006-05-11,9.960023045615046,9.991872478102286,9.504758895169394,9.554630279541016,357045296,9.554630279541016
2006-05-12,9.46920697689254,9.502043345217118,9.22256411403504,9.236884117126465,405016432,9.236884117126465
2006-05-15,9.281324972439206,9.385511791574864,9.091713488575214,9.287989616394043,344891912,9.287989616394043
2006-05-16,9.282804013698058,9.30428401621541,9.132201043843216,9.167013168334961,260617209,9.167013168334961
2006-05-17,9.149977583435724,9.377857334344123,9.140349300949488,9.246017456054688,427347823,9.246017456054688
2006-05-18,9.351688326764252,9.426495881520548,9.152447617477462,9.159360885620117,234274840,9.159360885620117
2006-05-19,9.215897468512468,9.246017876024569,8.902101471099662,9.135411262512207,457636930,9.135411262512207
2006-05-22,9.081838190335123,9.209726572474725,9.017646792950195,9.158373832702637,345466056,9.158373832702637
2006-05-23,9.23885983751204,9.477601576053097,9.222811752198977,9.272683143615723,360666820,9.272683143615723
2006-05-24,9.316380680944068,9.46673595824802,9.174665805243132,9.412667274475098,383584400,9.412667274475098
2006-05-25,9.359095046901041,9.455875128703196,9.191950506350938,9.455628395080566,329012615,9.455628395080566
2006-05-26,9.494142142570288,9.526978507435391,9.382547659678943,9.41513729095459,147229793,9.41513729095459
2006-05-30,9.339342972980427,9.406497057541594,9.170717088051692,9.182814598083496,173287097,9.182814598083496
2006-05-31,9.228735982705581,9.338601448353977,9.055419330026604,9.179851531982422,320448635,9.179851531982422
2006-06-01,9.222318159774916,9.455628919058837,9.174421583464937,9.446494102478027,252061259,9.446494102478027
2006-06-02,9.55068206209322,9.556608396767809,9.318853567715529,9.3679838180542,256413512,9.3679838180542
2006-06-05,9.287495471030985,9.417606327641806,9.237377352149899,9.244537353515625,223173385,9.244537353515625
2006-06-06,9.29737169433022,9.628697127292948,9.29045842637926,9.628450393676758,411930250,9.628450393676758
2006-06-07,9.70869054245036,9.748685969882303,9.542287140878368,9.542533874511719,357788070,9.542533874511719
2006-06-08,9.57314662423819,9.734119030897125,9.346995896449858,9.71017074584961,415933198,9.71017074584961
2006-06-09,9.682767145019808,9.762758942784927,9.513894521582818,9.544014930725098,247223193,9.544014930725098
2006-06-12,9.587714110667685,9.640794926625547,9.406497244861056,9.419829368591309,201516513,9.419829368591309
2006-06-13,9.404029599078111,9.554631653609995,9.335393216118552,9.542780876159668,307512327,9.542780876159668
2006-06-14,9.624501545661351,9.655855624250785,9.345269024613627,9.490193367004395,312045255,9.490193367004395
2006-06-15,9.545248732660419,9.684247668763321,9.45587444733546,9.653386116027832,272445379,9.653386116027832
2006-06-16,9.606477923635937,9.651658535850533,9.57932020958365,9.645979881286621,212979318,9.645979881286621
2006-06-19,9.649684378530699,9.747205611208546,9.554137960267974,9.58277702331543,306468429,9.58277702331543
2006-06-20,9.580059716204769,9.67486497489994,9.542532575554212,9.558826446533203,162201701,9.558826446533203
2006-06-21,9.654868790922764,9.974344422189558,9.62252588677026,9.928175926208496,351087046,9.928175926208496
2006-06-22,9.914595556294845,10.023719872451888,9.579319569870659,9.87435245513916,237362370,9.87435245513916
2006-06-23,9.94372875819779,10.116304271175316,9.893856425832338,9.995575904846191,213388847,9.995575904846191
2006-06-26,10.042237792583247,10.080506081917088,9.955826197231657,9.979775428771973,142580431,9.979775428771973
2006-06-27,10.016561750337264,10.0731006238497,9.900524144882628,9.932867050170898,164899777,9.932867050170898
2006-06-28,9.974591551650013,10.035573521774335,9.903486884556457,10.026437759399414,148976315,10.026437759399414
2006-06-29,10.07285159518977,10.324925408864758,10.019275428332904,10.31529712677002,267326263,10.31529712677002
2006-06-30,10.260733971034618,10.352824211120605,10.180001038800535,10.352824211120605,251258261,10.352824211120605
2006-07-03,10.370354905620191,10.462444211604833,10.355788168642782,10.448371887207031,86591354,10.448371887207031
2006-07-05,10.406893075649268,10.438495776032418,10.261722011206002,10.405412673950195,200171490,10.405412673950195
2006-07-06,10.452814706135538,10.502191675233965,10.418250260562981,10.448123931884766,148036806,10.448123931884766
2006-07-07,10.518736665707891,10.564164017447117,10.267649726874547,10.380477905273438,242581861,10.380477905273438
2006-07-10,10.454297055086853,10.498490736323873,10.279993447868636,10.32492733001709,178121149,10.32492733001709
2006-07-11,10.33258047282803,10.494046363093553,10.197285363385392,10.481948852539062,239747276,10.481948852539062
2006-07-12,10.42096640848496,10.437014492390526,10.288633999352252,10.301471710205078,197003661,10.301471710205078
2006-07-13,10.22123331780456,10.328382828558492,10.044212815923236,10.09359073638916,278018189,10.09359073638916
2006-07-14,10.130622902069222,10.159261959320345,9.841267745186332,9.961997985839844,303216285,9.961997985839844
2006-07-17,9.989897813258805,10.147167342732,9.96743087266829,10.07038402557373,233347377,10.07038402557373
2006-07-18,10.11630511251945,10.136550505626706,9.819790835500896,9.950889587402344,342751921,9.950889587402344
2006-07-19,9.752387744079757,9.903730908555167,9.743746396705903,9.850896835327148,342017177,9.850896835327148
2006-07-20,9.981255759041835,9.985206332890842,9.521547549790768,9.55759334564209,503427925,9.55759334564209
2006-07-21,9.533397817955537,9.671904243903798,9.324776502022248,9.631413459777832,471946365,9.631413459777832
2006-07-24,9.698319198664061,9.724736708331994,9.411680947047195,9.65091609954834,324656348,9.65091609954834
2006-07-25,9.505745520140325,9.661039267807494,9.475625114546153,9.612895965576172,231307761,9.612895965576172
2006-07-26,9.584258776566019,9.675854624540003,9.455875982011722,9.517598152160645,222105397,9.517598152160645
2006-07-27,9.563765139894988,9.566727833845421,9.331195555464971,9.441061019897461,226489769,9.441061019897461
2006-07-28,9.431186558191666,9.617835361413547,9.424520968412859,9.582283973693848,163956253,9.582283973693848
2006-07-31,9.57931942009032,9.608205212424973,9.463527626475484,9.544754028320312,184500973,9.544754028320312
2006-08-01,9.507967733294226,9.524262548934892,9.270953178405762,9.270953178405762,219347097,9.270953178405762
2006-08-02,9.273176752403792,9.311939458590084,9.01641211017462,9.06653118133545,284976172,9.06653118133545
2006-08-03,9.01097973014715,9.3302076386913,8.97098336197496,9.267991065979004,254028606,9.267991065979004
2006-08-04,9.37094372136946,9.398594899802525,9.178122837096234,9.22996997833252,204571922,9.22996997833252
2006-08-07,9.171952436824572,9.375142787468707,9.163311087440617,9.331196784973145,158467758,9.331196784973145
2006-08-08,9.451430880167518,9.492908597366975,9.35934157523389,9.40649700164795,230589077,9.40649700164795
2006-08-09,9.450936765797316,9.497352938163813,9.291940105301975,9.306260108947754,173086347,9.306260108947754
2006-08-10,9.230711980134394,9.32428358620885,9.195654060398773,9.23861312866211,171114986,9.23861312866211
2006-08-11,9.243547739443049,9.265274475295053,9.085538982362452,9.097883224487305,151224711,9.097883224487305
2006-08-14,9.171952746451732,9.26157378061677,9.102082693445626,9.120845794677734,199476896,9.120845794677734
2006-08-15,9.236390854721845,9.423038694243255,9.199109499134295,9.405755996704102,268932260,9.405755996704102
2006-08-16,9.467724599795455,9.590428711165913,9.43414803427757,9.572405815124512,235005569,9.572405815124512
2006-08-17,9.539571124580391,9.62869774073539,9.478589158575653,9.525004386901855,203969673,9.525004386901855
2006-08-18,9.537596384981688,9.55685389783629,9.400325513321436,9.464763641357422,198830482,9.464763641357422
2006-08-21,9.334899333334869,9.357119540065197,9.263795617137399,9.31514835357666,161535213,9.31514835357666
2006-08-22,9.325764481387862,9.36353836001533,9.254413086494091,9.339590072631836,167188323,9.339590072631836
2006-08-23,9.323542678503612,9.339097296977098,9.200591804633337,9.219602584838867,146238089,9.219602584838867
2006-08-24,9.244538251613738,9.292928294591626,9.19071534200707,9.227008819580078,139822131,9.227008819580078
2006-08-25,9.210960469209413,9.26626472436102,9.196641410839076,9.215404510498047,99037832,9.215404510498047
2006-08-28,9.27342305243604,9.40526294708252,9.258362847495569,9.40526294708252,167184308,9.40526294708252
2006-08-29,9.401064206261905,9.439085758604639,9.312677804486952,9.355883598327637,179068687,9.355883598327637
2006-08-30,9.362304215645965,9.496613342101368,9.345022462059964,9.400325775146484,162382376,9.400325775146484
2006-08-31,9.418594725150042,9.4348895429907,9.337368314909115,9.345515251159668,118839777,9.345515251159668
2006-09-01,9.406250458310952,9.413409514713214,9.312432125479873,9.347243309020996,107316747,9.347243309020996
2006-09-05,9.37859806832923,9.515128728823035,9.318604931571343,9.489452362060547,163582859,9.489452362060547
2006-09-06,9.433656352250738,9.460567337307685,9.373414580277785,9.385266304016113,149522354,9.385266304016113
2006-09-07,9.366748404106936,9.42501346125511,9.317616272245266,9.344528198242188,154256030,9.344528198242188
2006-09-08,9.300828859077528,9.401313734795824,9.300828859077528,9.328727722167969,123798294,9.328727722167969
2006-09-11,9.338849722952864,9.49759964944981,9.326752212639688,9.482786178588867,181847062,9.482786178588867
2006-09-12,9.505252764385379,9.696097907078036,9.502290070323566,9.675606727600098,218503948,9.675606727600098
2006-09-13,9.755845644164717,10.042484888053984,9.75461197603942,10.03779411315918,392192544,10.03779411315918
2006-09-14,9.981750453574005,10.030634911440538,9.923237711524791,9.97385025024414,215448538,9.97385025024414
2006-09-15,10.060260584495644,10.123710827441679,10.041990953017597,10.119514465332031,314703180,10.119514465332031
2006-09-18,10.122477986863245,10.337024698141251,10.10939165087933,10.238268852233887,285333506,10.238268852233887
2006-09-19,10.2572793090408,10.258019509918741,9.696345063137835,9.969653129577637,573858932,9.969653129577637
2006-09-20,10.05087819446439,10.058038195356495,9.742759930565935,9.801519393920898,367283528,9.801519393920898
2006-09-21,9.882993740209228,10.084208299365372,9.872130844450906,10.044706344604492,429287065,10.044706344604492
2006-09-22,9.998537153945398,10.05951910768116,9.909162876800137,9.968910217285156,186681114,9.968910217285156
2006-09-25,10.013353157572732,10.10889863448423,9.937310982671338,9.97385025024414,230352192,9.97385025024414
2006-09-26,10.011376100143385,10.065199005287184,9.919285851533868,10.04520034790039,212369039,10.04520034790039
2006-09-27,10.031128439434777,10.152598911232166,9.93410066938839,9.947680473327637,235949093,9.947680473327637
2006-09-28,9.976318234104372,10.047916358458851,9.88891875971972,9.963973045349121,205061752,9.963973045349121
2006-09-29,10.002242805499838,10.014340315937542,9.910399285216593,9.922496795654297,132932403,9.922496795654297
2006-10-02,9.922496797779463,10.023720922606802,9.895339082695553,9.911139488220215,146623529,9.911139488220215
2006-10-03,9.907436068667538,10.035077700940796,9.830899490686857,9.975330352783203,219407321,9.975330352783203
2006-10-04,9.998290213859702,10.264930747615919,9.950887116182376,10.263202667236328,267470802,10.263202667236328
2006-10-05,10.238515251330387,10.32591472985304,10.143709982679274,10.16716480255127,232460064,10.16716480255127
2006-10-06,10.127909073845723,10.416523145387819,10.116305030216205,10.381711959838867,294559960,10.381711959838867
2006-10-09,10.487875580836029,10.664401698438677,10.45380459282364,10.591568946838379,304468963,10.591568946838379
2006-10-10,10.654772113070212,10.81006589590542,10.428374607310664,10.533550262451172,393011603,10.533550262451172
2006-10-11,10.493304072367616,10.614032420239006,10.462194843795224,10.5298433303833,226260915,10.5298433303833
2006-10-12,10.580704083217412,10.608356209552666,10.468122654295607,10.55305290222168,194486260,10.55305290222168
2006-10-13,10.560953141872746,10.603912205887234,10.50663676881022,10.549595832824707,145443121,10.549595832824707
2006-10-16,10.559472008428802,10.596505685052458,10.402450164884051,10.412572860717773,173423607,10.412572860717773
2006-10-17,10.37677346824999,10.461950456871437,10.287893584416114,10.38516902923584,209221284,10.38516902923584
2006-10-18,10.443186808665141,10.48663934109065,10.307644969295255,10.35233211517334,241594173,10.35233211517334
2006-10-19,10.375046423878127,10.603913142999522,10.358751605053278,10.518982887268066,461864718,10.518982887268066
2006-10-20,11.331990446355642,11.35939584249098,11.198671087743213,11.348779678344727,467662368,11.348779678344727
2006-10-23,11.41321528322133,11.965261414395803,11.366060803218875,11.869961738586426,606444615,11.869961738586426
2006-10-24,11.758862594705766,11.797871087273716,11.638627689116392,11.68553638458252,347706422,11.68553638458252
2006-10-25,11.78873383818895,12.060559583712829,11.729975318458745,12.013650894165039,368877480,12.013650894165039
2006-10-26,12.040315743070543,12.145983902988661,11.954398561566508,11.976618766784668,282322262,11.976618766784668
2006-10-27,11.946992138922134,11.980075241332274,11.665290410518955,11.732197761535645,265150137,11.732197761535645
2006-10-30,11.72281592308142,11.862061597318915,11.604062373465922,11.766020774841309,263508004,11.766020774841309
2006-10-31,11.802808600480285,11.904033672426912,11.698620834278245,11.761578559875488,252358369,11.761578559875488
2006-11-01,11.820090199516864,11.829225015064935,11.486789017458483,11.542092323303223,217865564,11.542092323303223
2006-11-02,11.542091455172942,11.695902906270886,11.514440277000084,11.601592063903809,210253137,11.601592063903809
2006-11-03,11.658872465701013,11.696399612202114,11.481852897016637,11.648256301879883,197043811,11.648256301879883
2006-11-06,11.696892577861565,11.842310370731967,11.661340250203887,11.775403022766113,200408375,11.775403022766113
2006-11-07,11.775404241514572,11.826511190481774,11.647514920289327,11.667266845703125,196618221,11.667266845703125
2006-11-08,11.61245760668449,11.893664953446319,11.569251803767182,11.727261543273926,319794191,11.727261543273926
2006-11-09,11.764293355850386,11.838113025956638,11.64973617109542,11.668746948242188,195899538,11.668746948242188
2006-11-10,11.697140217885632,11.720347358900842,11.610975352428248,11.691461563110352,112287309,11.691461563110352
2006-11-13,11.724790734810071,11.879591025360288,11.706026690821751,11.876133918762207,174326980,11.876133918762207
2006-11-14,11.86798663616989,12.096358912967485,11.863048182699607,12.08031177520752,290019003,12.08031177520752
2006-11-15,12.182275406738233,12.340778566313215,12.145241737365723,12.145241737365723,336083018,12.145241737365723
2006-11-16,12.22103922454795,12.28720542813082,12.16079746372788,12.24325942993164,204467533,12.24325942993164
2006-11-17,12.177834034533072,12.336090495208884,12.171660967169023,12.314611434936523,221266263,12.314611434936523
2006-11-20,12.304980620873033,12.304980620873033,12.163018996580139,12.222272872924805,205748315,12.222272872924805
2006-11-21,12.259060236604212,12.591373557779798,12.241530805336833,12.582733154296875,338363534,12.582733154296875
2006-11-22,12.615322475904367,12.665440596215964,12.487186429849677,12.542243003845215,180702789,12.542243003845215
2006-11-24,12.455585595644513,12.529652952983971,12.443240405861538,12.46792984008789,69567783,12.46792984008789
2006-11-27,12.378306828059076,12.388429522830974,11.967976570129395,11.967976570129395,294086191,11.967976570129395
2006-11-28,11.878602468141677,12.094137974074886,11.7773774095696,12.085248947143555,313073093,12.085248947143555
2006-11-29,12.202275337160964,12.214619579796489,11.90625363013057,11.965507507324219,253558852,11.965507507324219
2006-11-30,11.954151642883618,12.107469638506025,11.88897237525277,11.96945858001709,223936234,11.96945858001709
2006-12-01,11.998345057668706,12.057845674333727,11.813671085746666,11.870455741882324,226100315,11.870455741882324
2006-12-04,11.924772504726263,12.034144512953356,11.83465800911494,11.970446586608887,196730641,11.970446586608887
2006-12-05,12.033403116123289,12.08376891730027,11.971435162503552,12.023528099060059,164735162,12.023528099060059
2006-12-06,12.02253955674406,12.156847722255566,11.962298741823277,12.06574535369873,178679233,12.06574535369873
2006-12-07,12.103273004803782,12.142034762351798,11.910452096892929,11.915884017944336,187271318,11.915884017944336
2006-12-08,11.898600867803978,12.06302944143213,11.850704296010653,11.952176094055176,159591956,11.952176094055176
2006-12-11,11.972175625662071,12.070437057893557,11.9445234975322,11.947732925415039,131025281,11.947732925415039
2006-12-12,11.94575645537994,12.007725347108119,11.857616786274976,11.89465045928955,167866857,11.89465045928955
2006-12-13,11.966495476476346,11.986494132848371,11.777130746979502,11.825767517089844,187182988,11.825767517089844
2006-12-14,11.856878105582538,11.943288759908794,11.78305748368615,11.903045654296875,190668002,11.903045654296875
2006-12-15,11.9158839169294,11.952176447266467,11.84675501761893,11.858111381530762,208410256,11.858111381530762
2006-12-18,11.91267414133501,11.918351850455366,11.37470127611637,11.426054954528809,321865927,11.426054954528809
2006-12-19,11.399389472861808,11.586778432353798,11.319890209717897,11.569989204406738,264467588,11.569989204406738
2006-12-20,11.603815476395813,11.640848205954056,11.414450739868276,11.428523063659668,175366863,11.428523063659668
2006-12-21,11.460123576228026,11.486541085682983,11.167805727823588,11.263105392456055,279174507,11.263105392456055
2006-12-22,11.295202978055002,11.32334857147238,11.177436362478366,11.24779987335205,160129965,11.24779987335205
2006-12-26,11.271007096340574,11.343839828459629,11.223357261668683,11.295943260192871,83282999,11.295943260192871
2006-12-27,11.356924863114102,11.556412293641891,11.334704658327134,11.555176734924316,169894428,11.555176734924316
2006-12-28,11.532709289281776,11.568756027910396,11.412474400452261,11.420127868652344,125115211,11.420127868652344
2006-12-29,11.408772692428457,11.467285429209955,11.35346938341892,11.368776321411133,102751700,11.368776321411133
2007-01-03,11.505059168457555,11.768243586664818,11.38433080133077,11.544315338134766,309415434,11.544315338134766
2007-01-04,11.579127129620202,11.948226463776324,11.56307904477093,11.931191444396973,316686586,11.931191444396973
2007-01-05,11.91242835808778,12.035872692337412,11.804043283495654,12.028219223022461,275914333,12.028219223022461
2007-01-08,12.040563497195675,12.094386406845606,11.90502165188616,11.939092636108398,190888826,11.939092636108398
2007-01-09,11.985259459233996,12.054389303361285,11.880331497620523,11.986495018005371,216062832,11.986495018005371
2007-01-10,11.9600764306303,12.185240234512872,11.901070228211395,12.08426284790039,239634856,12.08426284790039
2007-01-11,12.275355518312777,12.387691166571049,12.25017356244012,12.33757209777832,289408724,12.33757209777832
2007-01-12,12.393615749113899,12.46792984008789,12.34448550497492,12.46792984008789,179618741,12.46792984008789
2007-01-16,12.53088533570417,12.665440233284848,12.425957378020062,12.450152397155762,303890804,12.450152397155762
2007-01-17,12.428179170716051,12.536317503469196,12.20573227417865,12.27733039855957,268968395,12.27733039855957
2007-01-18,12.209187529457866,12.257579459517672,12.034143737124912,12.04401969909668,238169384,12.04401969909668
2007-01-19,12.04772376573834,12.116359202967752,12.017109887725594,12.091423034667969,199878396,12.091423034667969
2007-01-22,12.15931663794567,12.163019532710708,11.813670271152045,11.871443748474121,216982266,11.871443748474121
2007-01-23,11.870207641898794,11.967976537664516,11.783796999528143,11.827249526977539,187319498,11.827249526977539
2007-01-24,11.960570354328334,12.33312675489226,11.931931294614547,12.32152271270752,243280470,12.32152271270752
2007-01-25,12.369174322580314,12.455585926659595,11.990445746225182,12.050439834594727,255694828,12.050439834594727
2007-01-26,12.120556537925545,12.292638598661267,12.024269916814001,12.241779327392578,220684089,12.241779327392578
2007-01-29,12.295107637084387,12.313624003832619,12.109940188243668,12.158576965332031,191744020,12.158576965332031
2007-01-30,12.19635204755921,12.295108849305386,12.12771754980224,12.204253196716309,167846782,12.204253196716309
2007-01-31,12.257826349802784,12.467929006282294,12.233630384463627,12.38151741027832,490074058,12.38151741027832
2007-02-01,12.492618525380776,12.492865259000517,11.888478495362348,11.893911361694336,628695706,11.893911361694336
2007-02-02,11.915143631466268,11.974150784568698,11.796636803324718,11.887739181518555,252402534,11.887739181518555
2007-02-05,11.788982302901676,11.801327491786122,11.50974980406489,11.533699035644531,289356529,11.533699035644531
2007-02-06,11.556907147078466,11.68528993768714,11.536168286789723,11.640355110168457,213673912,11.640355110168457
2007-02-07,11.698127156968512,11.711212547251547,11.573694945815156,11.604063034057617,165409681,11.604063034057617
2007-02-08,11.555671863091181,11.696398890117338,11.484073736123564,11.629244804382324,163679219,11.629244804382324
2007-02-09,11.644552506954707,11.669981195161432,11.393959066458663,11.40358829498291,195072449,11.40358829498291
2007-02-12,11.373714906087528,11.415932825532918,11.233974812211322,11.31470775604248,231042771,11.31470775604248
2007-02-13,11.335939966236927,11.425560991698864,11.289278005995149,11.334705352783203,163113105,11.334705352783203
2007-02-14,11.3569255034852,11.582336046304697,11.337667991583976,11.503331184387207,228806420,11.503331184387207
2007-02-15,11.505060234629955,11.508269662660698,11.374702626883428,11.393218994140625,162302076,11.393218994140625
2007-02-16,11.426056547133474,11.607520164152644,11.40778596780212,11.602334976196289,248006116,11.602334976196289
2007-02-20,11.566038671397937,11.671708711176999,11.473208231549805,11.655660629272461,163313855,11.655660629272461
2007-02-21,11.599863134738529,11.818112686414523,11.548015997783503,11.748490333557129,226469694,11.748490333557129
2007-02-22,11.818362020023836,11.955386153737726,11.712200387040266,11.748245239257812,230617182,11.748245239257812
2007-02-23,11.74577529225785,11.775402229977926,11.549498247871494,11.619121551513672,155886118,11.619121551513672
2007-02-26,11.673683945072801,11.733430343572312,11.449508038878646,11.478641510009766,159391206,11.478641510009766
2007-02-27,11.233481418300604,11.351988241075567,11.040166094233562,11.079668998718262,373908266,11.079668998718262
2007-02-28,11.120157134377774,11.200644284962282,10.938200077610704,11.096456527709961,322496281,11.096456527709961
2007-03-01,10.92906482510533,11.16978228504762,10.863145358889886,11.066335678100586,348710170,11.066335678100586
2007-03-02,10.989306797238724,11.077939944129888,10.830556869506836,10.830556869506836,264331078,10.830556869506836
2007-03-05,10.789571794229273,10.998935186260924,10.789078327014266,10.886600494384766,255156819,10.886600494384766
2007-03-06,11.047573781692135,11.332237292643837,11.045351288178695,11.296439170837402,302477526,11.296439170837402
2007-03-07,11.42333875056795,11.434449326557155,11.215952045951276,11.249281883239746,262343656,11.249281883239746
2007-03-08,11.337669273138257,11.492716320360339,11.211262236053484,11.226569175720215,215316044,11.226569175720215
2007-03-09,11.307548165729584,11.317424128480592,11.112504755109212,11.183115005493164,199854306,11.183115005493164
2007-03-12,11.17348630701893,11.239652507912117,11.137439567302133,11.227307319641113,139135567,11.227307319641113
2007-03-13,11.11275198293229,11.157686811908997,10.933017393723645,10.937954902648926,256048147,10.937954902648926
2007-03-14,10.942891832319553,11.07695231827749,10.838457341125357,11.060657501220703,321877972,11.060657501220703
2007-03-15,11.057199309576307,11.105591234115456,10.96041924185566,11.015969276428223,158359353,11.015969276428223
2007-03-16,11.002639210844352,11.028563258405091,10.86043177640749,10.884132385253906,227212468,10.884132385253906
2007-03-19,10.943386476282638,11.07300388050234,10.87870066832172,11.041647911071777,208687290,11.041647911071777
2007-03-20,11.006095492944134,11.050782637326954,10.9520258538394,10.99350357055664,137372985,10.99350357055664
2007-03-21,10.993997384726882,11.272242010029917,10.991775836788111,11.271748542785645,232801338,11.271748542785645
2007-03-22,11.248542426546027,11.410501794086956,11.172500251686552,11.407292366027832,228079706,11.407292366027832
2007-03-23,11.392723782407586,11.44062035257168,11.284833132736058,11.402105331420898,165068406,11.402105331420898
2007-03-26,11.370504098987997,11.480369567871094,11.2487878538231,11.480369567871094,189118214,11.480369567871094
2007-03-27,11.444571472263057,11.486049189327336,11.365318933059761,11.44629955291748,150208917,11.44629955291748
2007-03-28,11.403092660728475,11.491232328360649,11.360627067934868,11.403340339660645,184352418,11.403340339660645
2007-03-29,11.469260654108112,11.505059718805358,11.233481617844426,11.379639625549316,160137995,11.379639625549316
2007-03-30,11.408773140131654,11.440869309789862,11.261626306715403,11.311498641967773,135714793,11.311498641967773
2007-04-02,11.301623100107289,11.320632934570312,11.1623774097746,11.320632934570312,138457033,11.320632934570312
2007-04-03,11.45691635037368,11.708744415444055,11.455681736883703,11.668006896972656,261046814,11.668006896972656
2007-04-04,11.656649929324198,11.677882255166303,11.593445473692974,11.628997802734375,151718555,11.628997802734375
2007-04-05,11.635909982514812,11.655414227456747,11.594433211148615,11.641096115112305,109039179,11.641096115112305
2007-04-09,11.67738747918853,11.677881891747296,11.49493601025151,11.559621810913086,122943100,11.559621810913086
2007-04-10,11.531971294670742,11.623320408693422,11.484321450497408,11.517404556274414,119618686,11.517404556274414
2007-04-11,11.506541045157205,11.589003016899326,11.421364058135438,11.468767166137695,153051532,11.468767166137695
2007-04-12,11.455681574100197,11.554437417141076,11.412229040975793,11.539377212524414,108721995,11.539377212524414
2007-04-13,11.565546978923681,11.573447181624884,11.439880155221518,11.512219429016113,112211024,11.512219429016113
2007-04-16,11.565792229291425,11.776390222716465,11.55813876119685,11.709236145019531,203877329,11.709236145019531
2007-04-17,11.697632546285973,11.761577199009958,11.643316176108245,11.672943115234375,128885290,11.672943115234375
2007-04-18,11.634924106352603,11.848236206705508,11.592211772350915,11.752197265625,227670177,11.752197265625
2007-04-19,11.714914796247605,11.89884856026761,11.593692964948431,11.644552230834961,442034667,11.644552230834961
2007-04-20,12.110431529959316,12.159315977442994,11.900574683614261,11.911931991577148,488283372,11.911931991577148
2007-04-23,11.8531743867325,11.974150438437782,11.807746093098025,11.827991485595703,227834792,11.827991485595703
2007-04-24,11.816386687052164,11.850209987104977,11.740837049174619,11.789722442626953,148341946,11.789722442626953
2007-04-25,11.850704402932859,11.884528651032713,11.754664524866659,11.801079750061035,159266742,11.801079750061035
2007-04-26,11.80379487792498,11.960570931103092,11.779354069687772,11.879837989807129,165614446,11.879837989807129
2007-04-27,11.852432299307996,11.909958099010964,11.809474181413723,11.826261520385742,117466650,11.826261520385742
2007-04-30,11.829718104755413,11.884034474433102,11.637885093688965,11.637885093688965,146193924,11.637885093688965
2007-05-01,11.657884499377502,11.673191438230333,11.459879338157098,11.579127311706543,146876473,11.579127311706543
2007-05-02,11.570484086462328,11.630478163964758,11.498391554681401,11.499627113342285,122967190,11.499627113342285
2007-05-03,11.510489500702333,11.704299220701234,11.487529095273814,11.68355941772461,144306878,11.68355941772461
2007-05-04,11.606776481734718,11.723308474390414,11.502095264287357,11.631465911865234,158592223,11.631465911865234
2007-05-07,11.656650954807334,11.673438295656585,11.51666411956137,11.536415100097656,121256803,11.536415100097656
2007-05-08,11.508268554185689,11.558634353935929,11.473705050103923,11.525056838989258,116639561,11.525056838989258
2007-05-09,11.508762904521932,11.646527234224775,11.452718450487533,11.585298538208008,156179212,11.585298538208008
2007-05-10,11.530736604215534,11.591225105533706,11.382109362854232,11.393218994140625,148004686,11.393218994140625
2007-05-11,11.40210505798313,11.529747627717777,11.381613879875932,11.523327827453613,118205408,11.523327827453613
2007-05-14,11.492221334500083,11.54233945493855,11.356925286532814,11.400872230529785,155488633,11.400872230529785
2007-05-15,11.405314568472507,11.419634570697431,11.29297987977514,11.307546615600586,165377561,11.307546615600586
2007-05-16,11.406303144398004,11.681338334627805,11.33273020531815,11.668252944946289,263150670,11.668252944946289
2007-05-17,11.664551380243855,11.732692406193545,11.623814804860274,11.627517700195312,187122763,11.627517700195312
2007-05-18,11.653934189312313,11.670475740719848,11.597643000598566,11.611716270446777,148390126,11.611716270446777
2007-05-21,11.592211948257939,11.830954632929062,11.522836309664093,11.618630409240723,247295463,11.618630409240723
2007-05-22,11.677880101073189,11.826259620980634,11.677880101073189,11.748490333557129,154135581,11.748490333557129
2007-05-23,11.870948307040939,11.93489390541438,11.696397989632372,11.70182991027832,203166675,11.70182991027832
2007-05-24,11.730963547103874,11.830954003931657,11.640849052747066,11.710718154907227,167569747,11.710718154907227
2007-05-25,11.843298819628316,11.97291622478539,11.783304731703966,11.937610626220703,214741900,11.937610626220703
2007-05-29,11.974149323325069,12.14203405481639,11.949460837089049,12.02624225616455,209502334,12.02624225616455
2007-05-30,11.961806569856245,12.3158457079977,11.924772890550775,12.309921264648438,290918361,12.309921264648438
2007-05-31,12.358309874609956,12.561252522974481,12.271898281371255,12.29288387298584,358310019,12.29288387298584
2007-06-01,12.369173105508798,12.468422411876002,12.293377672831639,12.354360580444336,192679513,12.354360580444336
2007-06-04,12.292884592960837,12.603965590568084,12.284984390276273,12.519035339355469,285104652,12.519035339355469
2007-06-05,12.58520294352358,12.813575246090137,12.50767942495901,12.809624671936035,419450332,12.809624671936035
2007-06-06,12.758024573739547,12.857521560883908,12.721237630673174,12.795058250427246,316650452,12.795058250427246
2007-06-07,12.832089906854653,12.998740965319472,12.653342284581294,12.716299057006836,426813829,12.716299057006836
2007-06-08,12.744445744398513,12.829375049335423,12.578042350570382,12.726916313171387,255281284,12.726916313171387
2007-06-11,12.690623555394986,12.79505804934326,12.591373303431745,12.624456405639648,186604829,12.624456405639648
2007-06-12,12.55952711975842,12.632605654732847,12.422749709646263,12.462252616882324,257742474,12.462252616882324
2007-06-13,12.51953004576249,12.555329110317107,12.312142394044,12.473855018615723,282414606,12.473855018615723
2007-06-14,12.477312327054461,12.489656571489407,12.386455738553721,12.414602279663086,185540856,12.414602279663086
2007-06-15,12.546687164139595,12.56668582350938,12.374852783915259,12.489903450012207,247889682,12.489903450012207
2007-06-18,12.497062500655149,12.739507113627692,12.449164982473269,12.719757080078125,194161046,12.719757080078125
2007-06-19,12.69037673498333,12.77036852948499,12.629394772969631,12.697783470153809,174864989,12.697783470153809
2007-06-20,12.763208887542234,12.807401617581743,12.568165500563516,12.590632438659668,174178426,12.590632438659668
2007-06-21,12.615568568912815,12.721976925898081,12.499530984004448,12.692845344543457,177049146,12.692845344543457
2007-06-22,12.749877744717608,12.961461752849475,12.74197659673145,12.961215019226074,289228049,12.961215019226074
2007-06-25,13.059970799791575,13.208352251456171,12.921712990088205,13.021456718444824,318188194,13.021456718444824
2007-06-26,13.152553780771491,13.164157823915955,12.992322506081939,13.091572761535645,228433026,13.091572761535645
2007-06-27,12.961708495082588,13.035529115506256,12.827401268642864,12.993557929992676,245842035,12.993557929992676
2007-06-28,12.958745642749324,13.072809366589826,12.932081395617779,12.961955070495605,167360967,12.961955070495605
2007-06-29,12.986892921037029,13.020963907901097,12.82493354828102,12.904926300048828,155805818,12.904926300048828
2007-07-02,12.973805563645561,13.130827403540149,12.941957075159346,13.094534873962402,140026895,13.094534873962402
2007-07-03,13.111323978359975,13.193785004654876,13.023431976173294,13.192303657531738,75152639,13.192303657531738
2007-07-05,13.222424938962137,13.440676447712976,13.138235826363223,13.372286796569824,198457088,13.372286796569824
2007-07-06,13.362904294650093,13.427588205211345,13.30068772020723,13.317229270935059,110291857,13.317229270935059
2007-07-09,13.406110347581768,13.54782430539761,13.338461851028537,13.395246505737305,149751208,13.395246505737305
2007-07-10,13.425613672233444,13.504864315368255,13.372778649690954,13.41450309753418,154818129,13.41450309753418
2007-07-11,13.4211705056218,13.492520951518463,13.3322896835962,13.442401885986328,132868163,13.442401885986328
2007-07-12,13.476720834608777,13.512765686080899,13.33747421046074,13.463635444641113,138179998,13.463635444641113
2007-07-13,13.527332360374247,13.644852245238111,13.51103848806991,13.6322603225708,210269197,13.6322603225708
2007-07-16,13.586339935522608,13.790763945337385,13.561897235619854,13.652752876281738,264969462,13.652752876281738
2007-07-17,13.703365190766926,13.769777180535328,13.637691511139288,13.702376365661621,173792986,13.702376365661621
2007-07-18,13.674971563029453,13.690031766033533,13.426107167722456,13.566587448120117,244111573,13.566587448120117
2007-07-19,13.664355681476,13.665837028446814,13.387345688612498,13.544120788574219,446756299,13.544120788574219
2007-07-20,12.638282977463456,12.916774331889169,12.57902909552627,12.841226577758789,713556598,12.841226577758789
2007-07-23,12.813821204053227,12.838263903059012,12.644455118379586,12.653343200683594,255221059,12.653343200683594
2007-07-24,12.574092640702515,12.805922055196978,12.520023941574292,12.690131187438965,223719424,12.690131187438965
2007-07-25,12.76370339102541,12.764690325523295,12.481754922703152,12.58544921875,222631361,12.58544921875
2007-07-26,12.560265625139785,12.65531856704728,12.316831249157934,12.54199504852295,276368027,12.54199504852295
2007-07-27,12.555082235355437,12.754815470246376,12.48027373387467,12.638036727905273,221189978,12.638036727905273
2007-07-30,12.663464658012963,12.821966886254833,12.603717314592119,12.74222183227539,159126217,12.74222183227539
2007-07-31,12.84394169944669,12.849126886828975,12.591373443603516,12.591373443603516,171460275,12.591373443603516
2007-08-01,12.603718686009364,12.752099180989818,12.545452683154366,12.663959503173828,177791919,12.663959503173828
2007-08-02,12.683217473684033,12.714571551506268,12.56668546376011,12.616310119628906,126669014,12.616310119628906
2007-08-03,12.592609255470185,12.670379505051157,12.418551445007324,12.418551445007324,127524207,12.418551445007324
2007-08-06,12.418551195418939,12.595077283925082,12.406206951692798,12.591373443603516,146607469,12.591373443603516
2007-08-07,12.58520421205625,12.83530327966986,12.567674778238747,12.74000358581543,171211346,12.74000358581543
2007-08-08,12.821968956215274,12.980966567993164,12.76641891094952,12.980966567993164,163362034,12.980966567993164
2007-08-09,12.858015573122497,13.006642808076073,12.705684497673388,12.70815372467041,194586635,12.70815372467041
2007-08-10,12.595818846437183,12.8066617125892,12.483483199729909,12.733336448669434,235888868,12.733336448669434
2007-08-13,12.826906076755495,12.832090318554055,12.666180400907693,12.72716236114502,127648672,12.72716236114502
2007-08-14,12.732596286063698,12.774073062999312,12.541996906787157,12.55681037902832,145892800,12.55681037902832
2007-08-15,12.56668525300698,12.63309913868797,12.26325772269129,12.28399658203125,217191045,12.28399658203125
2007-08-16,12.147466542888873,12.256344133563637,11.862061918820338,12.135122299194336,347120233,12.135122299194336
2007-08-17,12.281279993058014,12.369172934459737,12.138330478306075,12.345471382141113,219997525,12.345471382141113
2007-08-20,12.405219798911972,12.407689025937731,12.245728719586937,12.293131828308105,108296406,12.293131828308105
2007-08-21,12.318313298021403,12.545945374335155,12.289427504671721,12.507678031921387,144965337,12.507678031921387
2007-08-22,12.590386215166033,12.745679973955973,12.57285678446688,12.659268379211426,130595677,12.659268379211426
2007-08-23,12.73950804285847,12.742718416150952,12.517307859804433,12.6454439163208,123529289,12.6454439163208
2007-08-24,12.655812758192285,12.728397820231823,12.554340009900708,12.71481990814209,99278731,12.71481990814209
2007-08-27,12.700746481767801,12.775307302568306,12.625938927345366,12.671859741210938,93352602,12.671859741210938
2007-08-28,12.629147616988066,12.714324602306007,12.487433653757037,12.502493858337402,131446855,12.502493858337402
2007-08-29,12.538045291512155,12.672846922212255,12.52298508800937,12.662477493286133,102354216,12.662477493286133
2007-08-30,12.64963902236517,12.724693307367058,12.605693024596034,12.625938415527344,106465569,12.625938415527344
2007-08-31,12.66791221757259,12.751854601992225,12.627669106342987,12.720993041992188,119550431,12.720993041992188
2007-09-04,12.71531404656616,13.035776611356274,12.705438083669213,12.965413093566895,148301796,12.965413093566895
2007-09-05,12.92220526593361,13.07231478457837,12.89381388382617,13.030838012695312,133012703,13.030838012695312
2007-09-06,13.069352177175764,13.080956219984685,12.794811395721359,12.925168991088867,145579631,12.925168991088867
2007-09-07,12.7854290767614,12.868877028633513,12.759258298611483,12.822214126586914,147093283,12.822214126586914
2007-09-10,12.869865337590674,12.889370529153991,12.613100708806469,12.701980590820312,129515644,12.701980590820312
2007-09-11,12.763948078083484,12.878998719785725,12.73283979425732,12.871098518371582,108549350,12.871098518371582
2007-09-12,12.851347818928698,13.035281579264083,12.813573943360229,12.903688430786133,119887690,12.903688430786133
2007-09-13,12.938500729502895,13.01627097482676,12.917761871371264,12.956276893615723,75927532,12.956276893615723
2007-09-14,12.917268541646497,13.091819824437215,12.893074465584112,13.054292678833008,111010541,13.054292678833008
2007-09-17,12.999481443908126,13.067375725816076,12.938747163269609,12.969114303588867,88229471,12.969114303588867
2007-09-18,12.99923626053517,13.264148776380702,12.943686215015006,13.215264320373535,169260059,13.215264320373535
2007-09-19,13.314021218128662,13.565353932631997,13.303898521621406,13.501163482666016,221904647,13.501163482666016
2007-09-20,13.504865359618437,13.746817450962139,13.480918018510222,13.648802757263184,221828362,13.648802757263184
2007-09-21,13.73546143259413,13.845327858371988,13.64880403992852,13.828291893005371,321669193,13.828291893005371
2007-09-24,13.850509958256797,14.108757796829376,13.825821472451974,14.02382755279541,212674178,14.02382755279541
2007-09-25,13.924577944839227,14.061848806040388,13.896433296612676,14.048022270202637,109633398,14.048022270202637
2007-09-26,14.082587930569865,14.116905646518642,13.919887433172695,14.027284622192383,134345680,14.027284622192383
2007-09-27,14.115423686511289,14.115671365476368,13.968524536051163,14.01098918914795,82560301,14.01098918914795
2007-09-28,13.998644470022894,14.061601242403162,13.927539816789952,14.00531005859375,105975740,14.00531005859375
2007-10-01,14.071971300391274,14.426998279215777,14.063082273000115,14.38255786895752,189158364,14.38255786895752
2007-10-02,14.40305093153493,14.734624058768024,14.319848760022388,14.427987098693848,283759629,14.427987098693848
2007-10-03,14.473906516268936,14.54155406397742,14.328488725721204,14.41884994506836,155761653,14.41884994506836
2007-10-04,14.445268451331806,14.445268451331806,14.247016569046803,14.295653343200684,119915795,14.295653343200684
2007-10-05,14.495140124355892,14.714625268126484,14.492670897581684,14.666481018066406,203507949,14.666481018066406
2007-10-08,14.689935700913525,15.066688465782045,14.664011656041934,15.050888061523438,201873847,15.050888061523438
2007-10-09,15.186429954788592,15.400483163371451,15.020520047683005,15.18815803527832,352026555,15.18815803527832
2007-10-10,15.340737199638554,15.447393240460643,15.228155770696375,15.440234184265137,216231462,15.440234184265137
2007-10-11,15.643917229886554,15.835750243031564,15.035580878417006,15.356536865234375,473729022,15.356536865234375
2007-10-12,15.405422995987783,15.761436914272068,15.263707148388619,15.736501693725586,273971076,15.736501693725586
2007-10-15,15.76316774795137,15.79748452184005,15.197296899158628,15.309877395629883,278793083,15.309877395629883
2007-10-16,15.269878066208252,15.453317404445261,15.109400077787463,15.208403587341309,241915372,15.208403587341309
2007-10-17,15.565161312726046,15.652806583971733,15.346417289729459,15.639968872070312,242124152,15.639968872070312
2007-10-18,15.687618179136903,15.834764065737344,15.51701747227843,15.791558265686035,493410518,15.791558265686035
2007-10-19,16.160412564744238,16.257440332849704,15.880686570644515,15.91722583770752,633927242,15.91722583770752
2007-10-22,15.768102895824157,16.17127411664287,15.709095750328832,16.06634521484375,267575192,16.06634521484375
2007-10-23,16.325578903742663,16.72924261956175,16.294717352875157,16.684062957763672,272766578,16.684062957763672
2007-10-24,16.608514664017875,16.72603548947108,16.283854828380896,16.685298919677734,297278110,16.685298919677734
2007-10-25,16.75590964229391,16.763069644286084,16.382364378603082,16.50482177734375,232688918,16.50482177734375
2007-10-26,16.641101950208856,16.703072727139105,16.493708417306877,16.655176162719727,134658850,16.655176162719727
2007-10-29,16.733441585134752,16.7884981587018,16.593208030256957,16.769487380981445,123111730,16.769487380981445
2007-10-30,16.727021811066763,17.280054852505444,16.727021811066763,17.153154373168945,277058606,17.153154373168945
2007-10-31,17.29931283763294,17.455101013183594,17.18450891268802,17.455101013183594,276103037,17.455101013183594
2007-11-01,17.3511618193014,17.621010896741335,17.326225651522893,17.361530303955078,262066622,17.361530303955078
2007-11-02,17.541760349454535,17.61755579187105,17.21660699565511,17.560029983520508,234535815,17.560029983520508
2007-11-05,17.45485225165177,18.028624161829708,17.432139525167894,17.91554832458496,356679932,17.91554832458496
2007-11-06,18.209598035751675,18.31403160095215,17.899505823026377,18.31403160095215,338716853,18.31403160095215
2007-11-07,18.297735835732926,18.448585563667706,17.853581267425426,18.09553337097168,332180444,18.09553337097168
2007-11-08,18.136517121988696,18.143675233113157,16.71887646914206,17.13019371032715,662963671,17.13019371032715
2007-11-09,16.684311282800497,16.834913329490636,16.32459256079661,16.39273452758789,457231416,16.39273452758789
2007-11-12,16.238920000843184,16.539878266888504,15.460477397972797,15.605154037475586,410625377,15.605154037475586
2007-11-13,15.924138565080991,16.31743578064773,15.605157335090924,16.308300018310547,339082217,16.308300018310547
2007-11-14,16.62258751718651,16.677150624264577,15.708849740902599,15.842416763305664,325001637,15.842416763305664
2007-11-15,15.765635502076666,15.986107589858342,15.405916790566042,15.545409202575684,279752666,15.545409202575684
2007-11-16,15.651323550286454,15.6895908912573,15.208897124567999,15.643670082092285,363067785,15.643670082092285
2007-11-19,15.54392752105723,15.721194751976526,15.270126944972835,15.451590538024902,221924722,15.451590538024902
2007-11-20,15.714035665686676,16.272500692155308,15.624908105136315,16.011783599853516,395099399,16.011783599853516
2007-11-21,15.894017361549992,16.54086976333744,15.852293853020571,16.307558059692383,281591533,16.307558059692383
2007-11-23,16.541606234782428,16.74603210724182,16.494946170721818,16.70702362060547,109958613,16.70702362060547
2007-11-26,16.79343882296518,17.119333320850075,16.418165454162306,16.442855834960938,272622038,16.442855834960938
2007-11-27,16.660117388454253,16.700360496615243,16.054249217902775,16.629749298095703,357515050,16.629749298095703
2007-11-28,16.840590245135036,17.141548502253023,16.594440876794494,17.091182708740234,317846919,17.091182708740234
2007-11-29,17.053904129083026,17.351160468861565,16.980330244981932,17.20821189880371,249250764,17.20821189880371
2007-11-30,17.553857350326954,17.555337752095262,16.84059297191158,17.109455108642578,317003771,17.109455108642578
2007-12-03,17.060320049033812,17.158830082023076,16.816639923094396,16.826269149780273,173652461,16.826269149780273
2007-12-04,16.74677396094865,17.084764966433458,16.717392809923943,16.891202926635742,169906473,16.891202926635742
2007-12-05,17.10278824099801,17.25586140272484,16.97366620217767,17.24549102783203,169015145,17.24549102783203
2007-12-06,17.227961769647177,17.691127081360325,17.20845752487068,17.65903091430664,197096005,17.65903091430664
2007-12-07,17.65236531258999,17.72668034609944,17.541512905077333,17.649402618408203,154661545,17.649402618408203
2007-12-10,17.67705596269005,17.894565364087306,17.627924774310845,17.737049102783203,154826159,17.737049102783203
2007-12-11,17.77457431148903,17.80049740910516,17.252155168348136,17.262523651123047,246484434,17.262523651123047
2007-12-12,17.627924099692763,17.63582335687712,16.998354436507054,17.2662296295166,247287433,17.2662296295166
2007-12-13,17.191175605691395,17.22351945316005,16.81837339022276,17.135377883911133,202387766,17.135377883911133
2007-12-14,16.973912431819283,17.274870706110494,16.967739365067423,17.034399032592773,147490767,17.034399032592773
2007-12-17,16.986011318509433,17.16920300779367,16.38532930113518,16.522600173950195,220262515,16.522600173950195
2007-12-18,16.6443167908973,16.707272628349607,16.109553292288194,16.624319076538086,287742502,16.624319076538086
2007-12-19,16.64555097634639,16.776155313774606,16.516920507997693,16.723567962646484,177506855,16.723567962646484
2007-12-20,16.932435065670845,17.06007669448026,16.80355882348565,17.027732849121094,177551020,17.027732849121094
2007-12-21,17.229936952388066,17.264006987198634,17.115378823686218,17.2005558013916,216086922,17.2005558013916
2007-12-24,17.158582847514328,17.300296783447266,17.11093396135239,17.300296783447266,65380146,17.300296783447266
2007-12-26,17.257342103811332,17.60866621058127,17.23808553678938,17.549907684326172,101579322,17.549907684326172
2007-12-27,17.456826357061146,17.677298411029685,17.30054473876953,17.30054473876953,118141168,17.30054473876953
2007-12-28,17.403991881792745,17.47855269297413,17.196852888197803,17.344738006591797,102892225,17.344738006591797
2007-12-31,17.246972762238588,17.343752841151677,17.049706873485835,17.071928024291992,95404263,17.071928024291992
2008-01-02,17.106244100420778,17.217344171768286,16.73245310784828,16.9166316986084,172921733,16.9166316986084
2008-01-03,16.918361624533752,16.95761589898237,16.702578446476686,16.920087814331055,130587647,16.920087814331055
2008-01-04,16.78084470025932,16.812199721433647,16.171274652817697,16.220651626586914,215195594,16.220651626586914
2008-01-07,16.145102966971635,16.351009246775224,15.735512900449395,16.02931022644043,257096061,16.02931022644043
2008-01-08,16.121896506376796,16.293732769121966,15.578739371990576,15.595528602600098,214364490,15.595528602600098
2008-01-09,15.555035891148352,16.13028912304418,15.369128272067575,16.126832962036133,270598482,16.126832962036133
2008-01-10,15.924629775556312,16.225588026815622,15.803653747249033,15.967094421386719,254317685,15.967094421386719
2008-01-11,15.867599760717024,16.03474524430676,15.55676550347654,15.757733345031738,199826201,15.757733345031738
2008-01-14,16.07597703739584,16.23053061521652,15.93055922186068,16.14214324951172,178566813,16.14214324951172
2008-01-15,15.946602758520958,16.024373947098326,15.686875462297772,15.742918968200684,223562839,15.742918968200684
2008-01-16,15.528620899281123,15.80069340025359,14.861030624183327,15.207169532775879,423983259,15.207169532775879
2008-01-17,15.3259247755427,15.448875642088117,14.764250315225725,14.832886695861816,329903943,14.832886695861816
2008-01-18,15.01978294319479,15.060026051298129,14.775114866526577,14.819555282592773,342864341,14.819555282592773
2008-01-22,13.875939892621451,14.751657973077274,13.855447768312423,14.426998138427734,381484558,14.426998138427734
2008-01-23,13.843348913128267,14.02333208275307,12.813572736057406,13.544859886169434,681171664,13.544859886169434
2008-01-24,13.79619619773689,14.311947919598598,13.681145541260607,14.183565139770508,377445475,14.183565139770508
2008-01-25,14.611178596327841,14.689936725525424,13.978400438217733,13.983832359313965,279684411,13.983832359313965
2008-01-28,14.096659203959035,14.128014223454537,13.544367307559522,13.726572036743164,233540097,13.726572036743164
2008-01-29,13.83742513680058,13.85865746089459,13.348583488747115,13.59177017211914,252262009,13.59177017211914
2008-01-30,13.55893613279857,13.836439631237235,13.41870256373382,13.536222457885742,318774383,13.536222457885742
2008-01-31,13.307600427134496,14.146779278822745,13.191069367837775,13.931984901428223,597081651,13.931984901428223
2008-02-01,13.052315958975944,13.249828580478082,12.591373136725103,12.737038612365723,706658840,12.737038612365723
2008-02-04,12.568412473433131,12.660009253471504,12.160550473457324,12.231656074523926,528256642,12.231656074523926
2008-02-05,12.083522478879058,12.566685540751498,12.061055538302927,12.512370109558105,449811709,12.512370109558105
2008-02-06,12.619519828946705,12.620260975193302,12.293378612199897,12.386702537536621,306600924,12.386702537536621
2008-02-07,12.266958782483883,12.69481842651456,12.215111645886449,12.466691970825195,318344779,12.466691970825195
2008-02-08,12.576805757783108,12.782218571146046,12.559277273336626,12.756542205810547,274179856,12.756542205810547
2008-02-11,12.851100993487155,12.929858171649139,12.675316060860698,12.866901397705078,233913491,12.866901397705078
2008-02-12,12.92196016333674,13.099967619322477,12.666182450412188,12.791109085083008,267490877,12.791109085083008
2008-02-13,12.8999856842896,13.208350704628849,12.805920622029797,13.19921588897705,265981240,13.19921588897705
2008-02-14,13.291306183953962,13.357719120542232,13.109841647654092,13.140703201293945,260039050,13.140703201293945
2008-02-15,13.043428015284283,13.150825195255369,12.945166595849436,13.076264381408691,210389647,13.076264381408691
2008-02-19,13.207115912141788,13.210078606115143,12.504962167154234,12.565449714660645,254968114,12.565449714660645
2008-02-20,12.431142885418343,12.616310333283888,12.315352019763589,12.566685676574707,267486862,12.566685676574707
2008-02-21,12.661737257410506,12.670626285325735,12.332140837251345,12.415095329284668,227963272,12.415095329284668
2008-02-22,12.395342983587561,12.566683869900903,12.283995230038263,12.537057876586914,221462998,12.537057876586914
2008-02-25,12.491381463282725,12.504961264129536,11.992418079770125,12.009700775146484,336167332,12.009700775146484
2008-02-26,11.386552297580193,11.516663159036565,11.032265509651863,11.460371971130371,934983461,11.460371971130371
2008-02-27,11.360134717724689,11.739357669665084,11.348037207775839,11.674426078796387,406393575,11.674426078796387
2008-02-28,11.616159571208408,11.828237031845022,11.538636061192511,11.73688793182373,264463573,11.73688793182373
2008-02-29,11.64998388613996,11.84428614529413,11.471729711522402,11.63294792175293,378429149,11.63294792175293
2008-03-03,11.64109577636067,11.670968504270231,11.112750261645045,11.28335189819336,303312645,11.28335189819336
2008-03-04,11.133489223526679,11.192988886582604,10.75895708964042,10.976714134216309,546910299,10.976714134216309
2008-03-05,10.99276466705173,11.212990060889794,10.96190405217167,11.053253173828125,298578968,11.053253173828125
2008-03-06,11.053002828919949,11.191508286149736,10.645388549296769,10.682915687561035,299923991,10.682915687561035
2008-03-07,10.588605182239624,10.863146927882926,10.523426852750653,10.698965072631836,324082204,10.698965072631836
2008-03-10,10.587369260409746,10.640944485012252,10.197531109149764,10.2118501663208,320701579,10.2118501663208
2008-03-11,10.499229340496752,10.866848223839753,10.484169137525264,10.8591947555542,354399416,10.8591947555542
2008-03-12,10.863392634793763,11.057694882056648,10.815496063082485,10.867588996887207,267073318,10.867588996887207
2008-03-13,10.682174798555574,11.03547461130626,10.586134930317764,10.937458038330078,310222448,10.937458038330078
2008-03-14,10.936720921287987,11.093742789449182,10.63156526874867,10.81179428100586,263961699,10.81179428100586
2008-03-17,10.566629015846848,10.707850426874677,10.174569368259302,10.366155624389648,316710676,10.366155624389648
2008-03-18,10.59107451919633,10.883885901012743,10.50589752955843,10.842408180236816,290573072,10.842408180236816
2008-03-19,10.89055122113278,11.048313259190927,10.657486274074381,10.665634155273438,248086416,10.665634155273438
2008-03-20,10.550089829612132,10.756983048445033,10.307644283340789,10.703901290893555,398022314,10.703901290893555
2008-03-24,10.824383905699529,11.499627614716328,10.806854475517685,11.370750427246094,271554050,11.370750427246094
2008-03-25,11.294215488801608,11.294462222423881,11.011280088501316,11.129293441772461,234138331,11.129293441772461
2008-03-26,11.173980889786458,11.427782822731464,11.092506798557544,11.312238693237305,209811488,11.312238693237305
2008-03-27,11.011278871672546,11.075716989565667,10.875243580273308,10.963875770568848,234162421,10.963875770568848
2008-03-28,11.047326125028702,11.198175850803011,10.72266626601758,10.815744400024414,175704123,10.815744400024414
2008-03-31,10.755503108126176,10.92955998263167,10.665882076990432,10.874750137329102,178522648,10.874750137329102
2008-04-01,11.054239841803163,11.517404255943257,11.032759835234893,11.497900009155273,244637537,11.497900009155273
2008-04-02,11.60134634439376,11.745529526054128,11.366554261633318,11.497652053833008,240859429,11.497652053833008
2008-04-03,11.39963651290082,11.438150586897391,11.063866125024415,11.236442565917969,272152284,11.236442565917969
2008-04-04,11.283104663993761,11.797130196363998,11.26310695161694,11.630725860595703,236772166,11.630725860595703
2008-04-07,11.777377196515504,11.985011551495724,11.690965608826412,11.77219295501709,238631108,11.77219295501709
2008-04-08,11.678870443166515,11.706027212559292,11.406550258953075,11.5497465133667,182561731,11.5497465133667
2008-04-09,11.582335896480615,11.653192875930467,11.296191072859784,11.460371971130371,242830791,11.460371971130371
2008-04-10,11.479381937177344,11.69911380695622,11.402598629618524,11.581100463867188,203656504,11.581100463867188
2008-04-11,11.457408892615163,11.536167017249776,11.233727386224498,11.293968200683594,167413162,11.293968200683594
2008-04-14,11.286808621268646,11.293968622928482,11.11373964003334,11.151020050048828,154280120,11.151020050048828
2008-04-15,11.310756714544503,11.350010989563607,10.954987668674898,11.032017707824707,183790319,11.032017707824707
2008-04-16,10.971778168344871,11.314461894877079,10.88783673557165,11.234222412109375,306372069,11.234222412109375
2008-04-17,11.249033885551798,11.341370863206269,11.024117774526271,11.098678588867188,536122013,11.098678588867188
2008-04-18,13.213783871346175,13.522148920760813,12.956030413205347,13.317477226257324,732158060,13.317477226257324
2008-04-21,13.316983028946593,13.395987890645744,13.092312687612885,13.277480125427246,298703433,13.277480125427246
2008-04-22,13.272047431617544,13.846313756228966,13.271800698010964,13.702376365661621,318730218,13.702376365661621
2008-04-23,13.77496099759747,13.808785241143257,13.355495946678158,13.49227237701416,197597880,13.49227237701416
2008-04-24,13.610781601593336,13.689785514074536,13.332536045949801,13.407096862792969,166023975,13.407096862792969
2008-04-25,13.554737935387518,13.652999364468522,13.39944417111841,13.432280540466309,167200368,13.432280540466309
2008-04-28,13.47721412224388,13.747064127493205,13.307353624567524,13.63127326965332,160945009,13.63127326965332
2008-04-29,13.599424193641887,13.90976402295956,13.579178803112141,13.788046836853027,174491595,13.788046836853027
2008-04-30,13.880381875005595,14.439587919013665,13.788044907844402,14.178624153137207,317304895,14.178624153137207
2008-05-01,14.277878013940693,14.688209284019536,14.244794909353786,14.642534255981445,265101957,14.642534255981445
2008-05-02,14.77610027462284,14.873869179868231,14.30231973386401,14.35145092010498,281001329,14.35145092010498
2008-05-05,14.785235523254558,14.78869168446962,14.495633603191443,14.687466621398926,252181709,14.687466621398926
2008-05-06,14.591179789881515,14.615869222848842,14.393668107501094,14.476624488830566,185866070,14.476624488830566
2008-05-07,14.573156946350284,14.800789023491664,14.23146209703134,14.294912338256836,265511486,14.294912338256836
2008-05-08,14.472673293071233,14.549208924904514,14.292690104316916,14.393914222717285,205684075,14.393914222717285
2008-05-09,14.294912478281102,14.443046232466738,14.104807541009844,14.151716232299805,180068420,14.151716232299805
2008-05-12,14.189985129574271,14.486251705321243,14.045800997628197,14.441564559936523,195285244,14.441564559936523
2008-05-13,14.473413224383666,14.51587787425125,14.283801756280583,14.393667221069336,207314163,14.393667221069336
2008-05-14,14.479833730811528,14.595871322784452,14.2023293101442,14.228252410888672,175688063,14.228252410888672
2008-05-15,14.29491186372403,14.392433082269262,14.211215289420805,14.344289779663086,174359100,14.344289779663086
2008-05-16,14.354907586571581,14.435146118329138,14.278124270930968,14.321330070495605,171604815,14.321330070495605
2008-05-19,14.283800984041685,14.538837493744634,14.159615523380198,14.258371353149414,225020282,14.258371353149414
2008-05-20,14.18702140002668,14.38082922628925,14.144555805659754,14.285036087036133,133040807,14.285036087036133
2008-05-21,14.28306302143972,14.354414417410775,13.526839564550192,13.578686714172363,259693761,13.578686714172363
2008-05-22,13.627075815933548,13.682872590495213,13.338215035807384,13.56559944152832,203813089,13.56559944152832
2008-05-23,13.503878492339506,13.652999187398335,13.277974483822945,13.44610595703125,177924414,13.44610595703125
2008-05-27,13.45449954174313,13.890012707771737,13.42709415057724,13.848040580749512,155199554,13.848040580749512
2008-05-28,14.021852946283273,14.109499157844265,13.852980324083592,14.02925968170166,162623276,14.02925968170166
2008-05-29,14.190971309092316,14.464771876110301,14.151716086791527,14.393667221069336,194526410,14.393667221069336
2008-05-30,14.405272315774354,14.564516655091412,14.351698032312145,14.462798118591309,129491554,14.462798118591309
2008-06-02,14.381322009109208,14.415639720944354,14.104065299597167,14.196154594421387,147518872,14.196154594421387
2008-06-03,14.233189680620015,14.331946464226714,13.840883233330974,14.006051063537598,172857493,14.006051063537598
2008-06-04,13.957414285754316,14.270223351363617,13.938156774404748,14.127521514892578,135032244,14.127521514892578
2008-06-05,14.2475094447736,14.518100588342936,14.22602944056666,14.475141525268555,157255230,14.475141525268555
2008-06-06,14.313427723646027,14.337376007306425,13.99864387512207,13.99864387512207,190089843,13.99864387512207
2008-06-09,14.02481472249126,14.072711293282032,13.465362810084958,13.773233413696289,212324874,13.773233413696289
2008-06-10,13.568069676836645,13.796690603644143,13.499435186475228,13.681886672973633,146844353,13.681886672973633
2008-06-11,13.732990351798536,13.760148062985571,13.442153839691025,13.460423469543457,153087667,13.460423469543457
2008-06-12,13.54831920587665,13.77644476739326,13.501903033428635,13.651765823364258,220487355,13.651765823364258
2008-06-13,13.862608020129246,14.213438639793756,13.858905125246714,14.109992027282715,248303226,14.109992027282715
2008-06-16,13.986299770605704,14.297379782324114,13.986299770605704,14.14208698272705,142243171,14.14208698272705
2008-06-17,14.229487772302342,14.271953371812023,14.032716282969055,14.059380531311035,139035192,14.059380531311035
2008-06-18,13.937170827282719,14.047777457068708,13.80508513529807,13.884583473205566,135754943,13.884583473205566
2008-06-19,13.711019513663095,13.919147359169495,13.598930603489253,13.83076000213623,228176066,13.83076000213623
2008-06-20,13.751260716607451,13.751260716607451,13.443390116829832,13.490792274475098,240221045,13.490792274475098
2008-06-23,13.464375273431452,13.656702707658788,13.381914252629006,13.460672378540039,145981130,13.460672378540039
2008-06-24,13.458945058930986,13.608313437894674,13.211067569939697,13.38882827758789,187604562,13.38882827758789
2008-06-25,13.45474564081879,13.771505247988397,13.422649476728296,13.603620529174805,165506041,13.603620529174805
2008-06-26,13.433266934691346,13.453758112560074,13.042193239922833,13.056018829345703,227228528,13.056018829345703
2008-06-27,13.027876857255443,13.085154986148883,12.717041620331958,13.037504196166992,218716743,13.037504196166992
2008-06-30,13.146136372878413,13.282665153904928,12.913812548842538,12.996767044067383,151176531,12.996767044067383
2008-07-01,12.827895121277662,13.251064095875275,12.76419719488337,13.201932907104492,199139637,13.201932907104492
2008-07-02,13.245878688145389,13.341425103479239,12.98787944965296,13.01207447052002,169553154,13.01207447052002
2008-07-03,13.10688007747723,13.313034063433523,13.023432115765518,13.257977485656738,96379907,13.257977485656738
2008-07-07,13.388827786260252,13.554243298376578,13.223411328804389,13.428577423095703,170845981,13.428577423095703
2008-07-08,13.479929214994643,13.707068781524342,13.332043133873556,13.690773963928223,198035514,13.690773963928223
2008-07-09,13.597695173490413,13.719165626041514,13.350064439173567,13.370309829711914,166782808,13.370309829711914
2008-07-10,13.45548901935082,13.566589108135052,13.102930295077083,13.346116065979004,173917451,13.346116065979004
2008-07-11,13.245630951403152,13.31969735549598,12.824190096481974,13.178970336914062,200002860,13.178970336914062
2008-07-14,13.30735401988351,13.333524800247513,12.725929541216471,12.878260612487793,177655409,12.878260612487793
2008-07-15,12.746419557119332,13.02343049224286,12.371640668348334,12.741728782653809,243750224,12.741728782653809
2008-07-16,12.691116411905465,13.245630810978405,12.606186167236629,13.223410606384277,190398997,13.223410606384277
2008-07-17,13.187860156230393,13.259210604239332,12.949364222074067,13.170083045959473,352813493,13.170083045959473
2008-07-18,12.303747095128989,12.319300766374583,11.8060173258561,11.883294105529785,453389067,11.883294105529785
2008-07-21,11.872431525553136,11.951683121612666,11.497652605231963,11.574189186096191,236944811,11.574189186096191
2008-07-22,11.522835267792685,11.856877609216452,11.495183141107812,11.779354095458984,188363396,11.779354095458984
2008-07-23,11.890453324659399,12.276094160782126,11.803794055878111,12.078335762023926,196497772,12.078335762023926
2008-07-24,12.263011499545133,12.267208807380968,11.742568016052246,11.742568016052246,142166886,11.742568016052246
2008-07-25,12.010935870028026,12.174870980631614,11.887738276125745,12.146478652954102,127817302,12.146478652954102
2008-07-28,12.149193847167853,12.149193847167853,11.730468960074232,11.779600143432617,126873778,11.779600143432617
2008-07-29,11.833422313055003,12.029947065705413,11.801328034633539,11.927488327026367,112532223,11.927488327026367
2008-07-30,11.98649491770655,11.999332628475393,11.673190491858985,11.917365074157715,140151360,11.917365074157715
2008-07-31,11.716397392997726,11.872678089596242,11.639367345987235,11.696398735046387,115033564,11.696398735046387
2008-08-01,11.665783534842827,11.683312965347989,11.418648153846652,11.550979614257812,120766974,11.550979614257812
2008-08-04,11.55739914118327,11.6781284469484,11.403834413709221,11.430992126464844,99852875,11.430992126464844
2008-08-05,11.544316574511566,11.852681638309416,11.513207337645705,11.847002983093262,143917423,11.847002983093262
2008-08-06,11.81046025358622,12.091915219229552,11.66578266992137,12.007231712341309,135538133,12.007231712341309
2008-08-07,11.900082250236155,11.949461114533673,11.762071188903331,11.828978538513184,111367875,11.828978538513184
2008-08-08,11.854408065058218,12.239556396675944,11.74429491918142,12.221285820007324,150132633,12.221285820007324
2008-08-11,12.158576430108988,12.563722495391914,12.141540465924527,12.365222930908203,170207597,12.365222930908203
2008-08-12,12.39386103841289,12.495827246024042,12.295106149034808,12.408921241760254,110641162,12.408921241760254
2008-08-13,12.383987092451427,12.431882721636027,12.193387728863172,12.34522533416748,145563571,12.34522533416748
2008-08-14,12.287699757389202,12.53236685788629,12.25288762985435,12.480026245117188,117181585,12.480026245117188
2008-08-15,12.517059583814115,12.607668482937228,12.480272643027902,12.595076560974121,142359606,12.595076560974121
2008-08-18,12.587423323656484,12.591372952104534,12.23363001425424,12.302513122558594,133855851,12.302513122558594
2008-08-19,12.10821054915416,12.3020193374686,12.01439316130497,12.109939575195312,122316761,12.109939575195312
2008-08-20,12.214127005730413,12.262764728137725,11.914156570634658,11.974150657653809,159881036,11.974150657653809
2008-08-21,11.922797179317474,12.09512691927421,11.832682680423511,12.011924743652344,141090868,12.011924743652344
2008-08-22,12.134627621661123,12.218076522266042,12.084756235393224,12.112160682678223,92232419,12.112160682678223
2008-08-25,12.001554887793558,12.270417006584779,11.887737901709393,11.925018310546875,80874004,11.925018310546875
2008-08-26,11.936128902135941,11.936128902135941,11.618381361106188,11.706521987915039,132823998,11.706521987915039
2008-08-27,11.695903315246118,11.723061972528368,11.476419126638566,11.568756103515625,176141757,11.568756103515625
2008-08-28,11.665291257037971,11.763059224309869,11.611963704589483,11.69714069366455,121642242,11.69714069366455
2008-08-29,11.597642422740638,11.628750709690355,11.414450752935917,11.438151359558105,154504960,11.438151359558105
2008-09-02,11.77095748888204,11.904525434265436,11.391982278225603,11.486540794372559,245376296,11.486540794372559
2008-09-03,11.572460135830829,11.70973100130932,11.346556124757518,11.465803146362305,173230887,11.465803146362305
2008-09-04,11.356925832219982,11.436918576278988,11.095222751296603,11.116455078125,194666935,11.116455078125
2008-09-05,10.998688673318506,11.170770715242737,10.865120708424879,10.968074798583984,182051827,10.968074798583984
2008-09-08,11.159908435477115,11.18262211109447,10.308879656059515,10.368133544921875,362068052,10.368133544921875
2008-09-09,10.447631454481712,10.675017771011026,10.245922452301176,10.336283683776855,290267933,10.336283683776855
2008-09-10,10.479723647979641,10.479971326884485,10.114574987129979,10.225181579589844,250005583,10.225181579589844
2008-09-11,10.081739931235283,10.741923472809143,10.033103157110862,10.708840370178223,259826256,10.708840370178223
2008-09-12,10.621441322302104,10.912276934988057,10.591567646211947,10.805375099182129,242023777,10.805375099182129
2008-09-15,10.46812205186137,10.91178215305208,10.460962050739692,10.711554527282715,263680649,10.711554527282715
2008-09-16,10.516512316087265,11.092259041399956,10.504909219220428,10.935484886169434,280676114,10.935484886169434
2008-09-17,10.82562004159927,10.84191486069757,10.207408577129462,10.233331680297852,366444394,10.233331680297852
2008-09-18,10.434545895846508,10.84290234773587,10.13482219756948,10.840433120727539,344863807,10.840433120727539
2008-09-19,11.381613941912983,11.40803050789142,10.944125018125012,11.089049339294434,401740198,11.089049339294434
2008-09-22,11.212002147679925,11.212002147679925,10.591568186491832,10.61971378326416,176952786,10.61971378326416
2008-09-23,10.69649560863408,10.882650933453267,10.51058796278494,10.598234176635742,208948265,10.598234176635742
2008-09-24,10.624649769103373,10.986590010270948,10.618972060105879,10.742416381835938,170316002,10.742416381835938
2008-09-25,10.834508391391417,11.110037084973516,10.763898137120753,10.853272438049316,201564693,10.853272438049316
2008-09-26,10.566878203593523,10.79302893504898,10.394796164574936,10.641932487487793,212493504,10.641932487487793
2008-09-29,10.35726939749539,10.456025236791554,9.399337000050979,9.40649700164795,432129680,9.40649700164795
2008-09-30,9.776337859751155,10.494786478272758,9.685975686434896,9.888425827026367,123914728,9.888425827026367
2008-10-01,10.15086946372226,10.2948059127032,9.952123175090028,10.164941787719727,250326782,10.164941787719727
2008-10-02,10.117292146888325,10.121982921207346,9.529941406521433,9.640793800354004,240293315,9.640793800354004
2008-10-03,9.810160686328944,10.18419841236292,9.457602017510588,9.552408218383789,320914374,9.552408218383789
2008-10-06,9.233179800749307,9.282804451100358,8.817911076586359,9.164791107177734,450506303,9.164791107177734
2008-10-07,9.21713179861106,9.257868367584035,8.526828837835536,8.54262924194336,443833384,8.54262924194336
2008-10-08,8.151311434731335,8.863093601470514,8.051320966272662,8.347587585449219,474829130,8.347587585449219
2008-10-09,8.505844138497576,8.605834596707506,7.941700453848208,8.122177124023438,324210683,8.122177124023438
2008-10-10,7.731597638479101,8.440910920999416,7.660986922120381,8.196737289428711,425500926,8.196737289428711
2008-10-13,8.784088791962104,9.42995235808606,8.536211299787887,9.406991004943848,357555200,9.406991004943848
2008-10-14,9.715849204761492,9.739797489327508,8.813961326727954,8.954935073852539,312559174,8.954935073852539
2008-10-15,8.755942025739373,8.863339205434755,8.365362739652392,8.373756408691406,269863738,8.373756408691406
2008-10-16,8.215502065756102,8.801618283499,7.639754805304446,8.715700149536133,652022815,8.715700149536133
2008-10-17,9.356132154949552,9.529942280994293,8.97567364359533,9.197628021240234,572104380,9.197628021240234
2008-10-20,9.375635961778368,9.40600310515293,8.877906164094542,9.365019798278809,271148536,9.365019798278809
2008-10-21,9.193925561558201,9.475132888936969,8.937406722522088,8.955924034118652,232146894,8.955924034118652
2008-10-22,8.813714701644999,9.12726395259709,8.493004504187516,8.78112506866455,263383540,8.78112506866455
2008-10-23,8.731254031460807,8.838650271855906,8.344624351884116,8.698417663574219,260127380,8.698417663574219
2008-10-24,8.060208438739117,8.652742577501236,8.017497049970203,8.376720428466797,295463334,8.376720428466797
2008-10-27,8.266113004600122,8.468316400218608,8.038727654973899,8.134767532348633,248957670,8.134767532348633
2008-10-28,8.370795256528508,9.117882902555825,8.110573536330545,9.104057312011719,325431241,9.104057312011719
2008-10-29,9.030979119917198,9.159608651210387,8.699652695098823,8.838651657104492,391726805,8.838651657104492
2008-10-30,9.096896388164627,9.184294909012014,8.847784323313459,8.88037395477295,320753774,8.88037395477295
2008-10-31,8.79322281092001,9.183307701255455,8.746560853312998,8.872227668762207,298044974,8.872227668762207
2008-11-03,8.828281095886384,8.961848104808762,8.429552992522328,8.554479598999023,239072757,8.554479598999023
2008-11-04,8.726069772003639,9.19318476180243,8.530038478290692,9.059370994567871,295097969,9.059370994567871
2008-11-05,8.94111018762213,9.10726684572018,8.426592129375223,8.449552536010742,278901487,8.449552536010742
2008-11-06,8.393509714282713,8.503375193402654,8.043913672074574,8.177481651306152,344277618,8.177481651306152
2008-11-07,8.224389147985145,8.422642929417204,8.032061700402021,8.175505638122559,187953866,8.175505638122559
2008-11-10,8.097981979752554,8.133534310191907,7.64049529499161,7.870349884033203,324415448,7.870349884033203
2008-11-11,7.621237987491885,7.8091204384908535,7.419529000470502,7.6896257400512695,407385278,7.6896257400512695
2008-11-12,7.457302873994297,7.715054880811361,7.104497455786477,7.184488773345947,403550960,7.184488773345947
2008-11-13,7.2034995754948365,7.727647302448497,6.912910255704167,7.70493221282959,531372276,7.70493221282959
2008-11-14,7.486930124411695,8.023667936833908,7.469894632645619,7.654074668884277,382110897,7.654074668884277
2008-11-17,7.480756892519533,7.6575306508212755,7.356078430271768,7.4096527099609375,302883041,7.4096527099609375
2008-11-18,7.445451977589622,7.498779994434027,7.044996729715365,7.342992305755615,335095329,7.342992305755615
2008-11-19,7.292874133003801,7.411380468559879,6.877852152607626,6.917354106903076,314558640,6.917354106903076
2008-11-20,6.786750247661838,6.9854965365513335,6.39543026424402,6.408267974853516,392642224,6.408267974853516
2008-11-21,6.481100795001245,6.650467824611153,6.105581684117103,6.479126453399658,411315956,6.479126453399658
2008-11-24,6.647751889691535,6.66478643535899,6.1477996256614516,6.355927467346191,403695499,6.355927467346191
2008-11-25,6.633432996642351,7.077341353575901,6.599855948913616,6.96352481842041,432462924,6.96352481842041
2008-11-26,6.919824233102312,7.294603161793506,6.819093102146868,7.211401462554932,255217044,7.211401462554932
2008-11-28,7.174120642797677,7.319044972570074,7.117335515841216,7.232879638671875,103004645,7.232879638671875
2008-12-01,7.0778331581331715,7.095114908920138,6.56677129847322,6.567018032073975,229304279,6.567018032073975
2008-12-02,6.659354685893875,6.858101427653265,6.4828290925530485,6.792181491851807,234463545,6.792181491851807
2008-12-03,6.662318340129561,6.946487883573389,6.550971047762107,6.898838043212891,237077306,6.898838043212891
2008-12-04,6.827240603524075,6.999075452844564,6.635654774221394,6.773172378540039,196196647,6.773172378540039
2008-12-05,6.691203989309808,7.017591421827451,6.518380808881333,7.011419773101807,261825722,7.011419773101807
2008-12-08,7.159554367590795,7.639754228779702,6.9622894249241165,7.458784103393555,326993073,7.458784103393555
2008-12-09,7.349659815392778,7.8510925094033865,7.332870584386703,7.554084300994873,276629001,7.554084300994873
2008-12-10,7.63481629750053,7.774555432045289,7.518037095239549,7.624446868896484,210265182,7.624446868896484
2008-12-11,7.509642992601125,7.72468408878152,7.352374900185631,7.412121772766113,248094446,7.412121772766113
2008-12-12,7.300775400799303,7.813318673788389,7.258557007427269,7.7957892417907715,229741913,7.7957892417907715
2008-12-15,7.752582216099243,7.8631893006183,7.532850812062457,7.670121669769287,270526212,7.670121669769287
2008-12-16,7.765175748897725,8.135016247884842,7.684935793287074,8.030828475952148,283442445,8.030828475952148
2008-12-17,7.866892282175423,7.953056664428405,7.7133270877588,7.782949447631836,232456049,7.782949447631836
2008-12-18,7.818997535346171,7.909112039490557,7.631608524388744,7.660493850708008,191254191,7.660493850708008
2008-12-19,7.678021754440053,7.845906483854263,7.628891043514163,7.657777309417725,225345496,7.657777309417725
2008-12-22,7.6180282130490875,7.641235353649787,7.175355007543816,7.335339546203613,157291365,7.335339546203613
2008-12-23,7.41730682006885,7.488410531576915,7.324475897852209,7.357806205749512,151674390,7.357806205749512
2008-12-24,7.443230178722158,7.563218345980292,7.366694071041544,7.479523181915283,77148090,7.479523181915283
2008-12-26,7.507174689631342,7.536554898667676,7.364966782831247,7.415579319000244,78657728,7.415579319000244
2008-12-29,7.412121671643288,7.440760257858738,7.1988086589262075,7.342992305755615,148631025,7.342992305755615
2008-12-30,7.426441911841297,7.574822416840105,7.374842912643429,7.483473777770996,154316255,7.483473777770996
2008-12-31,7.510384046194006,7.678268782036311,7.471128350001499,7.5955610275268555,115904817,7.5955610275268555
2009-01-02,7.619016450154913,7.945404891239183,7.542481279220493,7.933060646057129,144961322,7.933060646057129
2009-01-05,7.925159116760644,8.177974581495707,7.777025354503784,8.099215507507324,196293007,8.099215507507324
2009-01-06,8.220932494027773,8.414000130939874,8.058231998737302,8.247596740722656,257971329,8.247596740722656
2009-01-07,8.105882901308059,8.169826620636252,7.869609908324039,7.9500956535339355,180453860,7.9500956535339355
2009-01-08,7.858005700176967,8.028605461120605,7.834797140957141,8.028605461120605,144567852,8.028605461120605
2009-01-09,8.085637430548076,8.085637430548076,7.737522292809341,7.77875280380249,174270770,7.77875280380249
2009-01-12,7.8093669250177875,7.874546193136912,7.65925835586278,7.719992637634277,132667413,7.719992637634277
2009-01-13,7.697279015252111,7.915283287003577,7.663208506638811,7.7602362632751465,177964564,7.7602362632751465
2009-01-14,7.653580584829177,7.747398445585395,7.351140464446429,7.430639266967773,219535801,7.430639266967773
2009-01-15,7.346696955258519,7.495077935178244,7.0805493464450295,7.3817548751831055,238269759,7.3817548751831055
2009-01-16,7.530629045322492,7.610375056978731,7.30052866281497,7.398543834686279,209759293,7.398543834686279
2009-01-20,7.385458023172903,7.394346578714833,6.980806827545166,6.980806827545166,202684876,6.980806827545166
2009-01-21,7.119063519420957,7.493100779044577,7.119063519420957,7.48273229598999,197718329,7.48273229598999
2009-01-22,7.35830018655724,7.637532700865857,7.286949263786369,7.567168712615967,331919470,7.567168712615967
2009-01-23,7.635557989553276,8.19575016114401,7.510878096071806,8.016508102416992,430921167,8.016508102416992
2009-01-26,8.020211522636313,8.097981770795863,7.9142961529416365,7.996016502380371,185119281,7.996016502380371
2009-01-27,8.059713451859938,8.242906074485589,8.005891490528727,8.18389892578125,197830749,8.18389892578125
2009-01-28,8.344375638931286,8.698663319283328,8.303145606642744,8.608301162719727,308809170,8.608301162719727
2009-01-29,8.506338636967623,8.51892961637944,8.39696661549233,8.476218223571777,292444059,8.476218223571777
2009-01-30,8.510039307129405,8.611511098229233,8.295492628534598,8.357955932617188,187580472,8.357955932617188
2009-02-02,8.253275309421205,8.517693389713198,8.196737388925747,8.40832233428955,209056670,8.40832233428955
2009-02-03,8.457699893184799,8.468317002035311,8.241918570773601,8.405360221862793,263243015,8.405360221862793
2009-02-04,8.395977756077228,8.750758975922858,8.373757549113447,8.468317031860352,273718132,8.468317031860352
2009-02-05,8.416716439355747,8.773965933365963,8.320183089578679,8.73298168182373,291665150,8.73298168182373
2009-02-06,8.800631143086951,9.228985344709558,8.775447294297384,9.166522026062012,282579221,9.166522026062012
2009-02-09,9.166521608400643,9.406497963191985,9.068258280954785,9.351441383361816,199838246,9.351441383361816
2009-02-10,9.282558937527986,9.320086083561842,8.835936080328274,8.851243019104004,285213056,8.851243019104004
2009-02-11,8.862105650240423,9.011474028983853,8.715205553114025,8.839638710021973,210048373,8.839638710021973
2009-02-12,8.719156615333219,8.977403548159705,8.677678894041705,8.96333122253418,222844155,8.96333122253418
2009-02-13,8.942097284592204,8.961849209203544,8.770261968782496,8.830750465393066,166489714,8.830750465393066
2009-02-17,8.554971906234503,8.569291906070479,8.386593740748301,8.459919929504395,228067661,8.459919929504395
2009-02-18,8.572996931379464,8.724586837066175,8.407086078536457,8.717920303344727,241883252,8.717920303344727
2009-02-19,8.825565410481165,8.88309026845829,8.429060690653985,8.459427833557129,200295955,8.459427833557129
2009-02-20,8.346104928810135,8.614473556238972,8.270803917073579,8.553492546081543,249616129,8.553492546081543
2009-02-23,8.567073405707745,8.63620326549137,8.136250886135352,8.148842811584473,209626799,8.148842811584473
2009-02-24,8.172544063158433,8.631758899507481,8.169333689493197,8.52880573272705,244749957,8.52880573272705
2009-02-25,8.447329135098629,8.697923493571261,8.367585027159414,8.434738159179688,258529413,8.434738159179688
2009-02-26,8.541395161784026,8.702614312505949,8.32413250169252,8.324625968933105,225064447,8.324625968933105
2009-02-27,8.220192313142674,8.48856097071936,8.174764022068622,8.344624519348145,217612620,8.344624519348145
2009-03-02,8.22957391868512,8.411531927158762,8.048603790026181,8.077242851257324,232407869,8.077242851257324
2009-03-03,8.1490882319687,8.23846252806163,7.95848980794593,8.035765647888184,261970262,8.035765647888184
2009-03-04,7.978487230770648,8.122671366046232,7.786406521266774,7.873805999755859,313908211,7.873805999755859
2009-03-05,7.813564058232448,7.877755441255793,7.471868759464414,7.54593563079834,262175027,7.54593563079834
2009-03-06,7.584944853352479,7.658271058366283,7.264729053252804,7.618274688720703,290452622,7.618274688720703
2009-03-09,7.406196305242738,7.5688967891774315,7.146221336122023,7.181773662567139,259822241,7.181773662567139
2009-03-10,7.363485083987381,7.665924235631232,7.264728777038122,7.6083984375,270217058,7.6083984375
2009-03-11,7.65604796073318,7.900469255042374,7.547663848269852,7.8488688468933105,237832124,7.8488688468933105
2009-03-12,7.839735699414935,8.0239147931297,7.743695342088821,7.987622261047363,201717262,7.987622261047363
2009-03-13,8.051071665791659,8.084648229782566,7.876520894541719,8.00959300994873,156841686,8.00959300994873
2009-03-16,8.048357038381917,8.140694022654834,7.865658829461075,7.892816543579102,198613673,7.892816543579102
2009-03-17,7.904913669543881,8.27919864654541,7.87800316141216,8.27919864654541,189206544,8.27919864654541
2009-03-18,8.266112990276257,8.39424903465137,8.099215189823735,8.223895072937012,201239478,8.223895072937012
2009-03-19,8.188837859009405,8.295493908098196,8.082675277189027,8.145878791809082,165064391,8.145878791809082
2009-03-20,8.154765182943262,8.221179064748018,8.05699722567208,8.151309967041016,190226352,8.151309967041016
2009-03-23,8.235251353010103,8.627558694099728,8.2221659650972,8.606573104858398,171500425,8.606573104858398
2009-03-24,8.55472844381367,8.735946277073367,8.493006271460784,8.571270942687988,153372732,8.571270942687988
2009-03-25,8.651014492695783,8.674221632153198,8.301665224727698,8.494732856750488,174102141,8.494732856750488
2009-03-26,8.718415750689969,8.867289713839767,8.604105292199009,8.722365379333496,241032074,8.722365379333496
2009-03-27,8.641139057356249,8.690517923960595,8.52929782462992,8.584354400634766,133410187,8.584354400634766
2009-03-30,8.457205735226191,8.488314022325318,8.296727736834157,8.460662841796875,124227898,8.460662841796875
2009-03-31,8.614721705823435,8.727797554148578,8.546827417306107,8.593242645263672,146760038,8.593242645263672
2009-04-01,8.487572912805053,8.770508301249432,8.409309200167282,8.74211597442627,132542948,8.74211597442627
2009-04-02,8.96974955883083,9.128993899749418,8.895929882640282,8.949750900268555,180192885,8.949750900268555
2009-04-03,8.999128502566856,9.177382651808443,8.83864957072542,9.129486083984375,152160204,9.129486083984375
2009-04-06,9.060851135934392,9.130474450921628,8.92259333116429,9.091466903686523,131703815,9.091466903686523
2009-04-07,8.952220367282699,8.980612696631134,8.772238107433216,8.85469913482666,147755757,8.85469913482666
2009-04-08,8.97443925938786,9.011472932533046,8.794457025911441,8.937405586242676,111022586,8.937405586242676
2009-04-09,9.122572671082414,9.242314088731302,9.042333206442459,9.196640014648438,135811153,9.196640014648438
2009-04-13,9.167754673713457,9.359588650085108,9.142325039440879,9.335145950317383,122461301,9.335145950317383
2009-04-14,9.306259290969374,9.307493904325431,9.02628660632651,9.108006477355957,137658049,9.108006477355957
2009-04-15,9.063320421197425,9.407978946152975,8.990734411488734,9.369463920593262,197967259,9.369463920593262
2009-04-16,9.418841864711903,9.700294957095382,9.40699014343969,9.597589492797852,408931050,9.597589492797852
2009-04-17,9.530434357662326,9.871141292054697,9.500560687523473,9.684000015258789,430840867,9.684000015258789
2009-04-20,9.53364420040309,9.644745228352171,9.280335747358242,9.36452579498291,177820024,9.36452579498291
2009-04-21,9.287250232230564,9.48797136434978,9.28552215134818,9.41810131072998,148370051,9.41810131072998
2009-04-22,9.425012220580372,9.62869599618572,9.357364677412267,9.477106094360352,140597024,9.477106094360352
2009-04-23,9.56722291444233,9.622525278259335,9.4092131896123,9.497599601745605,104751167,9.497599601745605
2009-04-24,9.53117578603454,9.707208402303728,9.394152604816709,9.616106033325195,135923572,9.616106033325195
2009-04-27,9.48895691038661,9.616105062199008,9.449701691025943,9.528705596923828,91967429,9.528705596923828
2009-04-28,9.474391802092809,9.605242857819961,9.419828697600876,9.473402976989746,118185333,9.473402976989746
2009-04-29,9.529201853074152,9.751402035745468,9.525744746151188,9.66499137878418,144941247,9.66499137878418
2009-04-30,9.770905434683462,9.968170377569331,9.7472048275886,9.776090621948242,174881049,9.776090621948242
2009-05-01,9.752881193679286,9.816085639913624,9.666964023275783,9.719799041748047,97471985,9.719799041748047
2009-05-04,9.830405848195023,9.934840338801894,9.746957894492846,9.924471855163574,128600225,9.924471855163574
2009-05-05,9.87509443686247,9.999033190175302,9.807693611312734,9.949408531188965,96391952,9.949408531188965
2009-05-06,10.043225487301713,10.080012428921071,9.900275973579882,9.961257934570312,105710750,9.961257934570312
2009-05-07,9.976810809271923,9.998783331623828,9.69041836459806,9.791890144348145,120441759,9.791890144348145
2009-05-08,9.94595008812726,10.12568654412285,9.75214225350193,10.056556701660156,155183494,10.056556701660156
2009-05-11,9.944716771725147,10.171854449541895,9.905213868158222,10.072606086730957,102755715,10.072606086730957
2009-05-12,10.122724795244146,10.146919816962377,9.754859124721918,9.85114574432373,152200354,9.85114574432373
2009-05-13,9.72967477582945,9.786459426465731,9.587959882837602,9.617340087890625,114138220,9.617340087890625
2009-05-14,9.599070806378464,9.683259905657843,9.497599010477531,9.566974639892578,117920344,9.566974639892578
2009-05-15,9.6558551099731,9.730169197491366,9.606230455533087,9.628697395324707,120799094,9.628697395324707
2009-05-18,9.745477299731288,9.809175225511767,9.515129241953098,9.797571182250977,134570520,9.797571182250977
2009-05-19,9.779301190066825,9.916076695843536,9.702764610357292,9.847935676574707,113925426,9.847935676574707
2009-05-20,9.927188214794109,10.01557463401687,9.752143457189034,9.805965423583984,91702440,9.805965423583984
2009-05-21,9.78423847894527,9.945703413824068,9.723503250983148,9.789175987243652,109199779,9.789175987243652
2009-05-22,9.79312489169369,9.842257018789015,9.678074244937063,9.715107917785645,69001669,9.715107917785645
2009-05-26,9.676841325546272,9.999031940904562,9.628697074449015,9.983230590820312,124645457,9.983230590820312
2009-05-27,10.014832242850424,10.16839695983783,9.994339174870978,10.012856483459473,121826932,10.012856483459473
2009-05-28,10.089886284147974,10.162472279246558,9.989402378035829,10.132351875305176,107152133,10.132351875305176
2009-05-29,10.174571634516482,10.300978660583496,10.139760450156409,10.300978660583496,106325044,10.300978660583496
2009-06-01,10.338011922186466,10.606380580819232,10.333074413806203,10.531326293945312,133394127,10.531326293945312
2009-06-02,10.523672801679547,10.615269584835696,10.453309289724311,10.576753616333008,105337356,10.576753616333008
2009-06-03,10.51749956294867,10.676989668928634,10.468121648481107,10.656991958618164,141841672,10.656991958618164
2009-06-04,10.74710814751353,10.893761512671148,10.727357167656,10.8700590133667,146069460,10.8700590133667
2009-06-05,10.988321123634481,11.044364640809002,10.849815626783599,10.969803810119629,147783862,10.969803810119629
2009-06-08,10.850801828742819,10.88585974509481,10.717975007848407,10.832778930664062,124412588,10.832778930664062
2009-06-09,10.828089121486519,10.875492230946204,10.659709956653005,10.755008697509766,130684007,10.755008697509766
2009-06-10,10.7700666921731,10.811050937260829,10.534040963894535,10.68044662475586,134859599,10.68044662475586
2009-06-11,10.65995765652402,10.70834865026354,10.57601527280692,10.591568946838379,115037579,10.591568946838379
2009-06-12,10.538733426596702,10.5594722860512,10.399240065203395,10.488862037658691,117173555,10.488862037658691
2009-06-15,10.40639913121337,10.40639913121337,10.22123265055855,10.289620399475098,150036273,10.289620399475098
2009-06-16,10.35233258950247,10.396278591186732,10.25629175883775,10.270611763000488,122445241,10.270611763000488
2009-06-17,10.275301840982303,10.362454582876206,10.160991385087966,10.249872207641602,140127270,10.249872207641602
2009-06-18,10.262710794010488,10.337023933910878,10.1965436447795,10.2227144241333,123870563,10.2227144241333
2009-06-19,10.325172530875344,10.380722568551807,10.23555151351988,10.371587753295898,171002566,10.371587753295898
2009-06-22,10.294066279272004,10.307399349729279,9.922250959232825,10.057052612304688,165594371,10.057052612304688
2009-06-23,10.039768779355375,10.097540364230307,9.938542775676508,10.015819549560547,116418737,10.015819549560547
2009-06-24,10.091369186598081,10.17753405011115,10.037547224939956,10.104948043823242,98680498,10.104948043823242
2009-06-25,10.04841017129818,10.268142060217604,10.036312661080348,10.264932632446289,122236461,10.264932632446289
2009-06-26,10.21333108581258,10.572556293512042,10.199258762835985,10.500711441040039,130756276,10.500711441040039
2009-06-29,10.517500354990752,10.561939819620562,10.42466896127502,10.471578598022461,87097243,10.471578598022461
2009-06-30,10.468122401392618,10.547373047560546,10.32542056809323,10.408621788024902,104144903,10.408621788024902
2009-07-01,10.473061405029558,10.527376839004283,10.323693016259428,10.34443187713623,92778458,10.34443187713623
2009-07-02,10.256044889855456,10.256044889855456,10.043719729272283,10.085197448730469,101081463,10.085197448730469
2009-07-06,10.036065913062721,10.138277915711479,9.91657121279068,10.112848281860352,90843231,10.112848281860352
2009-07-07,10.079024359420995,10.10248012505519,9.77633797029954,9.792386054992676,130860666,9.792386054992676
2009-07-08,9.87558778708132,10.02372060182763,9.827691214106958,9.937063217163086,138163938,9.937063217163086
2009-07-09,10.026684403227133,10.232344932861297,10.01878419984517,10.132107734680176,131515110,10.132107734680176
2009-07-10,10.112108374326104,10.30443487500215,10.090381634855689,10.231108665466309,117502785,10.231108665466309
2009-07-13,10.274807625402477,10.48095969224183,10.250364928310699,10.475528717041016,162434571,10.475528717041016
2009-07-14,10.460962954544401,10.535523775413157,10.390846174893111,10.485158920288086,116266167,10.485158920288086
2009-07-15,10.607862851415566,10.830556484719963,10.57897611136852,10.817965507507324,151646285,10.817965507507324
2009-07-16,10.781178699778012,11.005106949309196,10.717480776047196,10.927337646484375,263162715,10.927337646484375
2009-07-17,10.690325077481997,10.751552835118643,10.534783620238525,10.622428894042969,275191634,10.622428894042969
2009-07-20,10.613293832922343,10.68662003902029,10.523672809320457,10.620453834533691,126612804,10.620453834533691
2009-07-21,10.639464502308565,10.663166056901998,10.510588244546375,10.564410209655762,119173022,10.564410209655762
2009-07-22,10.5668785428628,10.621193970651854,10.455778460443542,10.559224128723145,103855823,10.559224128723145
2009-07-23,10.58366646591128,10.893019361734856,10.50515602098356,10.797472953796387,139649486,10.797472953796387
2009-07-24,10.759699053491849,11.122133738216878,10.739701340137406,11.029056549072266,145619780,11.029056549072266
2009-07-27,11.012267089639163,11.029796521001268,10.804139242605581,10.981653213500977,100551484,10.981653213500977
2009-07-28,10.88783694098424,10.932523146311677,10.766859935099687,10.859443664550781,101679697,10.859443664550781
2009-07-29,10.794757878568673,10.808831148761037,10.662918931328303,10.770316123962402,79777911,10.770316123962402
2009-07-30,10.927585209147097,11.146329233221207,10.927585209147097,11.002392768859863,128423566,11.002392768859863
2009-07-31,11.109541147284016,11.176695224871562,10.923139117092537,10.938446998596191,114844859,10.938446998596191
2009-08-03,11.078927064468639,11.206322906130262,11.051769351320607,11.164597511291504,104000363,11.164597511291504
2009-08-04,11.094483512402912,11.208793038243476,11.071275423852843,11.202126502990723,95950302,11.202126502990723
2009-08-05,11.258170801077034,11.280636795784757,11.057695476032523,11.138181686401367,94031136,11.138181686401367
2009-08-06,11.216198636302332,11.230517694615843,11.073743527344801,11.118924140930176,84752487,11.118924140930176
2009-08-07,11.250020412281156,11.342604120181177,11.233233074657084,11.28532600402832,102105287,11.28532600402832
2009-08-10,11.236937077640238,11.317670018390965,11.203607242017139,11.27323055267334,69941178,11.27323055267334
2009-08-11,11.20064413415783,11.28853707322174,11.168795646746556,11.20730972290039,68756755,11.20730972290039
2009-08-12,11.243603277551376,11.400130700720108,11.231504822673836,11.321866989135742,94007046,11.321866989135742
2009-08-13,11.410007162883703,11.473457412596174,11.330015360563644,11.413216590881348,80107140,11.413216590881348
2009-08-14,11.425561399572945,11.435436416876149,11.280142647256286,11.356925964355469,67255147,11.356925964355469
2009-08-17,11.147069235559075,11.159166745364141,10.94017506478411,10.983875274658203,105200846,10.983875274658203
2009-08-18,10.989059529479794,11.053250918809969,10.92042504441229,10.99350357055664,94396500,10.99350357055664
2009-08-19,10.862900187683323,10.98659125705795,10.827594589615913,10.961162567138672,90538092,10.961162567138672
2009-08-20,11.159412011881141,11.410745614990727,11.140401236684111,11.367046356201172,160555554,11.367046356201172
2009-08-21,11.493702435119578,11.507281291814609,11.42235104506313,11.486295700073242,142953825,11.486295700073242
2009-08-24,11.538388240833068,11.606035788393465,11.466050864132425,11.57245922088623,98503838,11.57245922088623
2009-08-25,11.582336687519689,11.711212944346201,11.572213991095637,11.637639999389648,93990986,11.637639999389648
2009-08-26,11.67195656426936,11.677881952289246,11.522341462106738,11.554436683654785,79810030,11.554436683654785
2009-08-27,11.568757832508343,11.568757832508343,11.374949034608374,11.50654125213623,80255695,11.50654125213623
2009-08-28,11.585545156801928,11.662327523343018,11.440374093323038,11.474198341369629,71129616,11.474198341369629
2009-08-31,11.35174188248447,11.402846941162904,11.307548201608439,11.39815616607666,78609548,11.39815616607666
2009-09-01,11.34902502002068,11.525303426228595,11.21916089371686,11.252243995666504,104185053,11.252243995666504
2009-09-02,11.253724687600258,11.315693580409762,11.173979631433571,11.184349060058594,72462593,11.184349060058594
2009-09-03,11.253725083700058,11.313720109811936,11.233480638279254,11.295697212219238,66094814,11.295697212219238
2009-09-04,11.296931619923358,11.421117096984894,11.252737940682536,11.389021873474121,60192775,11.389021873474121
2009-09-08,11.462841826979492,11.52950244789461,11.254220505756606,11.322854995727539,106666319,11.322854995727539
2009-09-09,11.333718962437393,11.5117264084539,11.327299161237722,11.454941749572754,88145156,11.454941749572754
2009-09-10,11.52110690452628,11.627022743225098,11.406302983754571,11.627022743225098,101764012,11.627022743225098
2009-09-11,11.61369052653245,11.685288649762823,11.545301830912617,11.656649589538574,76401301,11.656649589538574
2009-09-14,11.616406660261378,11.771700418651207,11.605049351310452,11.730222702026367,79324216,11.730222702026367
2009-09-15,11.729236117004124,11.823795603256803,11.670723375833282,11.789971351623535,96283547,11.789971351623535
2009-09-16,11.845767803556814,12.082041255136417,11.813178166372126,12.055377006530762,103799614,12.055377006530762
2009-09-17,12.111666192772203,12.279550914263002,12.027230364840115,12.140058517456055,179996150,12.140058517456055
2009-09-18,12.264738070248862,12.269923257331058,12.127961626677783,12.133639335632324,131832295,12.133639335632324
2009-09-21,12.041797248310681,12.317326851296714,12.004270105228978,12.270417213439941,84973311,12.270417213439941
2009-09-22,12.367195551791232,12.39361211371057,12.290412256315477,12.321273803710938,122103967,12.321273803710938
2009-09-23,12.363740406299659,12.517306076261246,12.28794592373319,12.306462287902832,108573440,12.306462287902832
2009-09-24,12.356088143655077,12.379295284531976,12.171660903408426,12.264739036560059,101482963,12.264739036560059
2009-09-25,12.203509201845236,12.342754870155174,12.146972229341083,12.158822059631348,82291296,12.158822059631348
2009-09-28,12.21709081992258,12.381518465554885,12.179068315337666,12.308192253112793,73847766,12.308192253112793
2009-09-29,12.332881687792293,12.33831266387047,12.171909258446451,12.308192253112793,84282733,12.308192253112793
2009-09-30,12.3444850584228,12.347941219860418,12.029453485500978,12.242025375366211,126139035,12.242025375366211
2009-10-01,12.171658647067296,12.257330028878966,12.023525856036953,12.028463363647461,112949783,12.028463363647461
2009-10-02,11.943040584085411,12.140552247848245,11.91489499238471,11.963778495788574,104421937,11.963778495788574
2009-10-05,12.039576123332811,12.157589477627809,11.933165866762177,12.061055183410645,86105539,12.061055183410645
2009-10-06,12.139565359506115,12.328929143193703,12.139565359506115,12.313375473022461,109701653,12.313375473022461
2009-10-07,12.319795356997243,12.813327825900824,12.290415149398143,12.777528762817383,195698788,12.777528762817383
2009-10-08,12.82764694138631,12.918501627717589,12.673834536651878,12.694572448730469,172797268,12.694572448730469
2009-10-09,12.755555817208831,12.87554397986944,12.702474058376472,12.74567985534668,109934523,12.74567985534668
2009-10-12,12.922698519424152,12.980471048945214,12.82147346229954,12.938006401062012,133386097,12.938006401062012
2009-10-13,12.94664725097897,13.02244173430454,12.872333169275908,12.98911190032959,121951397,12.98911190032959
2009-10-14,13.145889080882153,13.222918184223504,13.085153850191434,13.216499328613281,130824531,13.216499328613281
2009-10-15,13.177735820712282,13.255506059940934,13.017751301575071,13.082930564880371,244930632,13.082930564880371
2009-10-16,13.513012115753517,13.696205680501166,13.443884163155436,13.575228691101074,355001664,13.575228691101074
2009-10-19,13.645344780608855,13.667811718572386,13.547576826761917,13.630531311035156,129198459,13.630531311035156
2009-10-20,13.61942316606308,13.651766069047662,13.349325468514193,13.62139892578125,162354271,13.62139892578125
2009-10-21,13.57671033797916,13.80977434905508,13.554243398386273,13.606090545654297,147374332,13.606090545654297
2009-10-22,13.578933267855488,13.702377600105315,13.529555345887642,13.679910659790039,93810311,13.679910659790039
2009-10-23,13.70854943001569,13.77372869707875,13.608558981622783,13.670034408569336,96066737,13.670034408569336
2009-10-26,13.720894328265704,13.866312127389998,13.600906162600275,13.682872772216797,119261352,13.682872772216797
2009-10-27,13.602879799078488,13.691512935412957,13.434747396194137,13.536713600158691,129142249,13.536713600158691
2009-10-28,13.526345399802398,13.57893274760915,13.288837348994962,13.339449882507324,103096990,13.339449882507324
2009-10-29,13.406357866930467,13.624114003722362,13.356732265551283,13.604856491088867,101282213,13.604856491088867
2009-10-30,13.57893168975633,13.583128051637551,13.189832802343517,13.236248970031738,139260032,13.236248970031738
2009-11-02,13.259950368526814,13.318710782450683,13.041700778736448,13.183662414550781,128564090,13.183662414550781
2009-11-03,13.085401190612593,13.270321906475289,13.043183269259146,13.26513671875,95564863,13.26513671875
2009-11-04,13.351793021968916,13.467830604614306,13.243655641187258,13.340188980102539,93657741,13.340188980102539
2009-11-05,13.41820788982022,13.573254916698446,13.39771481950423,13.545601844787598,74185025,13.545601844787598
2009-11-06,13.522641642783704,13.622878830608858,13.467831801386078,13.606090545654297,73341877,13.606090545654297
2009-11-09,13.71348897578609,13.889521613461913,13.683368564523454,13.887792587280273,106393299,13.887792587280273
2009-11-10,13.893223606109098,14.042591984501435,13.87520070725115,13.992719650268555,89566463,13.992719650268555
2009-11-11,14.084561601668646,14.15912241574548,13.970497887477338,14.08653736114502,93135792,14.08653736114502
2009-11-12,14.061848348434381,14.144309366849715,13.961611166240008,14.019630432128906,75734813,14.019630432128906
2009-11-13,14.055181481014824,14.134680748921069,13.989015280966143,14.123323440551758,66921903,14.123323440551758
2009-11-16,14.19615665966529,14.245287847450175,14.141347762463102,14.22775936126709,88297726,14.22775936126709
2009-11-17,14.192947403486496,14.257879942857526,14.164556020037951,14.257633209228516,76955370,14.257633209228516
2009-11-18,14.236894607543945,14.28948195836092,14.123819702940674,14.236894607543945,62216331,14.236894607543945
2009-11-19,14.165789579379943,14.171469179501434,14.072712390904277,14.146533012390137,87045048,14.146533012390137
2009-11-20,14.06036758255455,14.112214729052878,14.057898355703356,14.071724891662598,80548789,14.071724891662598
2009-11-23,14.23294498751174,14.482550579404556,14.217391314163915,14.377622604370117,102281946,14.377622604370117
2009-11-24,14.381817911750465,14.42551717657493,14.234177620951128,14.395890235900879,64448667,14.395890235900879
2009-11-25,14.477858614306175,14.493905753635353,14.386015092987357,14.46131706237793,58667077,14.46131706237793
2009-11-27,14.122089592099696,14.38033649663314,14.096659959031452,14.313675880432129,55591593,14.313675880432129
2009-11-30,14.335155433367776,14.410209716795801,14.2482494287601,14.393667221069336,69262644,14.393667221069336
2009-12-01,14.520323898325989,14.596612805546549,14.39366918690596,14.56328296661377,93159882,14.56328296661377
2009-12-02,14.591179288685137,14.640804886537136,14.473166884961882,14.50501537322998,66777363,14.50501537322998
2009-12-03,14.542790208530851,14.602290826882415,14.443047429701895,14.46131706237793,57362205,14.46131706237793
2009-12-04,14.641051985618093,14.685739130958005,14.299357118629842,14.443293571472168,100920864,14.443293571472168
2009-12-07,14.423541670671336,14.534148287573611,14.344291020983567,14.473907470703125,65693315,14.473907470703125
2009-12-08,14.406013751218605,14.582786580179395,14.368981018608414,14.493659019470215,61188493,14.493659019470215
2009-12-09,14.504768314038873,14.549948924476126,14.407987292660541,14.542295455932617,71507025,14.542295455932617
2009-12-10,14.57735532671672,14.682776758376729,14.57661418050205,14.603525161743164,66982128,14.603525161743164
2009-12-11,14.682036584613424,14.683763719991873,14.51044800084644,14.579082489013672,69057879,14.579082489013672
2009-12-14,14.698577633356107,14.746968621614808,14.630930077654599,14.70796012878418,76822876,14.70796012878418
2009-12-15,14.647965886298206,14.724007111406559,14.59093354945757,14.644015312194824,91557900,14.644015312194824
2009-12-16,14.778816480492727,14.822516691838691,14.730426439642637,14.758077621459961,112797213,14.758077621459961
2009-12-17,14.725489017503005,14.755115959152072,14.659322811379791,14.663765907287598,105947635,14.663765907287598
2009-12-18,14.715366376022017,14.786964503492447,14.68993674190236,14.724994659423828,141789477,14.724994659423828
2009-12-21,14.754373777289935,14.809430352627523,14.706478149036519,14.780792236328125,103233500,14.780792236328125
2009-12-22,14.84646300353233,14.85041357723488,14.784988522244182,14.841032028198242,75513988,14.841032028198242
2009-12-23,14.899792744102784,15.131127719232532,14.883743715359582,15.101747512817383,83218760,15.101747512817383
2009-12-24,15.132609159028874,15.295309651216716,15.11631434191496,15.269632339477539,34476745,15.269632339477539
2009-12-28,15.348144703499672,15.455047483291066,15.269633306976248,15.378018379211426,68170566,15.378018379211426
2009-12-29,15.424187808289092,15.426656090052733,15.264944402939818,15.29234790802002,57205620,15.29234790802002
2009-12-30,15.270127756722525,15.374561309814453,15.258030246231925,15.374561309814453,58843737,15.374561309814453
2009-12-31,15.4244349136492,15.440482999527926,15.306668281555176,15.306668281555176,48974884,15.306668281555176
2010-01-04,15.478748658043829,15.541952169383446,15.411841306364558,15.473811149597168,78541293,15.473811149597168
2010-01-05,15.484426390534349,15.500721207311406,15.345180719778984,15.405669212341309,120638494,15.405669212341309
2010-01-06,15.451837363169092,15.451837363169092,14.970403357226918,15.017312049865723,159744526,15.017312049865723
2010-01-07,15.045458608169943,15.060272079498125,14.631917915160626,14.667716979980469,257533695,14.667716979980469
2010-01-08,14.615868634175255,14.893619780838254,14.544518189346652,14.863252639770508,189680313,14.863252639770508
2010-01-11,14.923494694467221,14.923494694467221,14.666235650982335,14.840786933898926,289597429,14.840786933898926
2010-01-12,14.755363909701344,14.767954888270841,14.51711563408013,14.578343391418457,194859654,14.578343391418457
2010-01-13,14.232943005372512,14.526494560937703,14.168999294656837,14.494646072387695,260838034,14.494646072387695
2010-01-14,14.415886031870224,14.6701832752922,14.388975055225181,14.562786102294922,170239717,14.562786102294922
2010-01-15,14.648952646223462,14.654384567383422,14.271211025468032,14.319602012634277,218194794,14.319602012634277
2010-01-19,14.349227307451976,14.576860322690411,14.228004537834439,14.507730484008789,173315202,14.507730484008789
2010-01-20,14.46724094686717,14.46724094686717,14.203315399002042,14.329723358154297,130515377,14.329723358154297
2010-01-21,14.404531480403918,14.487980380919673,14.128261678623932,14.393174171447754,253253712,14.393174171447754
2010-01-22,13.936921743036354,14.087524722694033,13.205140115056292,13.579178810119629,273035583,13.579178810119629
2010-01-25,13.49474320570049,13.575970563192941,13.22119029338739,13.332043647766113,177458675,13.332043647766113
2010-01-26,13.281923975150427,13.56905667736594,13.240447203261427,13.391790390014648,174873019,13.391790390014648
2010-01-27,13.363398979249288,13.520914298600445,13.216252144576979,13.383891105651855,159170382,13.383891105651855
2010-01-28,13.442895770503974,13.504865614229818,13.099966284892332,13.191069602966309,129648138,13.191069602966309
2010-01-29,13.294762097084982,13.356484257873275,12.976767853343478,13.083671569824219,166240784,13.083671569824219
2010-02-01,13.198722225600937,13.228595898903471,13.092558709914057,13.159712791442871,90369462,13.159712791442871
2010-02-02,13.207610645748954,13.207610645748954,13.026147040490871,13.11280632019043,164462143,13.11280632019043
2010-02-03,13.052315938476369,13.383889992515629,13.04145304209276,13.352287292480469,120413655,13.352287292480469
2010-02-04,13.257976811423907,13.28266435358602,12.97553488018129,13.005655288696289,135614418,13.005655288696289
2010-02-05,13.04565203777542,13.171564651161036,12.898998674217646,13.117002487182617,126713179,13.117002487182617
2010-02-08,13.146875764295343,13.381421121949211,13.122927477687364,13.17082405090332,108175956,13.17082405090332
2010-02-09,13.320686741157141,13.369816982118627,13.21032685852866,13.244150161743164,113206742,13.244150161743164
2010-02-10,13.185636265918506,13.277478829660259,13.028120970473772,13.19501781463623,107380987,13.19501781463623
2010-02-11,13.167119997328964,13.344140495668466,13.072809144825749,13.243163108825684,96761331,13.243163108825684
2010-02-12,13.158480866314084,13.261680756361333,13.097498898254434,13.16218376159668,91529795,13.16218376159668
2010-02-16,13.25476565227021,13.434007691006231,13.191315411255035,13.364137649536133,146723904,13.364137649536133
2010-02-17,13.381421032487832,13.415985481917176,13.273036909425626,13.287850379943848,81492313,13.287850379943848
2010-02-18,13.271307432525672,13.455734661541905,13.23674298427065,13.411540985107422,93826371,13.411540985107422
2010-02-19,13.345127589999272,13.431539186455757,13.324636410181414,13.350807189941406,102506786,13.350807189941406
2010-02-22,13.513506378503198,13.517209273372597,13.356731273795296,13.401171684265137,86105539,13.401171684265137
2010-02-23,13.406110751742915,13.421664423449807,13.14169077000932,13.2103271484375,115334688,13.2103271484375
2010-02-24,13.183415496552481,13.293527697036941,13.097745049032294,13.121445655822754,93412827,13.121445655822754
2010-02-25,13.014048101146493,13.047872347762164,12.838263170069427,12.9970121383667,132864148,12.9970121383667
2010-02-26,13.021455275704565,13.128358994477676,12.924180785205964,13.006148338317871,82279251,13.006148338317871
2010-03-01,13.065401640365577,13.166379021262962,13.029354901010066,13.151565551757812,89851528,13.151565551757812
2010-03-02,13.220447211346595,13.471779862216952,13.208842225274399,13.358211517333984,174925214,13.358211517333984
2010-03-03,13.390308025661712,13.532517341109479,13.313526604089288,13.463388442993164,124039193,13.463388442993164
2010-03-04,13.492519911264138,13.730274673842775,13.485113176666387,13.692254066467285,127829347,13.692254066467285
2010-03-05,13.85915259209794,14.01518655943694,13.82335352808839,13.929762840270996,157074555,13.929762840270996
2010-03-08,13.943836239890038,13.953712202423544,13.850758105396984,13.887051582336426,95813793,13.887051582336426
2010-03-09,13.822117424615616,13.94087001458301,13.739408735254631,13.830511093139648,127540267,13.830511093139648
2010-03-10,13.91865392599409,14.282569027875416,13.880385633069794,14.23195743560791,227043838,14.23195743560791
2010-03-11,14.177885411329193,14.472919238037827,14.176405009741764,14.347745895385742,169966698,14.347745895385742
2010-03-12,14.52056889514495,14.524025056377136,14.298862202273085,14.308243751525879,110548817,14.308243751525879
2010-03-15,13.990742802252814,14.059131492657169,13.727064947002912,13.904332160949707,186853758,13.904332160949707
2010-03-16,13.87100239133855,14.033701925400042,13.844584880840149,13.954203605651855,137774484,13.954203605651855
2010-03-17,14.030742262177256,14.108512518237049,13.930751797909,13.963093757629395,133362007,13.963093757629395
2010-03-18,13.942354640897973,14.03419816024767,13.898902108146785,13.983832359313965,71354455,13.983832359313965
2010-03-19,13.825822830200195,14.023334517393087,13.758668743113864,13.825822830200195,192486794,13.825822830200195
2010-03-22,13.729782359141065,13.994941589319387,13.684601746972003,13.764100074768066,160792439,13.764100074768066
2010-03-23,13.752742644563364,13.784097665826504,13.381420843068216,13.554243087768555,220876809,13.554243087768555
2010-03-24,13.46808040661895,13.822120488776479,13.324637410428354,13.759903907775879,263592319,13.759903907775879
2010-03-25,13.801628149084587,14.122090708738547,13.79274006622167,13.896927833557129,157825359,13.896927833557129
2010-03-26,13.955931765372597,14.008272374142296,13.8263153294266,13.892233848571777,108252241,13.892233848571777
2010-03-29,13.899890398126761,13.942356000521267,13.839896307951507,13.886312484741211,124645457,13.886312484741211
2010-03-30,13.895692451081347,14.01420022409111,13.832735669339714,13.991486549377441,79412546,13.991486549377441
2010-03-31,13.950500950048383,14.066292751197603,13.89519764309311,14.001607894897461,121686407,14.001607894897461
2010-04-01,14.106040917921352,14.157888061685075,13.962844674895486,14.043084144592285,84423257,14.043084144592285
2010-04-05,14.094931706525418,14.1931931309783,14.048022069472411,14.097647666931152,76345092,14.097647666931152
2010-04-06,14.059379553405618,14.09468514844081,13.95914236813327,14.028765678405762,82712870,14.028765678405762
2010-04-07,14.006050854349708,14.041850861426852,13.87174363477033,13.913220405578613,103626969,13.913220405578613
2010-04-08,13.907789984538343,14.06900913559003,13.827057042202101,14.0107421875,78191988,14.0107421875
2010-04-09,14.010742313914607,14.042345015131827,13.924578395124751,13.979388236999512,82572346,13.979388236999512
2010-04-12,14.007286998140517,14.17146980005358,13.979389080942651,14.140113830566406,94448695,14.140113830566406
2010-04-13,14.135174081198874,14.538837811566651,14.100608689218546,14.48674488067627,157078570,14.48674488067627
2010-04-14,14.567973195665823,14.62426344114477,14.418604814829466,14.541803359985352,136618166,14.541803359985352
2010-04-15,14.620067042261752,14.76005387272565,14.5242738918605,14.697343826293945,271485795,14.697343826293945
2010-04-16,13.899888997905904,14.043331985849889,13.56979816836982,13.582635879516602,491254466,13.582635879516602
2010-04-19,13.548071989235178,13.677441703553864,13.4554882719445,13.581401824951172,156343827,13.581401824951172
2010-04-20,13.68188532185096,13.81742715375501,13.605102011793402,13.703365325927734,119542401,13.703365325927734
2010-04-21,13.738422368079615,13.83199301099835,13.632258858506468,13.685093879699707,96018557,13.685093879699707
2010-04-22,13.628310636434993,13.640654880090814,13.41475087262744,13.50634765625,131719875,13.50634765625
2010-04-23,13.511037968472596,13.562143967356858,13.38808711268215,13.455240249633789,83889263,13.455240249633789
2010-04-26,13.454747628128736,13.45524109538044,13.06564964549891,13.125643730163574,175407013,13.125643730163574
2010-04-27,13.059229954635766,13.290813570609743,13.016765301123348,13.061945915222168,154364435,13.061945915222168
2010-04-28,13.137000856898382,13.204401680948875,12.863694665414553,13.065156936645508,136754676,13.065156936645508
2010-04-29,13.16835621640535,13.24563205451931,13.002939752456694,13.134531021118164,122814620,13.134531021118164
2010-04-30,13.11305198637534,13.274763653193638,12.972571699554187,12.97899055480957,97781139,12.97899055480957
2010-05-03,12.998742873991105,13.157246074871225,12.963684954742119,13.099967002868652,74590540,13.099967002868652
2010-05-04,12.999234921814054,13.004666842590868,12.44842435308839,12.501751899719238,243963019,12.501751899719238
2010-05-05,12.36867907688906,12.732595102211356,12.35608809932458,12.58544921875,183975008,12.58544921875
2010-05-06,12.560513747796218,12.777035277349515,11.3569262634739,12.31164836883545,200753664,12.31164836883545
2010-05-07,12.343744341879724,12.475830026058572,11.883541683144418,12.175118446350098,204322993,12.175118446350098
2010-05-10,12.689388244188015,12.907886448526748,12.65556494298768,12.878999710083008,165738910,12.878999710083008
2010-05-11,12.731361397897347,12.835302434991107,12.547429503105834,12.567920684814453,133402157,12.567920684814453
2010-05-12,12.641737100241027,12.641737100241027,12.393859661228223,12.477556228637695,154649500,12.477556228637695
2010-05-13,12.75185226157306,12.887641777175428,12.600509074663712,12.613100051879883,133530637,12.613100051879883
2010-05-14,12.585695956251723,12.615816365237613,12.251901285142766,12.53039264678955,165257111,12.53039264678955
2010-05-17,12.511874790421194,12.550883280228616,12.303746951797168,12.541254997253418,112170874,12.541254997253418
2010-05-18,12.591372920292144,12.61532215122802,12.272145005323647,12.304240226745605,113443627,12.304240226745605
2010-05-19,12.252147967109146,12.330658417041084,12.041797627004328,12.2069673538208,138344613,12.2069673538208
2010-05-20,11.975878551084309,11.988469529016443,11.697633915023113,11.727507591247559,197268650,11.727507591247559
2010-05-21,11.580607856878105,11.974150847826476,11.46555718974209,11.654428482055664,389084940,11.654428482055664
2010-05-24,11.868727829630942,12.092410295950582,11.771701012781493,11.780588150024414,174475535,11.780588150024414
2010-05-25,11.558140729432402,11.78774859272735,11.455929666590418,11.778367042541504,121148398,11.778367042541504
2010-05-26,11.90181117065754,12.091669376081294,11.727259902546926,11.738863945007324,139545096,11.738863945007324
2010-05-27,11.972915317772744,12.154626593934223,11.876628704020904,12.108951568603516,112785168,12.108951568603516
2010-05-28,12.165241358845892,12.182769842626568,11.924770640384581,11.989702224731445,116226017,11.989702224731445
2010-06-01,11.861321263248046,12.123763579863974,11.85366684929775,11.909217834472656,107071833,11.909217834472656
2010-06-02,12.015627836483405,12.193141821812814,11.886752520535838,12.180797576904297,102012942,12.180797576904297
2010-06-03,12.223753324757435,12.541994287144863,12.213631575289805,12.482741355895996,146575349,12.482741355895996
2010-06-04,12.337570901280909,12.572856447842975,12.263010084741703,12.312881469726562,157399770,12.312881469726562
2010-06-07,12.32127716636347,12.366952193346975,11.928475337527821,11.98698902130127,145852650,11.98698902130127
2010-06-08,12.044513006148375,12.068954759128587,11.789969944875692,11.968717575073242,107806577,11.968717575073242
2010-06-09,12.02896037735859,12.069944633161478,11.6531944782061,11.703065872192383,109569158,11.703065872192383
2010-06-10,11.859839041600985,12.060560143306787,11.74799781509371,12.023774147033691,103502504,12.023774147033691
2010-06-11,11.912428357162527,12.065746367761639,11.890701617383394,12.060561180114746,71535130,12.060561180114746
2010-06-14,12.208200515391946,12.208693982618483,11.929462432861328,11.929462432861328,81921917,11.929462432861328
2010-06-15,11.926746567006132,12.354360501019682,11.904527306882521,12.294859886169434,171022641,12.294859886169434
2010-06-16,12.24992661879293,12.443241012869821,12.248445271573878,12.375840187072754,91915234,12.375840187072754
2010-06-17,12.42966154792502,12.489407951182127,12.26276374563968,12.346458435058594,79388456,12.346458435058594
2010-06-18,12.406454032611324,12.430155586246304,12.298315694151727,12.34522533416748,115346733,12.34522533416748
2010-06-21,12.342015901527432,12.368432470389822,11.971435228516844,12.062043190002441,119787316,12.062043190002441
2010-06-22,12.095125090124316,12.26054059111388,11.992171949475274,12.005010604858398,89120799,12.005010604858398
2010-06-23,12.020812308437424,12.020812308437424,11.805277721304137,11.901318550109863,81468223,11.901318550109863
2010-06-24,11.842311076354658,11.918599032656465,11.684301352020757,11.729728698730469,76027907,11.729728698730469
2010-06-25,11.778117428155394,11.792684163651078,11.617639440126252,11.6699800491333,90144622,11.6699800491333
2010-06-28,11.667759502127579,11.790216893553009,11.579373092532686,11.655167579650879,70756221,11.655167579650879
2010-06-29,11.441857050236058,11.469261501454188,11.137688344653242,11.215211868286133,140609069,11.215211868286133
2010-06-30,11.23249264450107,11.303350566103493,10.979677668209952,10.985355377197266,144668227,10.985355377197266
2010-07-01,10.993749762772751,11.070533070709148,10.705876877430228,10.850554466247559,141070793,10.850554466247559
2010-07-02,10.903141750823794,10.919435621874612,10.764389550575254,10.777968406677246,77730264,10.777968406677246
2010-07-06,10.961904555228006,11.052512534708809,10.705880080108,10.766120910644531,102787835,10.766120910644531
2010-07-07,10.821421514575537,11.141884048281067,10.749083189359364,11.114973068237305,125657235,11.114973068237305
2010-07-08,11.197682402813186,11.291007278486953,11.101642511662114,11.27199649810791,107156148,11.27199649810791
2010-07-09,11.652206159966507,11.684301383095555,11.425561002380903,11.54184627532959,173909421,11.54184627532959
2010-07-12,11.662326574141495,11.8368778303739,11.630478088285091,11.747750282287598,133875926,11.747750282287598
2010-07-13,11.906255080254278,12.171414322312048,11.85761830458365,12.07784366607666,159648166,12.07784366607666
2010-07-14,12.094632372205623,12.192153598284307,12.010195590583658,12.130677223205566,125187481,12.130677223205566
2010-07-15,12.140306180847677,12.213632385319118,11.916871406182974,12.196844100952148,195056389,12.196844100952148
2010-07-16,11.582089770210736,11.61764115593938,11.345075175095475,11.347297668457031,314165171,11.347297668457031
2010-07-19,11.381862670770618,11.595174776829396,11.295698744891881,11.509504318237305,182694226,11.509504318237305
2010-07-20,11.382354572664603,11.924524737124635,11.371738410084312,11.889960289001465,162787890,11.889960289001465
2010-07-21,11.949461340003577,11.991431579303306,11.737876390799217,11.788982391357422,131675710,11.788982391357422
2010-07-22,11.930449145678358,12.07241172326425,11.911932780952979,11.96945858001709,86230004,11.96945858001709
2010-07-23,11.86971516058181,12.112160715359972,11.850951116439976,12.099076271057129,90915501,12.099076271057129
2010-07-26,12.075128191871345,12.116111500013023,11.9711871563378,12.072166442871094,80107140,12.072166442871094
2010-07-27,12.111914549392024,12.282761987575801,12.101792798671962,12.162527084350586,98415508,12.162527084350586
2010-07-28,12.219558573146777,12.227212042324707,11.916625452519463,11.958102226257324,100214225,11.958102226257324
2010-07-29,11.997604246007,12.069942570088763,11.834163554055511,11.973901748657227,107421137,11.973901748657227
2010-07-30,11.842064744736389,12.03241643219828,11.829472821510134,11.970446586608887,86085465,11.970446586608887
2010-08-02,12.072658644576919,12.17857353811455,12.02204611246657,12.10771656036377,74626675,12.10771656036377
2010-08-03,12.109938682434747,12.158328719870417,12.017601703131659,12.093396186828613,72362219,12.093396186828613
2010-08-04,12.15141624908233,12.517307083800656,12.12351738844213,12.500518798828125,153071607,12.500518798828125
2010-08-05,12.489901951820231,12.55680835442555,12.432377098341796,12.544464111328125,97178890,12.544464111328125
2010-08-06,12.477804816236397,12.486198485844792,12.24696330390346,12.349915504455566,133277692,12.349915504455566
2010-08-09,12.400035436412736,12.480273969897281,12.378061963047262,12.476570129394531,75168699,12.476570129394531
2010-08-10,12.402504361974175,12.492618855936254,12.309178549512344,12.436080932617188,83270954,12.436080932617188
2010-08-11,12.288440503590946,12.295107038126478,12.134628086101156,12.14055347442627,89253294,12.14055347442627
2010-08-12,11.947978953893973,12.2148672090949,11.912674303926794,12.14721965789795,88514535,12.14721965789795
2010-08-13,12.072906630380585,12.126975329353218,11.99908695094401,12.00748062133789,77678069,12.00748062133789
2010-08-16,11.941561646773815,12.09438714516673,11.863050243555804,11.988717079162598,52395658,11.988717079162598
2010-08-17,12.061300489493794,12.21363154236271,11.99957833177366,12.110431671142578,75911472,12.110431671142578
2010-08-18,12.108458362603137,12.11907452672219,11.888974132474788,11.903786659240723,107858771,11.903786659240723
2010-08-19,11.875641493422936,11.91267517208349,11.535920474962909,11.55369758605957,157588475,11.55369758605957
2010-08-20,11.553695585740979,11.64306892098224,11.382107025437604,11.4067964553833,157291365,11.4067964553833
2010-08-23,11.393958662890372,11.56060878261359,11.300881480710117,11.457408905029297,119895720,11.457408905029297
2010-08-24,11.300141100626563,11.316682652381147,11.132749823384355,11.144353866577148,110922211,11.144353866577148
2010-08-25,11.110034487404741,11.302855370168292,11.110034487404741,11.22409725189209,104072633,11.22409725189209
2010-08-26,11.259650698554818,11.289277639123165,11.12089943579226,11.134230613708496,71346425,11.134230613708496
2010-08-27,11.173239817720855,11.356678221153416,11.052016097514883,11.328038215637207,92842698,11.328038215637207
2010-08-30,11.335938933839664,11.351000082195958,11.169782288114341,11.176448822021484,49440624,11.176448822021484
2010-08-31,11.112749548244206,11.230269419499734,11.060656618947373,11.110528945922852,78163883,11.110528945922852
2010-09-01,11.232986575114609,11.478889239186538,11.171757879049029,11.365072250366211,129616018,11.365072250366211
2010-09-02,11.427040672780288,11.466296837255513,11.36457737104883,11.435434341430664,67620512,11.435434341430664
2010-09-03,11.61665228848192,11.650228854233054,11.540610130352084,11.611221313476562,101996882,11.611221313476562
2010-09-07,11.46802632544277,11.54431617708625,11.431487058943919,11.465557098388672,68652365,11.465557098388672
2010-09-08,11.485061882828106,11.665537606178756,11.468272651999564,11.618134498596191,96432101,11.618134498596191
2010-09-09,11.797130002892766,11.860580245636815,11.618133747546073,11.756393432617188,97588419,11.756393432617188
2010-09-10,11.826511992536217,11.845521827660317,11.729236542027996,11.755406379699707,79268006,11.755406379699707
2010-09-13,11.87292452380861,11.958101504819785,11.839101221289257,11.90674877166748,89996068,11.90674877166748
2010-09-14,11.90032899377586,11.967977489622962,11.852680100753537,11.861321449279785,88992319,11.861321449279785
2010-09-15,11.849469652557588,11.897366220408312,11.81366964812647,11.866504669189453,96472251,11.866504669189453
2010-09-16,11.849471428371027,11.911192649379686,11.836138358971331,11.876875877380371,79075287,11.876875877380371
2010-09-17,11.943288597797645,12.127221425291655,11.879838351875549,12.101297378540039,226509844,12.101297378540039
2010-09-20,12.15931773407571,12.601496536961658,12.148453891728014,12.548909187316895,176800216,12.548909187316895
2010-09-21,12.583472048828982,12.837769306599027,12.56446127246103,12.676795959472656,179321632,12.676795959472656
2010-09-22,12.661983210037047,12.78345366441211,12.632850682506762,12.739506721496582,101864387,12.739506721496582
2010-09-23,12.70519073130423,12.830610821823587,12.62346990743004,12.677291870117188,93043447,12.677291870117188
2010-09-24,12.881222515926654,13.031578774662831,12.795305329034246,13.0182466506958,134779299,13.0182466506958
2010-09-27,13.056761807397816,13.254273496600174,13.056761807397816,13.095276832580566,124761892,13.095276832580566
2010-09-28,13.17107177980323,13.173787740511552,12.79999667614926,13.015284538269043,146735949,13.015284538269043
2010-09-29,13.032072530730849,13.157740304020944,12.95454901216955,13.028122901916504,87213678,13.028122901916504
2010-09-30,13.064414785323418,13.131322136946295,12.811599794838497,12.981212615966797,130250387,12.981212615966797
2010-10-01,13.085153832727244,13.100460770857142,12.912330636015566,12.977015495300293,89333594,12.977015495300293
2010-10-04,12.960473573228239,13.041946709459303,12.809870598127208,12.896281242370605,77910939,12.896281242370605
2010-10-05,13.045156732430076,13.332042693551074,12.99997517609966,13.28834342956543,140809819,13.28834342956543
2010-10-06,13.313773429671638,13.330808448032561,13.083672115622878,13.192549705505371,110906151,13.192549705505371
2010-10-07,13.23846992385298,13.262912619940654,13.063918671671189,13.08539867401123,96191202,13.08539867401123
2010-10-08,13.153541685250257,13.272789645487588,13.026392577492544,13.241927146911621,114796679,13.241927146911621
2010-10-11,13.294516725227927,13.445613187768958,13.262173821866817,13.303404808044434,105445761,13.303404808044434
2010-10-12,13.335005649142948,13.479929989825486,13.277480789681531,13.366361618041992,150706777,13.366361618041992
2010-10-13,13.50486515621117,13.516962666062192,13.389567766864449,13.413516998291016,122682126,13.413516998291016
2010-10-14,13.43524284444053,13.461661304659742,13.260692506279213,13.35500431060791,266358649,13.35500431060791
2010-10-15,14.795356358396457,14.85386908852208,14.605991633335321,14.849178314208984,595214680,14.849178314208984
2010-10-18,14.82696126084285,15.299507212837828,14.82696126084285,15.25062370300293,284992232,15.25062370300293
2010-10-19,15.031878648370993,15.179272213880775,14.883991615601943,15.006695747375488,184203863,15.006695747375488
2010-10-20,15.014348493309132,15.242475938396524,14.998548088377918,15.010398864746094,141532518,15.010398864746094
2010-10-21,15.097551871644377,15.20840522308304,14.9615146746421,15.10940170288086,117257870,15.10940170288086
2010-10-22,15.107672920841742,15.17927104421827,15.061504430130832,15.122734069824219,90582257,15.122734069824219
2010-10-25,15.19828291476645,15.4241869309984,15.182975976411925,15.220749855041504,126809538,15.220749855041504
2010-10-26,15.13680589814148,15.337527005035083,15.085700843020518,15.27259635925293,100892759,15.27259635925293
2010-10-27,15.202725200358676,15.30715874152789,15.117794957652984,15.22000789642334,90012128,15.22000789642334
2010-10-28,15.308393930976973,15.331848749279002,15.141743812110677,15.272101402282715,87699492,15.272101402282715
2010-10-29,15.234821123526256,15.282471906703003,15.134090472385553,15.151618957519531,91473585,15.151618957519531
2010-11-01,15.201740628447114,15.323457837505547,15.090147061902034,15.183717727661133,123946848,15.183717727661133
2010-11-02,15.274323732337418,15.307160101506085,15.173346343273927,15.198529243469238,80203500,15.198529243469238
2010-11-03,15.245439238032402,15.352341072530779,15.146682449261837,15.311604499816895,135726838,15.311604499816895
2010-11-04,15.421717221797106,15.5520748180418,15.359007177890598,15.412583351135254,143367369,15.412583351135254
2010-11-05,15.3856703503541,15.442702680983304,15.334564352904318,15.432579040527344,70892731,15.432579040527344
2010-11-08,15.406409914886208,15.541458282707065,15.384436443081341,15.47430419921875,84367048,15.47430419921875
2010-11-09,15.55405108492149,15.575035732775333,15.319752452973391,15.426161766052246,89823423,15.426161766052246
2010-11-10,15.358512496006519,15.38122616740335,15.245684339825784,15.378263473510742,100254375,15.378263473510742
2010-11-11,15.299752325784784,15.303456165878481,15.164210496077246,15.237783432006836,90803081,15.237783432006836
2010-11-12,15.15877888648307,15.230624688651895,14.84325386616614,14.894607543945312,136228712,14.894607543945312
2010-11-15,14.889423396453385,14.912138015598845,14.666482075398278,14.701539993286133,139677591,14.701539993286133
2010-11-16,14.634632696798143,14.761286448441234,14.404778121436253,14.411443710327148,132791878,14.411443710327148
2010-11-17,14.443046605755532,14.554147633270853,14.353424637556746,14.407247543334961,98066204,14.407247543334961
2010-11-18,14.541801991735944,14.81288659975524,14.530938150268518,14.728449821472168,103988318,14.728449821472168
2010-11-19,14.739313807405711,14.761287280233747,14.574886170323257,14.586983680725098,92244464,14.586983680725098
2010-11-22,14.504028255654976,14.651421819257434,14.387497192828125,14.596611976623535,87791837,14.596611976623535
2010-11-23,14.492671005004155,14.542048923477836,14.275160673837,14.393914222717285,86828238,14.393914222717285
2010-11-24,14.500077621731526,14.729438727088095,14.49365782119128,14.689194679260254,96215292,14.689194679260254
2010-11-26,14.577848436203617,14.640065012447574,14.492424719682319,14.56649112701416,52640573,14.56649112701416
2010-11-29,14.545999114227254,14.561553731078144,14.318367024158393,14.371695518493652,114816754,14.371695518493652
2010-11-30,14.179369247218164,14.179369247218164,13.660652923419773,13.7199068069458,285763111,13.7199068069458
2010-12-01,13.899888167645807,14.111473108701329,13.885074697715462,13.933218002319336,150726852,13.933218002319336
2010-12-02,14.039628285413869,14.154925672194832,13.957907466994769,14.117645263671875,102298006,14.117645263671875
2010-12-03,14.05913379971714,14.232697202257333,14.023334734957556,14.146780014038086,105642495,14.146780014038086
2010-12-06,14.333673067542996,14.368979606615156,14.235905112702529,14.2791109085083,84065923,14.2791109085083
2010-12-07,14.597846349759429,14.640558681277971,14.467735486224768,14.495881080627441,122144116,14.495881080627441
2010-12-08,14.615129090210353,14.62870794753693,14.410704138763279,14.57982349395752,70539412,14.57982349395752
2010-12-09,14.662285578084376,14.70425581850879,14.54180299656195,14.603525161743164,75036204,14.603525161743164
2010-12-10,14.644015056663058,14.665000649625648,14.573651542297931,14.621054649353027,68443585,14.621054649353027
2010-12-13,14.742277509369233,14.88744858014565,14.667469953326187,14.68055534362793,96299607,14.68055534362793
2010-12-14,14.74153654033875,14.771163482759349,14.627720490989269,14.687714576721191,65978380,14.687714576721191
2010-12-15,14.670184916921261,14.725734956847216,14.545505035096372,14.573897361755371,87033003,14.573897361755371
2010-12-16,14.636854919728716,14.659568591736148,14.518840628054194,14.608708381652832,64115423,14.608708381652832
2010-12-17,14.591178276378109,14.629694241574965,14.50896399512145,14.586240768432617,123946848,14.586240768432617
2010-12-20,14.681294037026746,14.761039093445751,14.533407020856272,14.691415786743164,79227857,14.691415786743164
2010-12-21,14.778076283491181,14.92991388592246,14.754373784965127,14.889176368713379,75461793,14.889176368713379
2010-12-22,14.912138065893577,14.986204475974734,14.894360955253033,14.94892406463623,48481040,14.94892406463623
2010-12-23,14.945220601569021,14.96151447380279,14.863499780083732,14.917815208435059,44598542,14.917815208435059
2010-12-27,14.88102897547076,14.906705343818887,14.801037176180847,14.87214183807373,48505130,14.87214183807373
2010-12-28,14.863993241480205,14.908927120263636,14.764249521789926,14.78671646118164,42751645,14.78671646118164
2010-12-29,14.862758392774769,14.87288014237331,14.786715286609965,14.838068962097168,40920808,14.838068962097168
2010-12-30,14.76400308691455,14.846217377268632,14.748942882475783,14.785236358642578,39728356,14.785236358642578
2010-12-31,14.732896569111135,14.774374289717677,14.616610344026565,14.664507865905762,61802787,14.664507865905762
2011-01-03,14.726476958840445,14.951393106447838,14.726476958840445,14.92077922821045,94962614,14.92077922821045
2011-01-04,14.95213328713513,14.965957931963654,14.816342830867429,14.865720748901367,73253547,14.865720748901367
2011-01-05,14.815109491528263,15.068417942514126,14.81461602429901,15.037310600280762,101671667,15.037310600280762
2011-01-06,15.07705752541506,15.26839801513842,15.06150385514462,15.14668083190918,82620526,15.14668083190918
2011-01-07,15.206181494181982,15.263954025295652,15.063479664960669,15.219265937805176,84363033,15.219265937805176
2011-01-10,15.17877801003066,15.193344746867963,15.024718862638577,15.16421127319336,63404769,15.16421127319336
2011-01-11,15.250622726781206,15.277533706966723,15.171371133256326,15.208651542663574,57787794,15.208651542663574
2011-01-12,15.291111878419635,15.291111878419635,15.178036041850374,15.22988224029541,65552790,15.22988224029541
2011-01-13,15.232352348007659,15.29901296530033,15.162976715571196,15.22544002532959,53560006,15.22544002532959
2011-01-14,15.242970955768502,15.41258473711716,15.235070752499484,15.410362243652344,94978674,15.410362243652344
2011-01-18,15.456775978190501,15.850071281549246,15.437271731685637,15.7918062210083,145222296,15.7918062210083
2011-01-19,15.853280105006494,15.874018017654299,15.545655287093961,15.597254753112793,136754676,15.597254753112793
2011-01-20,15.60861236619538,15.654780857677316,15.388387016935779,15.47430419921875,220254485,15.47430419921875
2011-01-21,15.790570328394287,15.843652087641093,15.093847541285067,15.105451583862305,357511035,15.105451583862305
2011-01-24,15.00027765602288,15.121746227503703,14.843748330727959,15.086935043334961,184657557,15.086935043334961
2011-01-25,15.015830807350076,15.324195836306057,14.974353090001642,15.304939270019531,146418764,15.304939270019531
2011-01-26,15.315308391099425,15.368636887051473,15.190629445589188,15.220749855041504,81829572,15.220749855041504
2011-01-27,15.255067757371501,15.299753959496101,15.140510561271201,15.227910041809082,81070738,15.227910041809082
2011-01-28,15.284199975387665,15.316049410654294,14.807456724968315,14.837823867797852,169878368,14.837823867797852
2011-01-31,14.902260274721902,14.923739332488413,14.70351399829411,14.82226848602295,112616538,14.82226848602295
2011-02-01,14.924234424213356,15.142979380631251,14.890164386531572,15.08594799041748,110223602,15.08594799041748
2011-02-02,15.0849602164505,15.167422186701334,14.999288818376654,15.109648704528809,70691981,15.109648704528809
2011-02-03,15.047432829052406,15.096069603545239,14.964725071848614,15.063974380493164,60028160,15.063974380493164
2011-02-04,15.063973847501055,15.095822335803796,14.97657437320443,15.084465026855469,62264511,15.084465026855469
2011-02-07,15.064221063871866,15.26741045532891,15.040766244382334,15.166186332702637,72253814,15.166186332702637
2011-02-08,15.181987243685398,15.298026731551214,15.171618759193366,15.26716423034668,68050116,15.26716423034668
2011-02-09,15.229883725988975,15.293581651709475,15.118043437210012,15.220749855041504,73976246,15.220749855041504
2011-02-10,15.156556843972025,15.24543766106998,15.098784312858353,15.219265937805176,93725996,15.219265937805176
2011-02-11,15.153842487178359,15.430605772138462,15.134338241141261,15.418261528015137,103984303,15.418261528015137
2011-02-14,15.389620672093683,15.545161164560895,15.308147530963009,15.50837516784668,85439051,15.50837516784668
2011-02-15,15.487884948688853,15.556272704433585,15.383697183128897,15.40962028503418,83993653,15.40962028503418
2011-02-16,15.446159516971587,15.467637630820576,15.359006776128014,15.411347389221191,67612482,15.411347389221191
2011-02-17,15.338021542501453,15.486155303093499,15.314073255932437,15.437024116516113,59373716,15.437024116516113
2011-02-18,15.455293901859225,15.583182264307618,15.41036002514229,15.556024551391602,129198459,15.556024551391602
2011-02-22,15.307901963323232,15.428878016161091,15.005215570265054,15.06545639038086,146141730,15.06545639038086
2011-02-23,15.068418467730503,15.17630912552838,14.912137768914496,15.092860221862793,116017237,15.092860221862793
2011-02-24,15.094588667067656,15.136559853537193,14.84671117699654,15.03113842010498,108874565,15.03113842010498
2011-02-25,15.106193151726131,15.176803402696125,15.04792714529266,15.061259269714355,77585724,15.061259269714355
2011-02-28,15.060270350116005,15.220501610353516,15.01113822140309,15.144211769104004,91602065,15.144211769104004
2011-03-01,15.25235103154373,15.28790430836947,14.796099892163271,14.832145690917969,133426247,14.832145690917969
2011-03-02,14.808443995528137,14.9615152719603,14.694627945401516,14.832886695861816,81371863,14.832886695861816
2011-03-03,14.970896559035632,15.09705684329275,14.936824632429698,15.049407005310059,78103658,15.049407005310059
2011-03-04,15.019040291581566,15.035088375553594,14.818319183810086,14.82868766784668,120891439,14.82868766784668
2011-03-07,14.826960431498321,14.904482999662795,14.492424623932001,14.607475280761719,139027162,14.607475280761719
2011-03-08,14.638830651182605,14.763510547488766,14.57142982740779,14.623523712158203,91738575,14.623523712158203
2011-03-09,14.591180574223364,14.67783985521951,14.461565061870559,14.61019229888916,86362499,14.61019229888916
2011-03-10,14.453909681260777,14.483042209721528,14.306022655030347,14.327008247375488,125592995,14.327008247375488
2011-03-11,14.275655118969551,14.319601116735775,14.154925810244007,14.238374710083008,121734587,14.238374710083008
2011-03-14,14.141841519589523,14.277383354556557,14.023828169993141,14.072464942932129,113066217,14.072464942932129
2011-03-15,13.764100715119909,14.097401924823728,13.714722793139327,14.061849594116211,160824559,14.061849594116211
2011-03-16,14.02358032856623,14.067526323337859,13.610533164938373,13.754222869873047,152509508,13.754222869873047
2011-03-17,13.93642985568746,14.048023413897717,13.839155356371286,13.859400749206543,116406692,13.859400749206543
2011-03-18,13.940378069217484,14.023086767607358,13.819402973116716,13.8519926071167,132438559,13.8519926071167
2011-03-21,14.078142558581535,14.314663668772063,14.048515618237042,14.233189582824707,121288923,14.233189582824707
2011-03-22,14.252201475061183,14.300591517848632,14.13468252962321,14.253436088562012,75758903,14.253436088562012
2011-03-23,14.200847528861008,14.380090528633524,14.12209034397834,14.372930526733398,72920303,14.372930526733398
2011-03-24,14.453663109542303,14.526743533260158,14.289975665778634,14.489709854125977,84262658,14.489709854125977
2011-03-25,14.489463152209883,14.490203353124382,14.300838594520037,14.313183784484863,114764559,14.313183784484863
2011-03-28,14.370708915431042,14.44280146077285,14.188998568229108,14.205046653747559,89068604,14.205046653747559
2011-03-29,14.220844161141192,14.366261945053527,14.14702449534902,14.362312316894531,64432607,14.362312316894531
2011-03-30,14.4277384310541,14.455390556900724,14.333920102607332,14.365029335021973,57105245,14.365029335021973
2011-03-31,14.39366743048942,14.52106327262469,14.362560088795894,14.48649787902832,81480268,14.48649787902832
2011-04-01,14.535878058842611,14.694627990656324,14.535878058842611,14.610932350158691,104919797,14.610932350158691
2011-04-04,14.640557964451695,14.683516082149767,14.396136654577417,14.509212493896484,82488031,14.509212493896484
2011-04-05,14.346266077688552,14.35638782831831,13.966055234825443,14.05024528503418,242806701,14.05024528503418
2011-04-06,14.12653493340107,14.200107878938683,14.02333504460278,14.175912857055664,107132058,14.175912857055664
2011-04-07,14.214180579986282,14.335403363519893,14.176159022545692,14.319602012634277,101639547,14.319602012634277
2011-04-08,14.440330389663108,14.440330389663108,14.271705455119749,14.274173736572266,76357137,14.274173736572266
2011-04-11,14.225784354237039,14.272693996530014,14.146780432071292,14.254671096801758,74606600,14.254671096801758
2011-04-12,14.196157455408628,14.243313831489013,14.024569806991837,14.087773323059082,83736694,14.087773323059082
2011-04-13,14.20874952798828,14.260348052033432,14.115918128209785,14.22775936126709,83086265,14.22775936126709
2011-04-14,14.200848370309663,14.306024021036295,14.12456040786246,14.282815933227539,219070062,14.282815933227539
2011-04-15,13.462647284329885,13.474004593374543,13.086634707190752,13.102435111999512,563853569,13.102435111999512
2011-04-18,12.996765962028098,13.02738078241983,12.813574288265814,13.007135391235352,202347616,13.007135391235352
2011-04-19,13.083916765558019,13.106877168446964,12.860482021469846,12.876035690307617,107766427,12.876035690307617
2011-04-20,12.983927913443681,13.006641585526737,12.872581100845247,12.979730606079102,122858785,12.979730606079102
2011-04-21,13.023185236595085,13.042689482817549,12.897270731185952,12.964178085327148,99174342,12.964178085327148
2011-04-25,12.967882484942573,13.011087341647698,12.887889736880645,12.962944030761719,65476506,12.962944030761719
2011-04-26,12.99923418507386,13.268838378304464,12.96689128653498,13.15477466583252,140524754,13.15477466583252
2011-04-27,13.282664517145848,13.28538142302552,13.192550024111886,13.276740074157715,92280599,13.276740074157715
2011-04-28,13.284145787188995,13.31352599294254,13.18588342009718,13.281923294067383,80299860,13.281923294067383
2011-04-29,13.332043477525566,13.433268547058105,13.295256533841624,13.433268547058105,169773978,13.433268547058105
2011-05-02,13.472770021565832,13.473511167755154,13.260939285651219,13.296490669250488,85667905,13.296490669250488
2011-05-03,13.261186092298427,13.381667725024043,13.07601865672865,13.181193351745605,83572079,13.181193351745605
2011-05-04,13.212796699237197,13.30735429059546,13.159713991214712,13.228103637695312,84997401,13.228103637695312
2011-05-05,13.180452904146948,13.317722819058734,13.122185957818584,13.19057559967041,80211530,13.19057559967041
2011-05-06,13.286366924098989,13.368087738411845,13.213041669463994,13.21600341796875,82552271,13.21600341796875
2011-05-09,13.208597856138248,13.294762718867922,13.112311242991701,13.274764060974121,78240168,13.274764060974121
2011-05-10,13.332042824110852,13.441414824621267,13.271307596300103,13.397714614868164,82022292,13.397714614868164
2011-05-11,13.335500238178673,13.419688395954442,13.17625590255116,13.219707489013672,93902656,13.219707489013672
2011-05-12,13.214522966148442,13.256494150004555,13.107619246918555,13.209832191467285,58149143,13.209832191467285
2011-05-13,13.198968933946409,13.231311833941454,13.06169807718201,13.074042320251465,84664157,13.074042320251465
2011-05-16,12.994050112966741,13.017751663919302,12.749382080508745,12.799253463745117,118771522,12.799253463745117
2011-05-17,12.725433932075756,13.11527302294867,12.7155589159662,13.096508979797363,132639308,13.096508979797363
2011-05-18,13.073794968302138,13.093299211751615,12.978989711283052,13.080461502075195,78420843,13.080461502075195
2011-05-19,13.152555666328642,13.246621693100348,13.078242512572308,13.11601734161377,99118132,13.11601734161377
2011-05-20,13.129593392668562,13.134284167590527,12.915541100285308,12.937761306762695,93047462,12.937761306762695
2011-05-23,12.754320687903638,12.838264003209495,12.675316771704429,12.798514366149902,92344839,12.798514366149902
2011-05-24,12.847399134150526,12.936032281096754,12.792589291504616,12.795305252075195,76284867,12.795305252075195
2011-05-25,12.772342790745984,12.906649997182354,12.770367031372619,12.83011531829834,52259149,12.83011531829834
2011-05-26,12.781479020756446,12.89060524140069,12.714820290409868,12.792095184326172,85057626,12.792095184326172
2011-05-27,12.800736773899274,12.8824575953961,12.746913867438343,12.86048412322998,70093747,12.86048412322998
2011-05-31,12.96170955345158,13.06170001691014,12.924675873404036,13.060959815979004,107894906,13.060959815979004
2011-06-01,13.036761349434963,13.16415623904179,12.9693605373366,12.976520538330078,118679178,12.976520538330078
2011-06-02,13.025159675922461,13.092559550044276,12.89949190776238,13.037256240844727,88510520,13.037256240844727
2011-06-03,12.887642384217028,13.025900187847686,12.875298140037055,12.914305686950684,70202152,12.914305686950684
2011-06-06,12.925662940965829,13.00664261935396,12.819747095356268,12.864434242248535,77975179,12.864434242248535
2011-06-07,12.909613561208372,12.952573568393134,12.813326954136002,12.814313888549805,76590006,12.814313888549805
2011-06-08,12.75259358605162,12.868877912732255,12.734076275055422,12.817771911621094,66383894,12.817771911621094
2011-06-09,12.838264108963108,12.838264108963108,12.73062018511451,12.75753116607666,67817246,12.75753116607666
2011-06-10,12.692103288924965,12.756542354626237,12.573844155909018,12.579275131225586,97961814,12.579275131225586
2011-06-13,12.591374530228148,12.59631298441642,12.398060140130845,12.461263656616211,97455925,12.461263656616211
2011-06-14,12.54569837422573,12.69210309739091,12.517059315090394,12.551130294799805,94011061,12.551130294799805
2011-06-15,12.468667255475644,12.550634797506461,12.359542948940005,12.417314529418945,83242849,12.417314529418945
2011-06-16,12.41386038389704,12.50669083586778,12.262270462251308,12.353618621826172,110693357,12.353618621826172
2011-06-17,12.497061935427496,12.509652912114706,11.96921177822244,11.974642753601074,210602442,11.974642753601074
2011-06-20,11.974148869649344,12.004516009077738,11.831693775954989,11.963778495788574,121598077,11.963778495788574
2011-06-21,12.028218385346847,12.194869453919313,11.967483156983011,12.171660423278809,111030616,12.171660423278809
2011-06-22,12.13339288035776,12.15561308549227,12.016861824551516,12.023774147033691,96644896,12.023774147033691
2011-06-23,11.903293654621407,11.921316555493782,11.695905982422047,11.8561372756958,192787918,11.8561372756958
2011-06-24,11.8674928093334,11.86922088985984,11.678374815046975,11.724296569824219,152794573,11.724296569824219
2011-06-27,11.70257053795281,12.058091931478838,11.692694576056168,11.91983413696289,138304463,11.91983413696289
2011-06-28,11.949955020575594,12.250913320055263,11.949955020575594,12.18770980834961,109011074,12.18770980834961
2011-06-29,12.259060006581764,12.350656789838018,12.156353593147609,12.284490585327148,94071286,12.284490585327148
2011-06-30,12.393614779833154,12.50915890290663,12.38151726997043,12.501998901367188,97500090,12.501998901367188
2011-07-01,12.510887804513228,12.867397077514966,12.501998777076462,12.863693237304688,146013250,12.863693237304688
2011-07-05,12.969115912369498,13.21847475698641,12.969115912369498,13.145395278930664,154545110,13.145395278930664
2011-07-06,13.171563670967851,13.295255672498023,13.16020636221557,13.217485427856445,108228151,13.217485427856445
2011-07-07,13.356730653545219,13.595720979194027,13.230323641198126,13.494988441467285,158010049,13.494988441467285
2011-07-08,13.157986518118358,13.274024112405584,13.017752957935578,13.134284019470215,191523195,13.134284019470215
2011-07-11,13.040219855202091,13.232794029865952,12.974052703985171,13.017999649047852,113997696,13.017999649047852
2011-07-12,13.039724606104969,13.317722480812687,12.986397060095362,13.184155464172363,114073981,13.184155464172363
2011-07-13,13.25797804229782,13.430800306872902,13.245138439434497,13.289085388183594,112026334,13.289085388183594
2011-07-14,13.310316492247196,13.38142115136635,13.004419741337653,13.058982849121094,266976958,13.058982849121094
2011-07-15,14.751657858097774,14.819553085690488,14.521063086704514,14.754620552062988,551342851,14.754620552062988
2011-07-18,14.627966134167895,14.863992830737782,14.615868624471231,14.688454627990723,179401931,14.688454627990723
2011-07-19,14.718082489318133,14.928925354563654,14.703022284657738,14.876338005065918,119144917,14.876338005065918
2011-07-20,14.867203759080951,14.883250897845661,14.698576927185059,14.698576927185059,89446014,14.698576927185059
2011-07-21,14.665988073691873,15.012374658962445,14.665493661115704,14.985957145690918,139300182,14.985957145690918
2011-07-22,14.946451923245085,15.29481326874401,14.918800746172806,15.263458251953125,141656982,15.263458251953125
2011-07-25,15.143225437695573,15.440727564764877,15.134337355565364,15.281976699829102,125733520,15.281976699829102
2011-07-26,15.259018195701392,15.492328962692351,15.238527013796553,15.369378089904785,94067271,15.369378089904785
2011-07-27,15.237538964425244,15.330616158406228,14.930655253158033,14.991636276245117,157965884,14.991636276245117
2011-07-28,14.941516339896424,15.20791017746725,14.887447646688678,15.083477973937988,124802042,15.083477973937988
2011-07-29,14.91781591927036,15.182729375264447,14.904483795166016,14.904483795166016,166116320,14.904483795166016
2011-08-01,15.090391430536169,15.196059591476422,14.793136035641504,14.980525016784668,159238637,14.980525016784668
2011-08-02,14.961513317593704,15.05212221438955,14.60525174243951,14.625743865966797,128503865,14.625743865966797
2011-08-03,14.67191401830624,14.887448604163753,14.409224004036314,14.842267990112305,153601587,14.842267990112305
2011-08-04,14.67759063515147,14.784987812726865,14.257137685182336,14.258371353149414,197320845,14.258371353149414
2011-08-05,14.382311943426059,14.566491504725304,13.875200606785016,14.295900344848633,238052949,14.295900344848633
2011-08-08,13.899393901670878,14.048021114311515,13.43943899545414,13.480669975280762,300987964,13.480669975280762
2011-08-09,13.850510211786142,14.186528299337787,13.356977766864679,14.156901359558105,259758001,14.156901359558105
2011-08-10,13.859894355771704,13.927541912759862,13.522889293679375,13.554491996765137,215589063,13.554491996765137
2011-08-11,13.673244243511736,14.035678931258936,13.539678159286717,13.878411293029785,193948251,13.878411293029785
2011-08-12,14.060367715726024,14.08505620311366,13.83569737566501,13.918900489807129,126644924,13.918900489807129
2011-08-15,13.663615556071951,13.949020165125091,13.481410822995533,13.75743293762207,286867234,13.75743293762207
2011-08-16,13.638926118575311,13.639172852181785,13.092558653195677,13.307353019714355,278616423,13.307353019714355
2011-08-17,13.332784332567828,13.423146509636364,13.104164347213358,13.162924766540527,163775579,13.162924766540527
2011-08-18,12.923933817358742,12.958991732545085,12.356580756487654,12.4649658203125,252571164,12.4649658203125
2011-08-19,12.328189986720039,12.711609306325593,12.118826583635334,12.120308876037598,217211120,12.120308876037598
2011-08-22,12.443238549530603,12.517305895820407,12.209435304870912,12.29930305480957,196971541,12.29930305480957
2011-08-23,12.430894661580298,12.873074368197106,12.321275931283438,12.80912971496582,174523715,12.80912971496582
2011-08-24,12.821721905063567,13.085154011366855,12.769875701613902,12.919490814208984,144318923,12.919490814208984
2011-08-25,13.094535746396643,13.264642987284196,12.796292451502525,12.839251518249512,132213719,12.839251518249512
2011-08-26,12.838017524226062,13.096263494737004,12.668897222157678,13.007630348205566,144391193,13.007630348205566
2011-08-29,13.197736431200925,13.318464802877378,13.173046997542578,13.309329986572266,93782206,13.309329986572266
2011-08-30,13.287356281370986,13.405864048317323,13.10515248037011,13.349325180053711,120008140,13.349325180053711
2011-08-31,13.449069239020208,13.487583318902988,13.233287916866018,13.355745315551758,108135806,13.355745315551758
2011-09-01,13.350561092305743,13.426602317656723,13.115274578234898,13.146876335144043,96982155,13.146876335144043
2011-09-02,12.948622189026555,13.0337991674859,12.856286154632016,12.957757949829102,96408011,12.957757949829102
2011-09-06,12.611124502703703,12.906404124088375,12.603717767908298,12.892084121704102,109039179,12.892084121704102
2011-09-07,13.096264004794119,13.231806796285207,13.020962979154401,13.184650421142578,110645177,13.184650421142578
2011-09-08,13.178970117112723,13.30982211714762,13.132061426814268,13.207609176635742,95576908,13.207609176635742
2011-09-09,13.119718529065931,13.1999570616102,12.867644676425707,12.958005905151367,131242091,12.958005905151367
2011-09-12,12.787898542141816,13.134284194246877,12.776541232583801,13.088116645812988,107216373,13.088116645812988
2011-09-13,13.134530975956256,13.180947148866187,12.922205817750227,13.07330322265625,94520965,13.07330322265625
2011-09-14,13.149097744050678,13.256741670511554,12.98195319954633,13.136260032653809,108179971,13.136260032653809
2011-09-15,13.220942913067129,13.45499385452374,13.197735773018426,13.395246505737305,118875912,13.395246505737305
2011-09-16,13.450553027746704,13.500917890223656,13.409568770978758,13.496967315673828,141901897,13.496967315673828
2011-09-19,13.340684444533325,13.576463468417579,13.217980318343917,13.496718406677246,99106087,13.496718406677246
2011-09-20,13.56411910573697,13.78928291001645,13.397961503980408,13.495731353759766,111580670,13.495731353759766
2011-09-21,13.521900311120786,13.702376013633812,13.303896522544822,13.31229019165039,100948969,13.31229019165039
2011-09-22,12.992569038761484,13.055031399582832,12.69012941484752,12.854557037353516,176671736,12.854557037353516
2011-09-23,12.753332936120799,12.996765415286854,12.702473672023629,12.974298477172852,111508400,12.974298477172852
2011-09-26,13.017259661644816,13.157493233853337,12.671614185379335,13.131816864013672,105762945,13.131816864013672
2011-09-27,13.287602620906677,13.506099891724372,13.234520860979691,13.31574821472168,120887424,13.31574821472168
2011-09-28,13.369078052120255,13.431293688836199,13.028370088685673,13.056514739990234,90871336,13.056514739990234
2011-09-29,13.234274642812496,13.265383877264464,12.823697598340786,13.023431777954102,116699786,13.023431777954102
2011-09-30,12.843448600219421,12.937019256006487,12.699511197585192,12.71580696105957,109352349,12.71580696105957
2011-10-03,12.587670503964098,12.640752264341444,12.221039471085849,12.233877182006836,179646846,12.233877182006836
2011-10-04,12.098333701269674,12.429413305189776,11.865516456902974,12.39139175415039,166975528,12.39139175415039
2011-10-05,12.254371500699008,12.537060192787914,11.869716585016487,12.46052360534668,182043797,12.46052360534668
2011-10-06,12.529651344640126,12.720496477764751,12.408674361401447,12.707658767700195,137485405,12.707658767700195
2011-10-07,12.760000886492644,12.850608849819967,12.59878078276725,12.717782020568848,114664185,12.717782020568848
2011-10-10,12.96615285352101,13.269580388234843,12.91726839865396,13.262173652648926,93236167,13.262173652648926
2011-10-11,13.17057666540753,13.49992727337116,13.17057666540753,13.410553932189941,114563810,13.410553932189941
2011-10-12,13.532762958664483,13.708054416338497,13.446351370475782,13.541897773742676,127588447,13.541897773742676
2011-10-13,13.579673868009476,13.801134795159502,13.530049210953763,13.800888061523438,228356741,13.800888061523438
2011-10-14,14.800294795371085,14.803504222774441,14.506495586414799,14.607967376708984,342474886,14.607967376708984
2011-10-17,14.411445620214312,14.611673281841957,14.270225113333419,14.379103660583496,160928949,14.379103660583496
2011-10-18,14.324293625119333,14.629695969124324,14.255410512647487,14.579082489013672,152601853,14.579082489013672
2011-10-19,14.50081673758667,14.617349674294807,14.300342386312257,14.336882591247559,117699519,14.336882591247559
2011-10-20,14.366511343488236,14.539085914001983,14.30750419423899,14.410210609436035,135666613,14.410210609436035
2011-10-21,14.554395363307302,14.634387163255196,14.485018781597056,14.57858943939209,136148412,14.57858943939209
2011-10-24,14.485511789106624,14.812640871236836,14.480080813343895,14.724994659423828,137589795,14.724994659423828
2011-10-25,14.643026543057966,14.689936180830808,14.389964824990113,14.397618293762207,102000897,14.397618293762207
2011-10-26,14.55538126653621,14.570934937681393,14.143321949261681,14.475388526916504,115354763,14.475388526916504
2011-10-27,14.774373104544944,14.880041266684676,14.647965138426043,14.78054428100586,151778780,14.78054428100586
2011-10-28,14.67808509698638,14.870165794467535,14.67141856281521,14.8168363571167,100696024,14.8168363571167
2011-10-31,14.69215848372092,14.805726845754625,14.60772170402734,14.631669044494629,102695490,14.631669044494629
2011-11-01,14.322072060456952,14.45563909572998,14.239364296878232,14.286272048950195,125472546,14.286272048950195
2011-11-02,14.440579161032309,14.516126923726556,14.331454824993873,14.438603401184082,85153986,14.438603401184082
2011-11-03,14.492425535054789,14.751659393310547,14.411444909798108,14.751659393310547,107192283,14.751659393310547
2011-11-04,14.652904105155455,14.806964213240164,14.626486589321505,14.718083381652832,113817021,14.718083381652832
2011-11-07,14.648456645603876,15.03014877440418,14.621545668764652,15.019038200378418,134799374,15.019038200378418
2011-11-08,15.035581922990543,15.168162012337028,14.902261632783013,15.118042945861816,121630197,15.118042945861816
2011-11-09,14.918555725571167,15.045210420516987,14.78029698831646,14.836834907531738,148996390,14.836834907531738
2011-11-10,14.959786881337736,14.960280348560184,14.605005691205854,14.691911697387695,115166059,14.691911697387695
2011-11-11,14.845478188759552,15.111872057295026,14.778817565545753,15.019535064697266,159676271,15.019535064697266
2011-11-14,15.010893100530598,15.259757526324949,15.005462124643476,15.13433837890625,128026081,15.13433837890625
2011-11-15,15.129399504085608,15.25975710184409,15.072615793113066,15.222229957580566,107441212,15.222229957580566
2011-11-16,15.11162448920713,15.265190175089815,15.075331957909016,15.096563339233398,104731092,15.096563339233398
2011-11-17,15.06150404301311,15.116807347932623,14.733881520787243,14.834859848022461,140255750,14.834859848022461
2011-11-18,14.862760422044945,14.924481643817334,14.659075663498118,14.68697452545166,132000924,14.68697452545166
2011-11-21,14.511186919184881,14.529457495270835,14.124311464624087,14.342808723449707,120501984,14.342808723449707
2011-11-22,14.319602012634277,14.442306143271551,14.202083069529614,14.319602012634277,96572626,14.319602012634277
2011-11-23,14.204799633476252,14.325774743181514,14.07542896270752,14.07542896270752,93380707,14.07542896270752
2011-11-25,13.953957676048923,14.178132646455332,13.85865800216138,13.899888038635254,62730250,13.899888038635254
2011-11-28,14.304046800445057,14.537357526139864,14.233188880726523,14.521803855895996,113580136,14.521803855895996
2011-11-29,14.514152693873072,14.575380450174505,14.352439117663392,14.391942024230957,73546641,14.391942024230957
2011-11-30,14.762769385726601,14.801283464420058,14.618091784649492,14.798320770263672,136389312,14.798320770263672
2011-12-01,14.813380249267292,15.208404541875325,14.788691762732762,15.153347969055176,145366836,15.153347969055176
2011-12-02,15.234327802348263,15.40591637786162,15.214822612118706,15.316048622131348,164040568,15.316048622131348
2011-12-05,15.495784552733102,15.600959248748094,15.36641389115667,15.446653366088867,128379401,15.446653366088867
2011-12-06,15.380981477922438,15.519979485067614,15.313087188309987,15.400238990783691,93408812,15.400238990783691
2011-12-07,15.348636927464508,15.446899295638042,15.260251466305107,15.39085578918457,90630437,15.39085578918457
2011-12-08,15.33283713378498,15.491093588451916,15.191122230210661,15.209638595581055,96885796,15.209638595581055
2011-12-09,15.257782093325984,15.532569592916884,15.233339395650834,15.490351676940918,111062736,15.490351676940918
2011-12-12,15.353575855678589,15.459737483930988,15.314319686713235,15.440234184265137,87683432,15.440234184265137
2011-12-13,15.523435195581122,15.716009361531428,15.377522987773593,15.446159362792969,161731947,15.446159362792969
2011-12-14,15.35283394485229,15.41381590366111,15.121744765017622,15.259509086608887,156733281,15.259509086608887
2011-12-15,15.369376966051862,15.405917176249826,15.27481748540426,15.295804023742676,96705121,15.295804023742676
2011-12-16,15.413817716366442,15.537262050118226,15.34345420033963,15.454307556152344,179040582,15.454307556152344
2011-12-19,15.504917537831112,15.51701599259061,15.307159134447486,15.352339744567871,86061375,15.352339744567871
2011-12-20,15.50467105894747,15.599477267015452,15.50442432533721,15.56318473815918,95886062,15.56318473815918
2011-12-21,15.554297100837418,15.598984245757114,15.281483456571694,15.450850486755371,100290510,15.450850486755371
2011-12-22,15.50343650928266,15.596760419703148,15.480229371145377,15.546642303466797,73165217,15.546642303466797
2011-12-23,15.603429027242262,15.669595234761147,15.567876696513462,15.631573677062988,58365953,15.631573677062988
2011-12-27,15.604661612186144,15.911792019981407,15.603427944126674,15.807111740112305,64496847,15.807111740112305
2011-12-28,15.868834345904775,15.924384387696621,15.754030422020541,15.793533325195312,85406931,15.793533325195312
2011-12-29,15.837725368797948,15.875006722442125,15.682431614019698,15.860193252563477,63252199,15.860193252563477
2011-12-30,15.850810625833217,15.967837036898155,15.850810625833217,15.946602821350098,71559220,15.946602821350098
2012-01-03,16.12041499433635,16.49593409310561,16.106340779916373,16.428285598754883,147611217,16.428285598754883
2012-01-04,16.41890886586261,16.547785146509764,16.310030302784917,16.499147415161133,114989399,16.499147415161133
2012-01-05,16.347305155845238,16.39273249785494,16.20163969041903,16.270275115966797,131808205,16.270275115966797
2012-01-06,16.273731307566546,16.294717843432647,16.04264307817611,16.048322677612305,108119746,16.048322677612305
2012-01-09,15.961418090183738,15.973764225270346,15.337527990926567,15.36789608001709,233776981,15.36789608001709
2012-01-10,15.547876592705416,15.647867034837125,15.230870249791609,15.384681701660156,176483032,15.384681701660156
2012-01-11,15.393572323803697,15.538991076220078,15.334812851188714,15.454307556152344,96359832,15.454307556152344
2012-01-12,15.584170682724519,15.625401666077774,15.467637734221961,15.545161247253418,75289148,15.545161247253418
2012-01-13,15.461713909314456,15.478748928223483,15.333331124744015,15.43035888671875,92637933,15.43035888671875
2012-01-17,15.602934784387083,15.602934784387083,15.447393345180302,15.518991470336914,76658261,15.518991470336914
2012-01-18,15.470847526268368,15.652804580397552,15.359499769238163,15.625894546508789,110882061,15.625894546508789
2012-01-19,15.825383075933747,15.825383075933747,15.590096554815059,15.790324211120605,253157352,15.790324211120605
2012-01-20,14.579576250313048,14.591179347569808,14.361573394505104,14.467488288879395,424637703,14.467488288879395
2012-01-23,14.46773475578965,14.533407490967072,14.39761797961512,14.455883979797363,137027695,14.455883979797363
2012-01-24,14.475636246620768,14.509213763367807,14.270224353367938,14.34256362915039,122690156,14.34256362915039
2012-01-25,14.25812475754783,14.287751695833215,13.983336322960051,14.06011962890625,200255805,14.06011962890625
2012-01-26,14.121595745563068,14.183317906457573,13.938156398134867,14.025801658630371,129531704,14.025801658630371
2012-01-27,14.091969389065529,14.327502624391416,14.056171271629903,14.319108009338379,145242371,14.319108009338379
2012-01-30,14.271459417905197,14.319602728511343,14.156656429641192,14.262571334838867,93569411,14.262571334838867
2012-01-31,14.393667568443275,14.418357000485956,14.199859733669054,14.322317123413086,86017210,14.322317123413086
2012-02-01,14.441563507119573,14.455390042220348,14.29836821077131,14.340092658996582,93175942,14.340092658996582
2012-02-02,14.439837237783902,14.47785784824224,14.370954127769798,14.445761680603027,96950036,14.445761680603027
2012-02-03,14.582786720612502,14.741043184792215,14.518348593029152,14.722773551940918,127215053,14.722773551940918
2012-02-06,14.690183397682146,15.080762723559632,14.665493964567512,15.03780460357666,147735682,15.03780460357666
2012-02-07,14.989907511527212,15.0452108188253,14.906210931726122,14.980525016784668,83997668,14.980525016784668
2012-02-08,15.026692566084119,15.093599911803047,14.930405960584295,15.05656623840332,73731331,15.05656623840332
2012-02-09,15.110142873839834,15.171371571136447,15.035582052873346,15.09631633758545,90927546,15.09631633758545
2012-02-10,15.007930129233868,15.014101305509493,14.912136986715243,14.9592924118042,93356617,14.9592924118042
2012-02-13,15.07261658776049,15.155077616038282,15.060765810490425,15.11458683013916,72924318,15.11458683013916
2012-02-14,15.09829111938778,15.109647482663208,14.930899856157948,15.054344177246094,72418428,15.054344177246094
2012-02-15,15.13260820702427,15.13260820702427,14.876582869290763,14.950650215148926,97399715,14.950650215148926
2012-02-16,14.883005629457697,15.0308926716504,14.75733879544165,14.97435474395752,101615457,14.97435474395752
2012-02-17,14.936084443529861,15.001757179316051,14.872634200932577,14.927937507629395,98331193,14.927937507629395
2012-02-21,14.90892711855184,15.254819291697064,14.884484419534527,15.159026145935059,99603946,15.159026145935059
2012-02-22,15.108663029360468,15.22766427439485,14.979045620126788,15.00941276550293,78974912,15.00941276550293
2012-02-23,14.986204009728997,15.009411150145764,14.822023110110209,14.96423053741455,82508106,14.96423053741455
2012-02-24,14.994846372256166,15.10100895534072,14.949418077493624,15.0578031539917,77714204,15.0578031539917
2012-02-27,14.976081692067257,15.118536801928673,14.93830781369387,15.043235778808594,72827958,15.043235778808594
2012-02-28,15.060272201374753,15.301483161664766,15.002993129995717,15.267411231994629,114330940,15.267411231994629
2012-02-29,15.272596464997374,15.445418712807694,15.196059885246155,15.263955116271973,125946315,15.263955116271973
2012-03-01,15.36295790872588,15.447888159451553,15.261486106512605,15.366414070129395,89843498,15.366414070129395
2012-03-02,15.356536688808564,15.405915550424915,15.315059919780396,15.338020324707031,63167885,15.338020324707031
2012-03-05,15.31777804467658,15.36863731508228,15.094342303844986,15.165200233459473,63970883,15.165200233459473
2012-03-06,15.012127589676387,15.030890688323344,14.661296025762487,14.935837745666504,127451937,14.935837745666504
2012-03-07,15.03681510841256,15.089650133694695,14.958057928393238,14.9812650680542,50769586,14.9812650680542
2012-03-08,15.06125648164906,15.09730321937985,14.970154120968353,14.989659309387207,54021731,14.989659309387207
2012-03-09,15.009660246423106,15.107180537445712,14.813382214800553,14.819555282592773,107224403,14.819555282592773
2012-03-12,14.813380702205642,14.986203894589668,14.79511107035715,14.940528869628906,67010233,14.940528869628906
2012-03-13,15.029409483117655,15.254079833283637,14.950405563652236,15.252350807189941,90168712,15.252350807189941
2012-03-14,15.183716745819963,15.375797464687,15.14569613213841,15.208159446716309,117916329,15.208159446716309
2012-03-15,15.223218886943435,15.393571911706086,15.179518675095114,15.335060119628906,97769094,15.335060119628906
2012-03-16,15.32913231455422,15.45307104569498,15.308393457273674,15.431591987609863,122477361,15.431591987609863
2012-03-19,15.384189408926915,15.733538676410245,15.337774184736986,15.652311325073242,87237768,15.652311325073242
2012-03-20,15.576762773942987,15.703664196787093,15.48664734523719,15.640213012695312,61850967,15.640213012695312
2012-03-21,15.667864523222132,15.983389533818757,15.616018325159516,15.800444602966309,99154267,15.800444602966309
2012-03-22,15.76390673759682,16.01820213303953,15.578739297245944,15.950307846069336,96769361,15.950307846069336
2012-03-23,15.963885042980543,16.010794677589335,15.823158975172545,15.864883422851562,77898894,15.864883422851562
2012-03-26,15.92438346974084,16.035237758655114,15.789581841090788,16.031286239624023,73040752,16.031286239624023
2012-03-27,15.97450228707988,16.134238177971973,15.919445719805092,15.974254608154297,80588939,15.974254608154297
2012-03-28,16.097949371815876,16.259908728908773,16.074495496996967,16.190038681030273,101936657,16.190038681030273
2012-03-29,16.132762842817336,16.210532159194614,15.907106473278015,16.008577346801758,77260510,16.008577346801758
2012-03-30,16.09103402844643,16.13399403700909,15.825629016476208,15.83155345916748,92774443,15.83155345916748
2012-04-02,15.819950797500542,15.986108410476156,15.673546055250757,15.97178840637207,91710470,15.97178840637207
2012-04-03,15.934506582557987,15.997216624021355,15.767362049859353,15.865623474121094,82102591,15.865623474121094
2012-04-04,15.762671260015006,15.776250116664643,15.581207669995678,15.681198120117188,65348026,15.681198120117188
2012-04-05,15.60935331898216,15.712799936969368,15.518745357635707,15.611329078674316,93095642,15.611329078674316
2012-04-09,15.516523992551605,15.68564430779939,15.437766802273247,15.574790000915527,87635252,15.574790000915527
2012-04-10,15.640956758164297,15.665150834808138,15.419495829041264,15.47652816772461,99652126,15.47652816772461
2012-04-11,15.652063581774888,15.702181697559617,15.586144117239936,15.701194763183594,88289696,15.701194763183594
2012-04-12,15.858956028057257,16.125348872385647,15.807355625585892,16.07276153564453,231127086,16.07276153564453
2012-04-13,15.987340567624834,16.022892893450166,15.394557906292663,15.42072868347168,327595322,15.42072868347168
2012-04-16,15.381227250366841,15.401224962880205,14.85436400360803,14.96324348449707,228537416,14.96324348449707
2012-04-17,15.024719738362716,15.250130290694461,14.986451446566985,15.049654960632324,121409373,15.049654960632324
2012-04-18,15.012127923617655,15.129399183448838,14.882757263094991,14.997314453125,107180238,14.997314453125
2012-04-19,14.953860749452579,15.214822669106894,14.788691973972387,14.796098709106445,132277959,14.796098709106445
2012-04-20,14.918308850623147,15.031877209854954,14.71042775216363,14.716105461120605,122794545,14.716105461120605
2012-04-23,14.63808990520409,14.775114041083235,14.571429284828934,14.754127502441406,88241516,14.754127502441406
2012-04-24,14.769930446449392,14.977069482605776,14.747215826062174,14.844738006591797,77453230,14.844738006591797
2012-04-25,14.912137585337785,15.093601182261397,14.884484513085761,15.05335807800293,73117037,15.05335807800293
2012-04-26,15.082738695066237,15.25778344125892,15.05286501942149,15.195320129394531,84013728,15.195320129394531
2012-04-27,15.184207797735716,15.226672446158132,15.07508348282047,15.183220863342285,65701345,15.183220863342285
2012-04-30,15.13409046146678,15.210379359605675,14.828440456349533,14.933121681213379,96652926,14.933121681213379
2012-05-01,14.906950086053127,15.09977097454533,14.81807116123938,14.922752380371094,80392204,14.922752380371094
2012-05-02,14.843007280671536,15.01360797564231,14.828440544136448,14.992623329162598,64701612,14.992623329162598
2012-05-03,15.050888584423792,15.179518097463669,15.034347033429269,15.085453033447266,75000069,15.085453033447266
2012-05-04,14.959539572094469,15.008177290911396,14.734623445784608,14.73857307434082,88626955,14.73857307434082
2012-05-07,14.689935255606697,15.074341477344484,14.689935255606697,14.999781608581543,80079035,14.999781608581543
2012-05-08,14.949911197490703,15.230625042499558,14.830663233891544,15.129152297973633,107493407,15.129152297973633
2012-05-09,14.98175985009974,15.217786553045206,14.858067844043056,15.039284706115723,93501157,15.039284706115723
2012-05-10,15.133350160461408,15.213096169627612,15.06594934059427,15.150632858276367,61666277,15.150632858276367
2012-05-11,15.068912867927478,15.172607169871346,14.931148526398808,14.942505836486816,84290763,14.942505836486816
2012-05-14,14.832637760471314,15.02323711164055,14.827700252232265,14.912137031555176,73249532,14.912137031555176
2012-05-15,14.945466728711354,15.183714970136673,14.905963827144678,15.087675094604492,84399167,15.087675094604492
2012-05-16,15.256796697015266,15.556520410279498,15.206924359126553,15.527633666992188,194128926,15.527633666992188
2012-05-17,15.648608645098367,15.747857950056886,15.337526716369418,15.382460594177246,134654835,15.382460594177246
2012-05-18,15.433074221945244,15.613797614727666,14.73190738909093,14.823256492614746,239835606,14.823256492614746
2012-05-21,14.825971798127005,15.20075069044001,14.813379876226309,15.161741256713867,123477094,15.161741256713867
2012-05-22,15.145201616138623,15.154335486795619,14.714625924161417,14.83313274383545,122533571,14.83313274383545
2012-05-23,14.85411798207831,15.05039600302269,14.742277692405645,15.0469388961792,127600492,15.0469388961792
2012-05-24,15.03953039788179,15.107672357489651,14.785481759648986,14.903741836547852,75935562,14.903741836547852
2012-05-25,14.838070380306782,14.856093278834864,14.524025745650368,14.604266166687012,143813034,14.604266166687012
2012-05-29,14.70993469007315,14.791901303129901,14.52501492542875,14.6736421585083,104618672,14.6736421585083
2012-05-30,14.521063781815279,14.613399821031809,14.406754270414986,14.522791862487793,76553871,14.522791862487793
2012-05-31,14.53488918004168,14.56649093498502,14.294912851229084,14.34083366394043,119177037,14.34083366394043
2012-06-01,14.116904364446622,14.138136688566753,14.03197412262664,14.096905708312988,122774470,14.096905708312988
2012-06-04,14.078142602189315,14.33169967653309,14.072958360282726,14.2847900390625,97672734,14.2847900390625
2012-06-05,14.20726740967492,14.273433617201759,13.98556070053045,14.08283519744873,93946821,14.08283519744873
2012-06-06,14.232697038852203,14.368238881711383,14.1618400563815,14.333674430847168,84146223,14.333674430847168
2012-06-07,14.507237715477432,14.514397716891281,14.251706775132554,14.275901794433594,70603652,14.275901794433594
2012-06-08,14.217143944021371,14.344292121960112,14.185787974400181,14.33071231842041,56627461,14.33071231842041
2012-06-11,14.423542238821588,14.450947633176403,13.990991716352351,14.03567886352539,106842978,14.03567886352539
2012-06-12,14.067031922995337,14.080117311601956,13.790762142042237,13.95173454284668,129451404,13.95173454284668
2012-06-13,13.868288238538726,13.998646791079992,13.793233944574716,13.852734565734863,78460993,13.852734565734863
2012-06-14,13.857917251025116,13.950994434427171,13.739903901871026,13.802367210388184,94147570,13.802367210388184
2012-06-15,13.834217819949641,13.937417707660758,13.753978340353868,13.937170028686523,120497969,13.937170028686523
2012-06-18,13.890506281191668,14.176652032168802,13.807305063332532,14.093697547912598,100250360,14.093697547912598
2012-06-19,14.161345769107756,14.425270382945447,14.149741726502109,14.357376098632812,83359284,14.357376098632812
2012-06-20,14.314910914763049,14.319601689595574,14.159370417726665,14.258126258850098,94219840,14.258126258850098
2012-06-21,14.31565066510682,14.31565066510682,13.917911352611455,13.954451560974121,80753554,13.954451560974121
2012-06-22,14.02333384788924,14.109251976013184,13.969511887338566,14.109251976013184,89450029,14.109251976013184
2012-06-25,14.006791777622073,14.02555487583067,13.760395656784553,13.843103408813477,63501129,13.843103408813477
2012-06-26,13.893964994917607,13.988770265797495,13.812984370116945,13.941368103027344,54210435,13.941368103027344
2012-06-27,14.015927500109479,14.171220318951644,13.974450727277224,14.055429458618164,67945726,14.055429458618164
2012-06-28,13.971489029776057,13.979635966614046,13.756941367187038,13.932232856750488,77124000,13.932232856750488
2012-06-29,14.195169778597768,14.322811417596906,14.12702875727756,14.321330070495605,101157748,14.321330070495605
2012-07-02,14.364535203605078,14.393667731685959,14.233189730276797,14.331205368041992,66468209,14.331205368041992
2012-07-03,14.31984891724455,14.527236568894342,14.270224261349025,14.512916564941406,47758342,14.512916564941406
2012-07-05,14.535876532880506,14.814862287031497,14.53044461217329,14.71264934539795,94187720,14.71264934539795
2012-07-06,14.62698004836728,14.653396617139427,14.38922525738058,14.467242240905762,86796118,14.467242240905762
2012-07-09,14.441812457299925,14.531927895631368,14.350463350850418,14.467982292175293,68861145,14.467982292175293
2012-07-10,14.571182425214264,14.626485735415633,14.288493752153014,14.361574172973633,77212330,14.361574172973633
2012-07-11,14.228253998390269,14.266522292399525,13.947786852325649,14.102093696594238,140496649,14.102093696594238
2012-07-12,14.001608762407225,14.120362319614026,13.877422338672263,14.084563255310059,92738308,14.084563255310059
2012-07-13,14.125792928752286,14.298616123711033,14.03691304971092,14.233683586120605,79336261,14.233683586120605
2012-07-16,14.229981469602883,14.29960478584356,14.11665983032693,14.194183349609375,58723287,14.194183349609375
2012-07-17,14.28083895036446,14.336142255405157,14.033208218375162,14.238868713378906,67455897,14.238868713378906
2012-07-18,14.245039734804362,14.410702914522389,14.224055089209237,14.338363647460938,62160121,14.338363647460938
2012-07-19,14.471191869333325,14.775854013285185,14.467735707887963,14.642040252685547,187688877,14.642040252685547
2012-07-20,15.029655648634995,15.132856476115393,14.768446988196372,15.08051586151123,259517101,15.08051586151123
2012-07-23,14.825231163609066,15.26642300577947,14.770175535614838,15.196306228637695,143002005,15.196306228637695
2012-07-24,15.18371496825004,15.256053291901129,14.92053056160206,15.000276565551758,80677269,15.000276565551758
2012-07-25,15.01879374796242,15.143719423954908,14.94596100778909,15.010645866394043,73193322,15.010645866394043
2012-07-26,15.183716463519184,15.229884013081417,15.061012330062415,15.143226623535156,67660662,15.143226623535156
2012-07-27,15.27975649120557,15.677495838044711,15.245439718424455,15.676508903503418,142520206,15.676508903503418
2012-07-30,15.703418793237903,15.865130464460005,15.541705231336733,15.610835075378418,87795852,15.610835075378418
2012-07-31,15.511092224588579,15.714529303518903,15.510104344721096,15.627376556396484,74903709,15.627376556396484
2012-08-01,15.734278176123308,15.788841279046357,15.588120187630468,15.620214462280273,74060561,15.620214462280273
2012-08-02,15.443196797142239,15.752302021543256,15.39134965136401,15.523188591003418,79404516,15.523188591003418
2012-08-03,15.800940105136565,15.892783622639469,15.705640426281677,15.833776473999023,76168432,15.833776473999023
2012-08-06,15.791310009231593,16.032520941893296,15.781681726562974,15.870561599731445,71563235,15.870561599731445
2012-08-07,15.845132535518442,15.906114497290725,15.713788007914436,15.814271926879883,79569131,15.814271926879883
2012-08-08,15.777484740615742,15.945863886659215,15.763905883957019,15.855996131896973,53086237,15.855996131896973
2012-08-09,15.912287691440289,15.958208504342693,15.838467073053929,15.858959197998047,42972470,15.858959197998047
2012-08-10,15.766127895229264,15.856242380848045,15.705391724528656,15.850316047668457,57599089,15.850316047668457
2012-08-13,15.984134306717651,16.29842572061366,15.965864671915224,16.29496955871582,131205956,16.29496955871582
2012-08-14,16.276199209878136,16.611968630984,16.270028034428286,16.508522033691406,147016998,16.508522033691406
2012-08-15,16.54852160293265,16.64653629355481,16.395943806724848,16.480873107910156,96789436,16.480873107910156
2012-08-16,16.48013438582571,16.656166060865633,16.469516332154864,16.612464904785156,68965534,16.612464904785156
2012-08-17,16.643327064276832,16.720602893356265,16.583579719523968,16.71788787841797,87434502,16.71788787841797
2012-08-20,16.677397846439952,16.76059906700591,16.60728012463136,16.67838478088379,70587592,16.67838478088379
2012-08-21,16.61839131660508,16.73911873179793,16.348292699766358,16.529510498046875,89221174,16.529510498046875
2012-08-22,16.476921916858227,16.80330980361699,16.460132688830548,16.718873977661133,76654246,16.718873977661133
2012-08-23,16.64703128553862,16.80035024196187,16.566299284363748,16.709495544433594,71635505,16.709495544433594
2012-08-24,16.679866401407086,16.79960687972026,16.64233831522572,16.75467300415039,57277890,16.75467300415039
2012-08-27,16.368541685635694,16.590989569159408,16.275958897310602,16.522354125976562,104939872,16.522354125976562
2012-08-28,16.41816336010645,16.7297378133378,16.41174450474846,16.720603942871094,82652646,16.720603942871094
2012-08-29,16.723564729197157,17.010450662731596,16.69344432476622,16.986255645751953,120060335,16.986255645751953
2012-08-30,16.893180549418013,16.970951746300354,16.792944302665592,16.82997703552246,65319921,16.82997703552246
2012-08-31,16.887253572085747,17.000329410427085,16.78948467084561,16.914165496826172,85402916,16.914165496826172
2012-09-04,16.90083203087762,16.911941660360092,16.628020293826182,16.81417465209961,75867307,16.81417465209961
2012-09-05,16.788496344326006,16.94897527299216,16.767264021031423,16.806272506713867,68584110,16.806272506713867
2012-09-06,16.935645715439666,17.279564047790192,16.905277625730843,17.267465591430664,122196311,17.267465591430664
2012-09-07,17.282275925875386,17.584716482489572,17.224750130224216,17.434114456176758,129804723,17.434114456176758
2012-09-10,17.523241095091667,17.598543061868835,17.242528189313315,17.301288604736328,102783820,17.301288604736328
2012-09-11,17.23191166189417,17.298325544867357,17.060077296476738,17.08945655822754,75232938,17.08945655822754
2012-09-12,17.020822077748115,17.156612545347134,16.81022499869809,17.05711555480957,106088160,17.05711555480957
2012-09-13,17.11167888706917,17.504478830725827,17.048721161064517,17.431400299072266,106758663,17.431400299072266
2012-09-14,17.51929117763989,17.603233546472214,17.455346521207662,17.52126693725586,105132591,17.52126693725586
2012-09-17,17.482508488529277,17.60027323095145,17.405724220234937,17.528676986694336,60558139,17.528676986694336
2012-09-18,17.474356307377292,17.742972628666962,17.449667821634648,17.733591079711914,82981875,17.733591079711914
2012-09-19,17.714336838470835,17.987396291117054,17.6874249107513,17.961225509643555,124396528,17.961225509643555
2012-09-20,17.886412746518427,18.057014362062926,17.80617423109621,17.97652816772461,116731906,17.97652816772461
2012-09-21,18.07751299390167,18.14442035406217,18.025912573603822,18.121458053588867,255317419,18.121458053588867
2012-09-24,18.047635307500904,18.517712939091453,18.02911988795545,18.501419067382812,143086320,18.501419067382812
2012-09-25,18.592025868390635,18.88434374684592,18.45895231844434,18.495986938476562,243248350,18.495986938476562
2012-09-26,18.513025247351802,18.794233546061328,18.29452889116985,18.60215187072754,227766537,18.60215187072754
2012-09-27,18.76238300774096,18.83373345632683,18.557463642127242,18.677204132080078,157833389,18.677204132080078
2012-09-28,18.619184396637706,18.7463344548795,18.545118934688233,18.627826690673828,111757330,18.627826690673828
2012-10-01,18.740162957868847,18.887061171321104,18.67004711862517,18.80756378173828,127194978,18.80756378173828
2012-10-02,18.891998369873797,18.911502615513946,18.523393462374948,18.689302444458008,112026334,18.689302444458008
2012-10-03,18.657943311330275,18.860393403857138,18.571038265447857,18.825334548950195,88663090,18.825334548950195
2012-10-04,18.83151027298842,19.007789616001798,18.748800631439416,18.962360382080078,98535958,18.962360382080078
2012-10-05,19.028031875605187,19.118640767922077,18.887304868825062,18.952484130859375,109846193,18.952484130859375
2012-10-08,18.788305984104458,18.852002963193463,18.61918473805188,18.710289001464844,78637653,18.710289001464844
2012-10-09,18.75547020813198,18.796206783497013,18.332302157215295,18.370817184448242,120578269,18.370817184448242
2012-10-10,18.315758009559307,18.455743882237776,18.227618336240496,18.382417678833008,81901842,18.382417678833008
2012-10-11,18.588325388529267,18.7265831911935,18.523887262139166,18.553266525268555,95713418,18.553266525268555
2012-10-12,18.562402181095333,18.636961112487686,18.371061672035637,18.387109756469727,96528461,18.387109756469727
2012-10-15,18.317730786289182,18.36439274106659,18.040228284243,18.294029235839844,121216653,18.294029235839844
2012-10-16,18.27304753086271,18.442414572251298,18.182438621602756,18.385875701904297,82636586,18.385875701904297
2012-10-17,18.36735725852361,18.67325208420602,18.27625300630728,18.652265548706055,92059774,18.652265548706055
2012-10-18,18.653503149647886,18.749294400425747,16.689741859103542,17.158832550048828,499561487,17.158832550048828
2012-10-19,17.420040016286624,17.44769119457063,16.5909849001961,16.83268928527832,461009524,16.83268928527832
2012-10-22,16.813434507383782,16.902808797129413,16.53420200800271,16.75566291809082,162832055,16.75566291809082
2012-10-23,16.591235701782022,16.969469859675698,16.590988022805135,16.79714012145996,117101285,16.79714012145996
2012-10-24,16.956384331276844,16.961322785340805,16.671719889937727,16.721839904785156,100234300,16.721839904785156
2012-10-25,16.788498621912666,16.83787748769302,16.628267350436097,16.733196258544922,96403996,16.733196258544922
2012-10-26,16.702083461515826,16.863303523760855,16.571231480327427,16.66875457763672,78324483,16.66875457763672
2012-10-31,16.785042224998737,16.813186873530025,16.665054059625835,16.79590606689453,61710442,16.79590606689453
2012-11-01,16.776154072529092,17.057608119380554,16.756895615674317,16.975887298583984,82311371,16.975887298583984
2012-11-02,17.15365021320766,17.172413313539025,16.97045852464393,16.98403549194336,93324497,16.98403549194336
2012-11-05,16.89959954604936,16.95786460644463,16.678879767498408,16.8615779876709,65681270,16.8615779876709
2012-11-06,16.923791668742844,16.948975511152266,16.728008091477022,16.830961227416992,63549309,16.830961227416992
2012-11-07,16.66505374193339,16.744798801930887,16.454950144387706,16.470504760742188,89626688,16.470504760742188
2012-11-08,16.546547013506782,16.578395503703536,16.078197429114407,16.104368209838867,104269368,16.104368209838867
2012-11-09,16.162634562738248,16.50062751917708,16.055238306671196,16.36952781677246,125030896,16.36952781677246
2012-11-12,16.387301208200192,16.536670519347997,16.316198443946487,16.440383911132812,56446786,16.440383911132812
2012-11-13,16.36878625426581,16.482353671550552,16.251019638855816,16.271265029907227,64007018,16.271265029907227
2012-11-14,16.311013132998006,16.34854122188441,16.060174849928423,16.11078643798828,66986143,16.11078643798828
2012-11-15,16.047831171900164,16.294721754858333,15.897229107423678,15.980184555053711,74233205,15.980184555053711
2012-11-16,15.948827371908294,16.122391713750805,15.702183555958293,15.978206634521484,138043489,15.978206634521484
2012-11-19,16.18855422181365,16.514942119279915,16.184356914669035,16.497413635253906,95083064,16.497413635253906
2012-11-20,16.529513355944665,16.739121625936292,16.407549415615794,16.540870666503906,83861158,16.540870666503906
2012-11-21,16.51667582412302,16.53667353930511,16.304596433966044,16.439645767211914,84804682,16.439645767211914
2012-11-23,16.540864448436654,16.541603703765322,16.445317115215317,16.491485595703125,37038310,16.491485595703125
2012-11-26,16.453716823877237,16.46754336068757,16.270525137205983,16.32311248779297,88514535,16.32311248779297
2012-11-27,16.298917513320685,16.665055099424755,16.245343228049816,16.559139251708984,100724129,16.559139251708984
2012-11-28,16.492477769237585,16.909722306408806,16.39076111946404,16.879108428955078,122136087,16.879108428955078
2012-11-29,16.980579477558777,17.131676888096745,16.837878573398665,17.08205223083496,111476280,17.08205223083496
2012-11-30,17.06773320231365,17.26302146922518,16.92898191909324,17.242036819458008,127018318,17.242036819458008
2012-12-03,17.337582136716478,17.42769568377289,17.136860081206905,17.16500473022461,88028721,17.16500473022461
2012-12-04,17.158832406952754,17.171424328888214,16.929224571564397,17.06081771850586,79966615,17.06081771850586
2012-12-05,17.0884701609924,17.146489430809645,16.84602459748978,16.9815673828125,74775229,16.9815673828125
2012-12-06,16.975891109384744,17.173896299232137,16.899849871399578,17.063291549682617,58711242,17.063291549682617
2012-12-07,17.15883368447747,17.205247965950218,16.848246155031376,16.892438888549805,77059760,16.892438888549805
2012-12-10,16.921572543966477,17.076126109471197,16.88207058489754,16.922313690185547,54872909,16.922313690185547
2012-12-11,17.035387377959996,17.329681033348848,16.97909807977981,17.20524787902832,107906951,17.20524787902832
2012-12-12,17.263266377812815,17.36893452577015,17.121302868758722,17.222034454345703,97403730,17.222034454345703
2012-12-13,17.675324002457632,17.688904749260484,17.271166800895983,17.34893798828125,138312493,17.34893798828125
2012-12-14,17.26178627661442,17.47534603791501,17.243516644963947,17.33066749572754,85523366,17.33066749572754
2012-12-17,17.418065714233034,17.823459436638885,17.381526451584943,17.79531478881836,121871097,17.79531478881836
2012-12-18,17.69211414963975,18.00072590714852,17.65384680597336,17.802474975585938,120646524,17.802474975585938
2012-12-19,17.79358582504899,17.850124693521458,17.694090726918464,17.778772354125977,77031655,17.778772354125977
2012-12-20,17.856543143596973,17.89086085956596,17.701248436057725,17.83432388305664,66528434,17.83432388305664
2012-12-21,17.627182847479236,17.74692522475256,17.542005864886583,17.66816520690918,141568653,17.66816520690918
2012-12-24,17.640516764002424,17.657060208396164,17.466706610503397,17.516826629638672,33762076,17.516826629638672
2012-12-26,17.48151836886009,17.600271927770518,17.341780161798944,17.501270294189453,47473277,17.501270294189453
2012-12-27,17.45855710970602,17.50052829464015,17.247960038835345,17.437570571899414,66142994,17.437570571899414
2012-12-28,17.324005647253216,17.452881914742935,17.282527923583984,17.282527923583984,56290202,17.282527923583984
2012-12-31,17.28227662259579,17.543239476426223,17.1835207885926,17.464481353759766,80195470,17.464481353759766
2013-01-02,17.761737994251753,17.948879291476477,17.690879127020786,17.856294631958008,102033017,17.856294631958008
2013-01-03,17.897774138377272,18.070597340893222,17.793834050438424,17.866666793823242,93075567,17.866666793823242
2013-01-04,18.006654515571327,18.30613053409738,17.965670263105423,18.21971893310547,110954331,18.21971893310547
2013-01-07,18.157501448883938,18.254529208606712,18.037267494129356,18.140220642089844,66476239,18.140220642089844
2013-01-08,18.159725872378367,18.17848897258905,17.88542991788769,18.104421615600586,67295297,18.104421615600586
2013-01-09,18.078994021734864,18.229102621726167,17.988385102345703,18.223424911499023,81291563,18.223424911499023
2013-01-10,18.33970437439524,18.393280542184794,18.10935729283034,18.306373596191406,73703226,18.306373596191406
2013-01-11,18.31921694421151,18.329833108367236,18.178489904062115,18.26959228515625,51600690,18.26959228515625
2013-01-14,18.195767935501078,18.324150711038307,17.83407537245381,17.856294631958008,114985384,17.856294631958008
2013-01-15,17.75951593999143,18.14639237735543,17.58101503184341,17.89777374267578,157696879,17.89777374267578
2013-01-16,17.83531028646417,17.88320685815475,17.619774768517065,17.657302856445312,81239368,17.657302856445312
2013-01-17,17.71952008625545,17.76716898075588,17.554350360695672,17.561758041381836,88791570,17.561758041381836
2013-01-18,17.538052309114917,17.597553863084876,17.315111022281894,17.39362335205078,129555794,17.39362335205078
2013-01-22,17.39732877733172,17.4141161163373,17.171670564432386,17.353134155273438,152264594,17.353134155273438
2013-01-23,18.170835142331338,18.492036950289542,18.165896688403805,18.306869506835938,237249950,18.306869506835938
2013-01-24,18.300451646134235,18.685352306338594,18.2824278027242,18.62066650390625,135815168,18.62066650390625
2013-01-25,18.535739816507398,18.726091519722285,18.522900213248203,18.607337951660156,89369729,18.607337951660156
2013-01-28,18.560183437545536,18.654987775359835,18.464636062721866,18.534753799438477,65327951,18.534753799438477
2013-01-29,18.436486973090414,18.68831598276115,18.431302730855215,18.607582092285156,70145942,18.607582092285156
2013-01-30,18.609062708177817,18.787070134315442,18.588569638693954,18.611284255981445,69579828,18.611284255981445
2013-01-31,18.529316270450053,18.704854474678847,18.522897415129766,18.65720558166504,65613015,18.65720558166504
2013-02-01,18.71917676544104,19.17345594448683,18.71670942900018,19.148765563964844,150405652,19.148765563964844
2013-02-04,18.953475093879693,19.0221105314067,18.720906422750783,18.739421844482422,122075862,18.739421844482422
2013-02-05,18.79151556712546,19.037912664038945,18.7505332044185,18.905332565307617,75108474,18.905332565307617
2013-02-06,18.74065548205399,19.083584972850517,18.726583157253444,19.01470375061035,83435569,19.01470375061035
2013-02-07,19.003101387860603,19.228016586440546,18.899407086699565,19.108028411865234,114033831,19.108028411865234
2013-02-08,19.26060487834909,19.42207076210836,19.246532553987308,19.38997459411621,121256803,19.38997459411621
2013-02-11,19.21789316904685,19.331460581598787,19.103089252460936,19.317140579223633,87037018,19.317140579223633
2013-02-12,19.3006022681992,19.452438924007165,19.241841852974616,19.274677276611328,74638720,19.274677276611328
2013-02-13,19.260605922355293,19.389482177869247,19.256656293551693,19.328006744384766,48107646,19.328006744384766
2013-02-14,19.25072912073953,19.47317695885213,19.202337191654557,19.450462341308594,69672173,19.450462341308594
2013-02-15,19.440093124231424,19.58477167152112,19.43194618792198,19.57563591003418,109601278,19.57563591003418
2013-02-19,19.652172833235824,19.92399955578408,19.634644346849427,19.92029571533203,117711564,19.92029571533203
2013-02-20,19.88202211474895,19.972631002377142,19.54847424460657,19.56501579284668,110982436,19.56501579284668
2013-02-21,19.70179578750656,19.88572860191262,19.5344045235429,19.64081382751465,140781714,19.64081382751465
2013-02-22,19.73290321954255,19.782034403880395,19.598101588628992,19.744014739990234,82463941,19.744014739990234
2013-02-25,19.807958896229543,19.9588105117292,19.516384033313148,19.523296356201172,92501423,19.523296356201172
2013-02-26,19.62772790153307,19.651183664383318,19.366025795580907,19.507492065429688,88430220,19.507492065429688
2013-02-27,19.62279005233494,19.868445973741267,19.531689575793397,19.745742797851562,81347773,19.745742797851562
2013-02-28,19.77833254605765,19.92375224477647,19.77660635596313,19.78080177307129,90971711,19.78080177307129
2013-03-01,19.696860305758907,19.92745511231318,19.656123730195475,19.904001235961914,87342157,19.904001235961914
2013-03-04,19.88202444762544,20.315069336934325,19.874618658157033,20.281986236572266,111440145,20.281986236572266
2013-03-05,20.46542660402771,20.742437554352204,20.464685457840126,20.70416831970215,162370331,20.70416831970215
2013-03-06,20.764163394861978,20.837489600624128,20.46246395681238,20.525915145874023,115350748,20.525915145874023
2013-03-07,20.592081792427607,20.65528530389091,20.48147517469705,20.5560359954834,82415761,20.5560359954834
2013-03-08,20.602943255472507,20.613313630062205,20.36963346069243,20.52937126159668,116912581,20.52937126159668
2013-03-11,20.5335678271047,20.73132528588105,20.528875161871966,20.610843658447266,64027093,20.610843658447266
2013-03-12,20.50937502407135,20.5385066089698,20.335562995819824,20.432838439941406,80633104,20.432838439941406
2013-03-13,20.439997514293953,20.508878735273274,20.30198550269408,20.376052856445312,65898080,20.376052856445312
2013-03-14,20.417533930180333,20.417533930180333,20.18052024990214,20.282978057861328,66295564,20.282978057861328
2013-03-15,20.207919465632934,20.252359875749463,20.08052551397789,20.10422706604004,124452737,20.10422706604004
2013-03-18,19.874621201628216,20.06620750605795,19.787468453345415,19.94350242614746,73807616,19.94350242614746
2013-03-19,20.02868103817082,20.226438516862796,19.910419055951778,20.030654907226562,84242583,20.030654907226562
2013-03-20,20.16668903122127,20.183476369815267,20.033615482443263,20.114349365234375,58771467,20.114349365234375
2013-03-21,20.02991215283583,20.1689110930553,19.99435982453682,20.029172897338867,59325536,20.029172897338867
2013-03-22,20.11509215494929,20.127436400127557,19.989178585315827,20.005720138549805,59751126,20.005720138549805
2013-03-25,20.057565461960294,20.225945572024308,19.919555332223236,19.989177703857422,68736680,19.989177703857422
2013-03-26,20.08447598424807,20.096820228017997,19.94350127935952,20.057811737060547,47854701,20.057811737060547
2013-03-27,19.916100007520495,19.924003047746638,19.784015248372505,19.816852569580078,86852328,19.816852569580078
2013-03-28,19.849682947619865,19.883754873855256,19.58575928483474,19.607730865478516,91855009,19.607730865478516
2013-04-01,19.62797602435695,19.80672459613977,19.584522549443317,19.780553817749023,72562968,19.780553817749023
2013-04-02,19.863262289254543,20.11731283251249,19.84993111130923,20.073118209838867,81966082,20.073118209838867
2013-04-03,20.083489369980025,20.101760894704363,19.767717567223897,19.90424919128418,69800653,19.90424919128418
2013-04-04,19.856104557514605,19.8931372921996,19.536383131764275,19.629459381103516,98270968,19.629459381103516
2013-04-05,19.407010057453803,19.429972355356735,19.168516011997124,19.33269691467285,137870844,19.33269691467285
2013-04-08,19.226533707035653,19.24628373949705,18.97100277296951,19.130245208740234,113708616,19.130245208740234
2013-04-09,19.14629815853829,19.349982945818684,19.087291943741864,19.19938087463379,86615444,19.19938087463379
2013-04-10,19.329487887206728,19.562304216704064,19.158640454773725,19.508729934692383,79440651,19.508729934692383
2013-04-11,19.575389537888967,19.580821458826286,19.357632467915064,19.513914108276367,81452163,19.513914108276367
2013-04-12,19.553416440469796,19.556133346330036,19.32973397803875,19.50551986694336,65713390,19.50551986694336
2013-04-15,19.40429347586699,19.67710710667344,19.18382140157187,19.305044174194336,98491793,19.305044174194336
2013-04-16,19.420094995169723,19.652417858568388,19.354176469213943,19.587486267089844,69941178,19.587486267089844
2013-04-17,19.42404521026813,19.525022591534956,19.21048546035027,19.320598602294922,81785407,19.320598602294922
2013-04-18,19.38948140392813,19.400592925015847,18.794724806492862,18.909528732299805,133398142,18.909528732299805
2013-04-19,18.989764806563226,19.836102618678748,18.918166688876344,19.747962951660156,232998073,19.747962951660156
2013-04-22,19.76598562981616,19.848939159843756,19.13394685010139,19.753887176513672,115768308,19.753887176513672
2013-04-23,19.77586262968634,20.13385323297906,19.760060335132376,19.946216583251953,92035684,19.946216583251953
2013-04-24,19.95140157115831,20.195575202266298,19.94868655610348,20.083240509033203,73438237,20.083240509033203
2013-04-25,20.152368541545282,20.157800462101054,19.93954994022305,19.975841522216797,79986690,19.975841522216797
2013-04-26,19.938811682308234,19.942265952879726,19.666737299139275,19.786231994628906,99880980,19.786231994628906
2013-04-29,19.831411993435378,20.311612285523864,19.82523892691648,20.221744537353516,92376959,20.221744537353516
2013-04-30,20.22026761427768,20.433581624037018,20.18767797389778,20.357786178588867,92613843,20.357786178588867
2013-05-01,20.325441412001535,20.361485318624236,20.155087442503067,20.255571365356445,58418148,20.255571365356445
2013-05-02,20.247420022697145,20.604174077692814,20.221496927011366,20.48221206665039,81034603,20.48221206665039
2013-05-03,20.663680503961114,20.906619539778113,20.63997895015661,20.879955291748047,100880714,20.879955291748047
2013-05-06,20.942664553509207,21.27818824398058,20.942664553509207,21.270780563354492,85973045,21.270780563354492
2013-05-07,21.30682631962706,21.328058645628456,21.00216418431641,21.16412353515625,78653713,21.16412353515625
2013-05-08,21.15844516805166,21.575194308629992,21.057467783205215,21.56902313232422,99102072,21.56902313232422
2013-05-09,21.50013932517704,21.717896383004,21.435701205073038,21.515941619873047,88353936,21.515941619873047
2013-05-10,21.610501267008292,21.73962330217595,21.532730074889123,21.731969833374023,76192522,21.731969833374023
2013-05-13,21.698888385195634,21.7872757469278,21.562854017045954,21.665311813354492,58157173,21.665311813354492
2013-05-14,21.66456909840003,21.940838903868404,21.655682906822435,21.90158462524414,63408784,21.90158462524414
2013-05-15,22.108972529021266,22.62447754672639,22.072433263528595,22.612380981445312,160033605,22.612380981445312
2013-05-16,22.6891637856135,22.713358807316236,22.269697698642364,22.31561851501465,128865215,22.31561851501465
2013-05-17,22.46745516696437,22.55312561554579,22.23290886955266,22.44671630859375,112098604,22.44671630859375
2013-05-20,22.343513237663124,22.728661535146152,22.343513237663124,22.430665969848633,91248746,22.430665969848633
2013-05-21,22.418077795623578,22.50794555765535,22.1610664327617,22.392154693603516,79617311,22.392154693603516
2013-05-22,22.28327446449723,22.449924585440836,21.896152262920626,21.9588623046875,102807910,21.9588623046875
2013-05-23,21.652226966806236,21.972196068576878,21.57816149812208,21.795175552368164,91345105,21.795175552368164
2013-05-24,21.609267423737144,21.697159423953362,21.504338513977427,21.561370849609375,92216359,21.561370849609375
2013-05-28,21.812703133179,22.02601521011244,21.73616655653822,21.757646560668945,90638467,21.757646560668945
2013-05-29,21.62037558497868,21.676666770570485,21.33842808048206,21.43767738342285,80837869,21.43767738342285
2013-05-30,21.47742817899369,21.69913488146608,21.390768902769974,21.498167037963867,85145956,21.498167037963867
2013-05-31,21.43298679815317,21.652224263820777,21.41817332812975,21.509521484375,79071272,21.509521484375
2013-06-03,21.55346898824767,21.577416329179442,21.109562124569415,21.420888900756836,99399181,21.420888900756836
2013-06-04,21.426316051708376,21.49396453329594,21.086101665953453,21.210289001464844,75024159,21.210289001464844
2013-06-05,21.294479966034192,21.465820849462435,21.161654102206903,21.22510528564453,84587872,21.22510528564453
2013-06-06,21.338672265184343,21.388792270783878,20.916984708170016,21.34706687927246,103550684,21.34706687927246
2013-06-07,21.489769953402543,21.72629009938939,21.363856412320462,21.719623565673828,107385002,21.719623565673828
2013-06-10,21.778134746123193,21.99786753874031,21.72851010120436,21.978609085083008,93862506,21.978609085083008
2013-06-11,21.82430695430774,21.899115452823615,21.71444148459159,21.721601486206055,70567517,21.721601486206055
2013-06-12,21.86109080805174,21.874421984246734,21.470758279809893,21.528284072875977,88522565,21.528284072875977
2013-06-13,21.454220342717637,21.717898233441147,21.368302211698804,21.652225494384766,83106340,21.652225494384766
2013-06-14,21.728760767216745,21.84233007345244,21.58136721365208,21.60383415222168,90136592,21.60383415222168
2013-06-17,21.707283301966637,21.959110430287545,21.683829426215322,21.880599975585938,86173794,21.880599975585938
2013-06-18,21.939853776700502,22.24476172299337,21.932446095536886,22.235380172729492,87000883,22.235380172729492
2013-06-19,22.253895293316305,22.487698552672896,22.158347937926614,22.236860275268555,117073180,22.236860275268555
2013-06-20,22.071688330679958,22.244757290156635,21.808010478568963,21.84331512451172,135385563,21.84331512451172
2013-06-21,21.932198203974956,21.970217868659503,21.555196804696102,21.749252319335938,159889066,21.749252319335938
2013-06-24,21.52581687175424,21.635436548017942,21.31275058607865,21.47421646118164,121128323,21.47421646118164
2013-06-25,21.658641373176753,21.71838871567522,21.343858469241574,21.385581970214844,102510801,21.385581970214844
2013-06-26,21.5719863624754,21.67691337839248,21.493475914415924,21.569517135620117,73530581,21.569517135620117
2013-06-27,21.696663972975074,21.8420817627778,21.643583161555526,21.65395164489746,77348840,21.65395164489746
2013-06-28,21.600376630565904,21.771717513566553,21.582848146651056,21.735424041748047,94324230,21.735424041748047
2013-07-01,21.885538484804044,22.02453934289862,21.849740361228335,21.92084503173828,69250599,21.92084503173828
2013-07-02,21.978118049536903,21.997869972530946,21.65889014352718,21.783323287963867,75943592,21.783323287963867
2013-07-03,21.723820193170823,21.95268686390916,21.689256693726232,21.885038375854492,42036977,21.885038375854492
2013-07-05,21.973427122418556,22.106748347674582,21.907506710594454,22.059345245361328,68331166,22.059345245361328
2013-07-08,22.20056923155367,22.37487284096589,22.147981879293777,22.345739364624023,79075287,22.345739364624023
2013-07-09,22.4916508470374,22.53979320880209,22.17019947819353,22.349441528320312,79472771,22.349441528320312
2013-07-10,22.305249928826907,22.495108151714586,22.229454490784484,22.36795997619629,68592140,22.36795997619629
2013-07-11,22.541025680317873,22.733846569373554,22.43041907316342,22.71977424621582,103755449,22.71977424621582
2013-07-12,22.71385073823039,22.787918090820312,22.596331799240428,22.787918090820312,103113050,22.787918090820312
2013-07-15,22.820014004442974,22.91136216272011,22.6239827285525,22.829641342163086,78713937,22.829641342163086
2013-07-16,22.889886461031423,22.910623431031887,22.563250823335416,22.704225540161133,79617311,22.704225540161133
2013-07-17,22.738539507798485,22.883218053433275,22.622502859759436,22.67805290222168,60469809,22.67805290222168
2013-07-18,22.688912613252842,22.71384877736199,22.298827741086754,22.483747482299805,145924920,22.483747482299805
2013-07-19,21.88948651081876,22.292904489291324,21.61790747586676,22.13612937927246,295475379,22.13612937927246
2013-07-22,22.2694509016527,22.53288111312177,22.146004681018105,22.484243392944336,116563276,22.484243392944336
2013-07-23,22.484242529355004,22.54102718364858,22.209455019009408,22.31389045715332,82134711,22.31389045715332
2013-07-24,22.39931376865987,22.474368056334367,22.237354416800216,22.291669845581055,83451629,22.291669845581055
2013-07-25,22.06872912948479,22.14230112675284,21.87640168492654,21.916399002075195,120493954,21.916399002075195
2013-07-26,21.898866346175843,21.972933693669923,21.775669706412874,21.85837745666504,71374530,21.85837745666504
2013-07-29,21.84726687100297,22.092181650073154,21.74826524540699,21.78233528137207,75959652,21.78233528137207
2013-07-30,21.861093750754947,22.111686242870345,21.747770229788507,21.995895385742188,70487217,21.995895385742188
2013-07-31,22.04700467514745,22.13390974697199,21.878872241292537,21.917633056640625,87265872,21.917633056640625
2013-08-01,22.096626721311257,22.33240574025566,22.096626721311257,22.32425880432129,85856610,22.32425880432129
2013-08-02,22.305000717165672,22.392894605304406,22.240316805166827,22.382278442382812,68812965,22.382278442382812
2013-08-05,22.353140808080877,22.356351180527106,22.200315357432373,22.3435115814209,52584363,22.3435115814209
2013-08-06,22.335859864464965,22.45979953552535,22.11464665693202,22.135385513305664,60469809,22.135385513305664
2013-08-07,22.097614271284808,22.18180432009578,21.950714178705454,21.989229202270508,55374783,21.989229202270508
2013-08-08,22.10872275013041,22.117365043760913,21.856895653691755,22.038854598999023,59743096,22.038854598999023
2013-08-09,21.98700883460552,22.10946623459537,21.973182297741808,21.983306884765625,53146462,21.983306884765625
2013-08-12,21.896645289902885,21.899114516654603,21.767027901548648,21.862327575683594,55286453,21.862327575683594
2013-08-13,21.89491879881465,21.936148838388732,21.632473630140453,21.75715446472168,57004870,21.75715446472168
2013-08-14,21.686050600965505,21.731971417123603,21.409287309147697,21.474712371826172,83600184,21.474712371826172
2013-08-15,21.342133514261764,21.35398429211059,21.183136838576274,21.22412109375,75048249,21.22412109375
2013-08-16,21.264114919873162,21.292754927740834,21.147089442781965,21.156225204467773,67255147,21.156225204467773
2013-08-19,21.17597418538185,21.528780570530934,21.169555329963767,21.372005462646484,72707508,21.372005462646484
2013-08-20,21.43866657893081,21.531497036488542,21.319913018996772,21.366329193115234,49504863,21.366329193115234
2013-08-21,21.495449759050413,21.650003318818374,21.39299197010447,21.462862014770508,70555472,21.462862014770508
2013-08-22,21.54606297968251,21.596674566836768,21.485574485236462,21.570999145507812,34926424,21.570999145507812
2013-08-23,21.672716851886857,21.676914159556286,21.473231296841224,21.484586715698242,43245489,21.484586715698242
2013-08-26,21.479400654509526,21.60037763910045,21.381879433223617,21.390274047851562,42257801,21.390274047851562
2013-08-27,21.22313163274451,21.324602487986436,20.93377643516696,20.98932647705078,69623993,20.98932647705078
2013-08-28,20.991796473175047,21.11919043387395,20.930566829108052,20.949825286865234,53395392,20.949825286865234
2013-08-29,20.962663314114526,21.241895830367998,20.950812537063584,21.11968421936035,59361671,21.11968421936035
2013-08-30,21.127834070211506,21.184125263930728,20.8760069363574,20.909090042114258,74743109,20.909090042114258
2013-09-03,21.09326560233791,21.385337692496446,21.08314290703296,21.241893768310547,82210996,21.241893768310547
2013-09-04,21.241152442935526,21.565812273402372,21.113265026546795,21.519643783569336,81954037,21.519643783569336
2013-09-05,21.565812299359184,21.723328546117838,21.519150342258122,21.71542739868164,51845604,21.71542739868164
2013-09-06,21.786534521671236,21.819617626122252,21.571740131034225,21.715925216674805,62698130,21.715925216674805
2013-09-09,21.818380402377105,21.967008566331007,21.786038448037438,21.925037384033203,49569103,21.925037384033203
2013-09-10,21.973674635543745,22.02255813909594,21.825046474733785,21.940343856811523,51697050,21.940343856811523
2013-09-11,21.937132016332587,22.14525982892251,21.876397741354833,22.12600326538086,64665477,22.12600326538086
2013-09-12,22.155879415535615,22.168223659305863,21.973428883474224,22.048730850219727,43984248,22.048730850219727
2013-09-13,22.084280566966196,22.113414037597426,21.845784662894857,21.950218200683594,53214717,21.950218200683594
2013-09-16,22.126254630844773,22.14600466484292,21.846528656306567,21.917879104614258,53660381,21.917879104614258
2013-09-17,21.909236210112734,21.933431227951047,21.750978823761404,21.877140045166016,50564822,21.877140045166016
2013-09-18,21.883069362752607,22.31808818545305,21.80208968039435,22.302040100097656,77678069,22.302040100097656
2013-09-19,22.367957392915482,22.367957392915482,22.106501069982528,22.180320739746094,64155573,22.180320739746094
2013-09-20,22.180320116680985,22.322035955009458,22.111932369523636,22.296852111816406,174463490,22.296852111816406
2013-09-23,22.125018488137062,22.259326650893563,21.854674082035643,21.886770248413086,71362485,21.886770248413086
2013-09-24,21.88676985855135,21.97564878517489,21.760856312712296,21.89516258239746,59694916,21.89516258239746
2013-09-25,21.888003068940357,21.888003068940357,21.617658661630593,21.657901763916016,66207234,21.657901763916016
2013-09-26,21.684320755082773,21.794186223170808,21.602845723395465,21.681110382080078,50584897,21.681110382080078
2013-09-27,21.598402368454458,21.66506203841768,21.51174498657017,21.637165069580078,50540732,21.637165069580078
2013-09-30,21.456688812901426,21.747030940942636,21.43767803507149,21.62531280517578,69154239,21.62531280517578
2013-10-01,21.73246449262541,21.915656177366138,21.727527929350238,21.89911651611328,67644602,21.89911651611328
2013-10-02,21.793694109846946,21.957381548214364,21.67247132526039,21.923559188842773,60036190,21.923559188842773
2013-10-03,21.923802884039528,22.07440491760949,21.53124877165492,21.629756927490234,84997401,21.629756927490234
2013-10-04,21.602845328985538,21.664816114608694,21.479401006316554,21.53742027282715,54523605,21.53742027282715
2013-10-07,21.416442566056904,21.577908423756234,21.333980611471404,21.374223709106445,51937949,21.374223709106445
2013-10-08,21.363856178992343,21.380150049364794,21.025863301440456,21.076229095458984,78039419,21.076229095458984
2013-10-09,21.140670913855562,21.2979394992311,20.812309096896033,21.13030242919922,106449509,21.13030242919922
2013-10-10,21.327316582674385,21.450515116521764,21.23769650773846,21.435949325561523,90550137,21.435949325561523
2013-10-11,21.38138615468156,21.565318969247162,21.363364202578037,21.528532028198242,56567236,21.528532028198242
2013-10-14,21.39694113977332,21.633708982712896,21.365586118913054,21.630250930786133,49930453,21.630250930786133
2013-10-15,21.621613064961718,21.865293258992637,21.578161474635316,21.77591896057129,63914673,21.77591896057129
2013-10-16,21.871217246315318,22.178842083259067,21.825294541162915,22.17143440246582,80604999,22.17143440246582
2013-10-17,22.047000252018382,22.143534533907097,21.867758222837928,21.94330596923828,170902191,21.94330596923828
2013-10-18,24.110752044760048,25.070659244163213,24.04705506807498,24.97066879272461,464390148,24.97066879272461
2013-10-21,24.97190619707258,25.15806058497291,24.677860197988583,24.770444869995117,145675990,24.770444869995117
2013-10-22,24.812412730798044,25.009924402440415,24.58502644039339,24.86178970336914,88675135,24.86178970336914
2013-10-23,24.713650921496384,25.54690515742688,24.704517052792024,25.46444320678711,106927293,25.46444320678711
2013-10-24,25.475806688280354,25.690601073169727,25.30125540885429,25.319772720336914,83997668,25.319772720336914
2013-10-25,25.400502428444923,25.400502428444923,24.954126358858083,25.064239501953125,81524432,25.064239501953125
2013-10-28,25.06423982987174,25.267429210539724,25.009676724821006,25.059301376342773,46521724,25.059301376342773
2013-10-29,25.160526483142643,25.600977171380215,25.022268690878505,25.583696365356445,64440637,25.583696365356445
2013-10-30,25.613077147671454,25.61505290733967,25.33088194667693,25.44000816345215,53162522,25.44000816345215
2013-10-31,25.4032198053224,25.714053105460493,25.280762416973985,25.44395637512207,65845885,25.44395637512207
2013-11-01,25.473831001328968,25.577772977944857,25.30866316199567,25.356557846069336,51524405,25.356557846069336
2013-11-04,25.46666882538408,25.488148829304404,25.232865571727576,25.333595275878906,45722740,25.333595275878906
2013-11-05,25.191388177694154,25.470372990556083,25.119050798900073,25.220273971557617,47433127,25.220273971557617
2013-11-06,25.321006288403215,25.35556979230742,25.068438035433044,25.250642776489258,36652871,25.250642776489258
2013-11-07,25.24718459581718,25.279774228175654,24.877590901282257,24.885244369506836,67435822,24.885244369506836
2013-11-08,24.904996540399736,25.145714018440042,24.8988234732309,25.084732055664062,51825529,25.084732055664062
2013-11-11,24.923759947059875,25.082265028984914,24.886481427344766,24.950424194335938,44670812,24.950424194335938
2013-11-12,24.879075292943025,25.12250780426397,24.81241561594936,24.979806900024414,48906630,24.979806900024414
2013-11-13,24.855619957773396,25.50000120912516,24.849446890507203,25.490619659423828,63412799,25.490619659423828
2013-11-14,25.52641965426208,25.670357064836924,25.438279969431157,25.55876350402832,46842923,25.55876350402832
2013-11-15,25.549874306308897,25.62715014485309,25.437291925168935,25.517532348632812,51243355,25.517532348632812
2013-11-18,25.57159742477515,25.892307624744458,25.410872697053787,25.46790313720703,70651832,25.46790313720703
2013-11-19,25.47210291735626,25.546909522802355,25.258047803314277,25.311128616333008,45433661,25.311128616333008
2013-11-20,25.4284001904321,25.51259023056562,25.191632364164253,25.239776611328125,38692487,25.239776611328125
2013-11-21,25.355571473167252,25.634803991437796,25.33088298435917,25.530122756958008,43835693,25.530122756958008
2013-11-22,25.51407316310765,25.581967448654147,25.41038075997448,25.476299285888672,50356042,25.476299285888672
2013-11-25,25.606410733834572,26.002175249374403,25.553575705902944,25.822933197021484,64761837,25.822933197021484
2013-11-26,25.888850347485167,26.20733709526677,25.74911027156672,26.13104820251465,91794785,26.13104820251465
2013-11-27,26.22042704447197,26.367820614128153,26.170308920040274,26.24709129333496,45112461,26.24709129333496
2013-11-29,26.22363605112554,26.333747311751132,26.15672869881835,26.160184860229492,47890836,26.160184860229492
2013-12-02,26.25696652349477,26.32708425315101,25.94218166765547,26.034025192260742,55133884,26.034025192260742
2013-12-03,25.946870101693264,26.255236073748208,25.899221208219842,26.003902435302734,67295297,26.003902435302734
2013-12-04,25.957239523083054,26.268568177780054,25.923415276081386,26.1253719329834,47842656,26.1253719329834
2013-12-05,26.101179077180536,26.161913363177263,25.95032935135995,26.10463523864746,45517975,26.10463523864746
2013-12-06,26.412012353706032,26.417196595897384,26.17228180195752,26.41398811340332,57366220,26.41398811340332
2013-12-09,26.4416389168033,26.721119102704872,26.368312708916537,26.6181640625,59526286,26.6181640625
2013-12-10,26.569034940340483,26.968007939234116,26.556688805677226,26.779136657714844,74433955,26.779136657714844
2013-12-11,26.84678690336864,26.943566992535548,26.544839755985993,26.59718132019043,68728650,26.59718132019043
2013-12-12,26.653471503966372,26.736672731648518,26.392508620449213,26.416210174560547,64099363,26.416210174560547
2013-12-13,26.550515422694836,26.572488893618686,26.118211677492802,26.189809799194336,86820208,26.189809799194336
2013-12-16,26.26906363362611,26.532987314167904,26.21993244586063,26.49077033996582,64320188,26.49077033996582
2013-12-17,26.486818665340625,26.682848043329596,26.37719898876781,26.413738250732422,61658247,26.413738250732422
2013-12-18,26.462871940548137,26.786297189504552,26.14660669356642,26.781360626220703,88743390,26.781360626220703
2013-12-19,26.683097794384487,26.9601087755782,26.641374284460635,26.81765365600586,66877738,26.81765365600586
2013-12-20,26.86900521963558,27.186752762274676,26.861599429295715,27.173173904418945,130953011,27.173173904418945
2013-12-23,27.35142620666267,27.547950956444186,27.284273065906685,27.530668258666992,69122119,27.530668258666992
2013-12-24,27.527457792220126,27.53412243561514,27.357844981165776,27.45018196105957,29478078,27.45018196105957
2013-12-26,27.503755062395474,27.62695358995848,27.372409599468234,27.588932037353516,53712576,27.588932037353516
2013-12-27,27.651646430617895,27.65855875375165,27.477342825031453,27.612144470214844,63023345,27.612144470214844
2013-12-30,27.66003860383693,27.663988232324723,27.380558430038302,27.391422271728516,49629328,27.391422271728516
2013-12-31,27.460055623024978,27.676330380572605,27.3124162903265,27.669170379638672,54519590,27.669170379638672
2014-01-02,27.539558302378115,27.59609528005614,27.361796651664537,27.48178482055664,73129082,27.48178482055664
2014-01-03,27.528199667238372,27.575848560086094,27.279581047176602,27.281309127807617,66917888,27.281309127807617
2014-01-06,27.47906852248357,27.623497493596794,27.31686149644984,27.585477828979492,71037271,27.585477828979492
2014-01-07,27.775092582394823,28.137774033208494,27.680288249363066,28.117280960083008,102486711,28.117280960083008
2014-01-08,28.293559315316088,28.326148951362246,27.9797614105637,28.175792694091797,90036218,28.175792694091797
2014-01-09,28.230359214172903,28.249615783369336,27.788919617793752,27.904462814331055,83692529,27.904462814331055
2014-01-10,28.12270981061133,28.12270981061133,27.70719339957377,27.902976989746094,86061375,27.902976989746094
2014-01-13,27.81138364763009,28.31602671120002,27.581775789857055,27.7252197265625,97118665,27.7252197265625
2014-01-14,28.094811858579966,28.417002474680356,27.851377478109303,28.377498626708984,99676216,28.377498626708984
2014-01-15,28.46613746374186,28.51576212327284,28.23899881561393,28.358245849609375,78300393,28.358245849609375
2014-01-16,28.37009347582297,28.588098228044846,28.342935761405425,28.545879364013672,67608467,28.545879364013672
2014-01-17,28.561437118106245,28.654761048132237,28.249121477320106,28.40540313720703,108457005,28.40540313720703
2014-01-21,28.662163030949014,28.73795846315641,28.42440825044781,28.730552673339844,79492846,28.730552673339844
2014-01-22,28.802395909475578,28.833998608958566,28.611057304008764,28.763141632080078,63091600,28.763141632080078
2014-01-23,28.63920290754315,28.700678337276212,28.500203964190387,28.641672134399414,78256228,28.641672134399414
2014-01-24,28.417247940022182,28.47995798188227,27.725711289612555,27.74620246887207,156283602,27.74620246887207
2014-01-27,27.802249374930476,27.812124392007114,26.72013052107045,27.188232421875,174796734,27.188232421875
2014-01-28,27.412653445383107,27.793604455885035,27.4032718964444,27.725955963134766,88739375,27.725955963134766
2014-01-29,27.629920360824492,27.69485195574198,27.143546924335734,27.32871437072754,95552818,27.32871437072754
2014-01-30,28.268867989411326,28.453789636215284,27.830638834209676,28.031606674194336,204419353,28.031606674194336
2014-01-31,28.919423824068215,29.294449488824707,28.42021457073298,29.156932830810547,223486554,29.156932830810547
2014-02-03,29.113232745941314,29.17544932734879,27.94816217245382,27.983219146728516,183449044,27.983219146728516
2014-02-04,28.09579925922237,28.51575878639968,28.071604239078898,28.09999656677246,112897588,28.09999656677246
2014-02-05,28.228875071092837,28.41132561656585,27.849652084996986,28.224430084228516,96139007,28.224430084228516
2014-02-06,28.420213159650814,28.64315447239715,28.33182580399443,28.638216018676758,78155853,28.638216018676758
2014-02-07,28.827580565781624,29.081137659548517,28.653031173469003,29.069780349731445,105843245,29.069780349731445
2014-02-10,28.930530494389295,29.192234495560694,28.86189695722994,28.958431243896484,78099643,28.958431243896484
2014-02-11,29.137182943113924,29.426044706716894,28.940660065456978,29.384319305419922,82339476,29.384319305419922
2014-02-12,29.355179546849847,29.379869922441962,29.16705132550502,29.29814910888672,69238554,29.29814910888672
2014-02-13,29.15149972541863,29.62429428100586,29.124587799350202,29.62429428100586,73731331,29.62429428100586
2014-02-14,29.518378354689638,29.73514850618875,29.449003662848614,29.695892333984375,87795852,29.695892333984375
2014-02-18,29.661578630348533,29.944513120667747,29.626767442447957,29.895381927490234,84672187,29.895381927490234
2014-02-19,29.757614510315484,29.854396484775325,29.565041277264775,29.68453598022461,84459392,29.68453598022461
2014-02-20,29.704287917907916,29.79687259061124,29.632196317708246,29.72823715209961,68287001,29.72823715209961
2014-02-21,29.819578579327214,29.87043783993478,29.696875413744664,29.72032928466797,74771214,29.72032928466797
2014-02-24,29.759096117146978,30.12449254054134,29.75267537093796,29.93562126159668,67223027,29.93562126159668
2014-02-25,30.020304377297432,30.23164070243435,29.884020448541154,30.120540618896484,57763704,30.120540618896484
2014-02-26,30.21929724471655,30.33978077161456,29.966483195556968,30.124740600585938,79585191,30.124740600585938
2014-02-27,30.08079447723891,30.224977670841938,30.046722547892987,30.101037979125977,50588912,30.101037979125977
2014-02-28,30.128934394514193,30.22398639145372,29.780327215859145,30.01314353942871,92890878,30.01314353942871
2014-03-03,29.793412514392482,29.820324441157133,29.43270685891356,29.69317626953125,84507572,29.69317626953125
2014-03-04,29.9970926871672,30.021783062181356,29.86130413264414,29.994871139526367,58928052,29.994871139526367
2014-03-05,29.998331716249325,30.19658454757917,29.908463956242745,30.07758331298828,49597208,30.07758331298828
2014-03-06,30.176830846691935,30.272378201156133,30.085976157531285,30.110912322998047,50914126,30.110912322998047
2014-03-07,30.28842612204123,30.293116896640594,29.90920318158683,29.991910934448242,60831159,29.991910934448242
2014-03-10,30.01412926313696,30.062273511703445,29.727738670472473,29.912410736083984,48766105,29.912410736083984
2014-03-11,29.96672892362271,29.980309671711677,29.543806693562242,29.626516342163086,68776830,29.626516342163086
2014-03-12,29.53788177811451,29.82057043390652,29.236430023677666,29.806991577148438,78866507,29.806991577148438
2014-03-13,29.823038463553083,29.885996185873076,29.250501137187058,29.356664657592773,94175675,29.356664657592773
2014-03-14,29.182114030196004,29.40135339853422,28.94855654895117,28.955223083496094,92099924,28.955223083496094
2014-03-17,29.114464774353415,29.554421982080832,29.086318236989804,29.431716918945312,86808163,29.431716918945312
2014-03-18,29.495169313958172,29.911424987581196,29.455419678316005,29.90475845336914,72872123,29.90475845336914
2014-03-19,29.918090297478486,29.92278107192638,29.488747361273155,29.608243942260742,64757822,29.608243942260742
2014-03-20,29.6255256569202,29.86402157765342,29.51220402987005,29.556644439697266,67640587,29.556644439697266
2014-03-21,29.782547562626398,29.864516057457287,29.193468724815347,29.20803451538086,128821050,29.20803451538086
2014-03-24,29.236429348160577,29.25395783299704,28.29232068948277,28.588096618652344,121939352,28.588096618652344
2014-03-25,28.787340496250472,28.882144826004065,28.31824973897279,28.607603073120117,96769361,28.607603073120117
2014-03-26,28.688826934071482,28.92485363110066,27.935567177081936,27.947172164916992,103586819,27.947172164916992
2014-03-27,28.07471529155026,28.07471529155026,27.329352855668983,27.603178024291992,262719,27.603178024291992
2014-03-28,27.73861036239425,27.997115368235864,27.613560839360122,27.678804397583008,824257,27.678804397583008
2014-03-31,28.01984879690293,28.025286389561707,27.52755381203097,27.529529571533203,216593,27.529529571533203
2014-04-01,27.615533149265033,28.096956736691677,27.615533149265033,28.033193588256836,158434,28.033193588256836
2014-04-02,29.655896325170517,29.895123959505653,27.787544193650128,28.02528953552246,2942055,28.02528953552246
2014-04-03,28.16615460340548,29.027672757007398,27.883430023083456,28.160717010498047,101983228,28.160717010498047
2014-04-04,28.403405443027903,28.557618673062702,26.839031195298944,26.845951080322266,127386783,26.845951080322266
2014-04-07,26.727325911668487,27.109893481153694,26.055609226461282,26.59930992126465,88033033,26.59930992126465
2014-04-08,26.819263925255346,27.43216162634783,26.770329365706978,27.42721939086914,63024560,27.42721939086914
2014-04-09,27.660512403153014,27.944719266699238,27.330832819575193,27.88392448425293,66616395,27.88392448425293
2014-04-10,27.926431871394712,27.926431871394712,26.685806090721613,26.73770523071289,80737057,26.73770523071289
2014-04-11,26.322514470742995,26.690746884482785,26.02496130820639,26.226131439208984,78496923,26.226131439208984
2014-04-14,26.604253454370824,26.893402584199833,26.174730848766945,26.321035385131836,51501009,26.321035385131836
2014-04-15,26.533573496473235,26.614141012023826,25.626087153186962,26.51479148864746,77101101,26.51479148864746
2014-04-16,26.839030478565114,27.531011399702283,26.690746421734257,27.508275985717773,97865955,27.508275985717773
2014-04-17,27.12620362057454,27.16030957971033,26.253316813775225,26.497982025146484,136190888,26.497982025146484
2014-04-21,26.497983928272717,26.527641121766123,25.978998167571493,26.128267288208008,51334553,26.128267288208008
2014-04-22,26.129256640505755,26.553836986628912,26.073402199318704,26.434223175048828,47307527,26.434223175048828
2014-04-23,26.38380609154118,26.3877613921275,26.01112488930768,26.045228958129883,41046384,26.045228958129883
2014-04-24,26.199938147628362,26.278032647831054,25.806988856994625,25.95724868774414,37663121,25.95724868774414
2014-04-25,25.82626481984064,25.934511864448183,25.47582557709262,25.513389587402344,42007014,25.513389587402344
2014-04-28,25.562816902277948,25.6330026860608,24.85205207594125,25.56133460998535,66710653,25.56133460998535
2014-04-29,25.548979839659268,26.169786227592834,25.520311471783927,26.082794189453125,53981801,26.082794189453125
2014-04-30,26.07784887292062,26.097619702403644,25.82675725873937,26.031387329101562,35023895,26.031387329101562
2014-05-01,26.053630353505266,26.34129716332241,25.8939795280845,26.263202667236328,38110345,26.263202667236328
2014-05-02,26.382326096110027,26.394188217543636,25.97949230921024,26.09416389465332,33770463,26.09416389465332
2014-05-05,25.940443316354973,26.14210692256526,25.76744807620726,26.08823013305664,20482080,26.08823013305664
2014-05-06,25.960707971256895,26.038802469476476,25.458033131851494,25.461986541748047,33780490,25.461986541748047
2014-05-07,25.494115784159046,25.538106215259223,24.876769347005123,25.20595359802246,64486563,25.20595359802246
2014-05-08,25.131809891095962,25.565287738647307,25.03246038568411,25.257356643676758,40426688,25.257356643676758
2014-05-09,25.245003188522958,25.69726311256257,24.921254622092494,25.639432907104492,48789585,25.639432907104492
2014-05-12,25.87568963133044,26.205862644957616,25.65326640036975,26.19251823425293,38250730,26.19251823425293
2014-05-13,26.240470198264514,26.496502195801817,26.17226016433141,26.34920883178711,33068541,26.34920883178711
2014-05-14,26.34475740406579,26.34475740406579,25.963674031235158,26.030895233154297,23835261,26.030895233154297
2014-05-15,25.983940344055657,25.99234441295656,25.57468204071311,25.701215744018555,34087331,25.701215744018555
2014-05-16,25.770907136737005,25.79117332600373,25.47681578417979,25.73334312438965,29705333,25.73334312438965
2014-05-19,25.68737949764664,26.185605631611022,25.5827398524463,26.140132904052734,25555972,26.140132904052734
2014-05-20,26.183627816279895,26.504411806357076,26.013599028970468,26.18511199951172,35695734,26.18511199951172
2014-05-21,26.33981704970617,26.65036866382423,26.290884382465254,26.63835906982422,23925508,26.63835906982422
2014-05-22,26.746600968074443,27.066396073551545,26.72930125590713,26.94085121154785,32316482,26.94085121154785
2014-05-23,27.049592806955765,27.364939179643528,26.873631081352883,27.318477630615234,38643806,27.318477630615234
2014-05-27,27.48158712925296,27.975859789387396,27.400030797948656,27.973388671875,42083223,27.973388671875
2014-05-28,27.905181327937598,28.066807932362106,27.728726126333413,27.76233673095703,33040464,27.76233673095703
2014-05-29,27.844877014313017,27.877005322972074,27.615533867313605,27.683250427246094,27082150,27.683250427246094
2014-05-30,27.718837915063673,27.746023989858905,27.4771391708118,27.673860549926758,35422988,27.673860549926758
2014-06-02,27.71389426793415,27.723778737771298,26.973967586006776,27.379270553588867,28700582,27.379270553588867
2014-06-03,27.233958677395126,27.30068642087504,26.816791640521465,26.93492317199707,37332215,26.93492317199707
2014-06-04,26.76488876324529,27.116316808079496,26.628964077709814,26.921079635620117,36329469,26.921079635620117
2014-06-05,27.00708310740359,27.429687682918637,26.910700072102024,27.377788543701172,33782496,27.377788543701172
2014-06-06,27.583407843257515,27.583407843257515,27.132134895268056,27.49789810180664,34735104,27.49789810180664
2014-06-09,27.53843403109753,27.822640962249718,27.483570295545544,27.784086227416992,29350361,27.784086227416992
2014-06-10,27.70450619049454,27.857237147308172,27.575501367017395,27.706483840942383,27034019,27.706483840942383
2014-06-11,27.58044228028887,27.673365377373937,27.433148923928247,27.62196159362793,22002242,27.62196159362793
2014-06-12,27.54584229488495,27.579948254728375,27.10890446985165,27.251750946044922,29169867,27.251750946044922
2014-06-13,27.29672959262547,27.298707243031355,26.965567683597822,27.272016525268555,24410836,27.272016525268555
2014-06-16,27.14844736721138,27.166240547561543,26.76587791891115,26.902297973632812,34051232,26.902297973632812
2014-06-17,26.898342356025392,26.953701437367585,26.65763244885326,26.83952522277832,28891103,26.83952522277832
2014-06-18,26.930966094909813,27.360984020234138,26.88845795866759,27.351593017578125,34835379,27.351593017578125
2014-06-19,27.39459761162304,27.43216162634783,27.111377645962484,27.42721939086914,49136535,27.42721939086914
2014-06-20,27.523601619120544,27.559683340266563,27.204400146716385,27.49938201904297,90166875,27.49938201904297
2014-06-23,27.439573432149444,27.926432757004285,27.39508953399141,27.923961639404297,30736155,27.923961639404297
2014-06-24,27.935824911861413,28.30435609965612,27.72921905265018,27.907651901245117,44142862,27.907651901245117
2014-06-25,27.93928395122065,28.665866268559867,27.937308191530565,28.601116180419922,39387843,28.601116180419922
2014-06-26,28.717269127882794,28.78893720393018,28.265007380428813,28.470130920410156,34839390,28.470130920410156
2014-06-27,28.52845516957996,28.661413378867,28.36138911370591,28.53141975402832,44738493,28.53141975402832
2014-06-30,28.601611613978278,28.646588979903292,28.40835017423204,28.434547424316406,26275943,28.434547424316406
2014-07-01,28.58480431036447,28.88532207560815,28.502261043772403,28.799814224243164,28959290,28.799814224243164
2014-07-02,28.833425701257624,28.936728627112352,28.68711927877846,28.78325653076172,21127848,28.78325653076172
2014-07-03,28.833424172579573,28.915472079397492,28.71331500637941,28.90163230895996,14283107,28.90163230895996
2014-07-07,28.853687268972344,28.985658549858734,28.647574904022992,28.779050827026367,21292298,28.779050827026367
2014-07-08,28.552184900744336,28.6445143298276,27.982534595501818,28.227447509765625,38190565,28.227447509765625
2014-07-09,28.251663504932857,28.50571971148566,28.14272636347468,28.47408676147461,22335153,28.47408676147461
2014-07-10,27.971412261456102,28.4992955463804,27.92692836290308,28.22793960571289,27134293,28.22793960571289
2014-07-11,28.267974924910916,28.7098549709978,28.243755326723495,28.62731170654297,32434806,28.62731170654297
2014-07-14,28.796353604720306,28.92535841560793,28.570470400851647,28.908552169799805,37081529,28.908552169799805
2014-07-15,28.95155649619401,28.95476875994119,28.49781242516096,28.904104232788086,32460877,28.904104232788086
2014-07-16,29.06326088727646,29.08303171787308,28.77658100760696,28.799318313598633,27942506,28.799318313598633
2014-07-17,28.644612954211212,28.716776394737696,28.104865661331832,28.357934951782227,60331186,28.357934951782227
2014-07-18,29.310400450303376,29.498224307042424,28.766699712865126,29.413209915161133,80283816,29.413209915161133
2014-07-21,29.248613477226495,29.379594047678946,28.92649471127062,29.13591766357422,41242922,29.13591766357422
2014-07-22,29.19770332036656,29.639088011943386,29.191770369570605,29.396400451660156,33983045,29.396400451660156
2014-07-23,29.321766493043185,29.550120820242707,29.285682883023206,29.457691192626953,24663528,29.457691192626953
2014-07-24,29.48092216801385,29.63167546456218,29.249601363773618,29.32769775390625,20702684,29.32769775390625
2014-07-25,29.181888010813577,29.254051453249147,29.01531728554591,29.113677978515625,18649061,29.113677978515625
2014-07-28,29.06672294093836,29.285684385761773,28.902772697111246,29.1917724609375,19736037,29.1917724609375
2014-07-29,29.10032953713903,29.147284547745542,28.841576894232823,28.945127487182617,26997920,28.945127487182617
2014-07-30,28.9915938812911,29.137404953522427,28.865553641677646,29.034595489501953,20329662,29.034595489501953
2014-07-31,28.697497739889492,28.848251032480526,28.173567892062483,28.25265121459961,42055146,28.25265121459961
2014-08-01,28.19334354072188,28.468159438548156,27.820166946738567,27.97932243347168,39105069,27.97932243347168
2014-08-04,28.126121586878064,28.438006133391944,27.88194982444294,28.329267501831055,28546159,28.329267501831055
2014-08-05,28.176042904979532,28.271437122310324,27.808302025794635,27.929893493652344,31024946,27.929893493652344
2014-08-06,27.767274158751533,28.208167243464562,27.67929330682186,27.994342803955078,26687069,27.994342803955078
2014-08-07,28.07471632269458,28.1681347822475,27.733668044856216,27.845373153686523,22218835,27.845373153686523
2014-08-08,27.85525584202134,28.185924247415734,27.69659384536115,28.11277198791504,29895854,28.11277198791504
2014-08-11,28.173076467372752,28.197789534787532,27.9758616139592,28.068784713745117,24294518,28.068784713745117
2014-08-12,27.902710021097544,27.97092005511841,27.722794877726653,27.81423568725586,30840441,27.81423568725586
2014-08-13,28.040610732053086,28.42070718693435,27.963503166185,28.409832000732422,28784812,28.409832000732422
2014-08-14,28.479029522419545,28.564043904316765,28.217064600854968,28.403406143188477,19709966,28.403406143188477
2014-08-15,28.562065637873424,28.637195548260806,28.19926892160134,28.3455753326416,30383189,28.3455753326416
2014-08-18,28.475571222455507,28.890760576682112,28.470133629295482,28.774606704711914,25682318,28.774606704711914
2014-08-19,28.914976064774596,29.03063645304748,28.865548047469563,29.00691032409668,19573592,29.00691032409668
2014-08-20,28.95847589353427,28.999004489487156,28.79486976395828,28.8897705078125,20734771,28.8897705078125
2014-08-21,28.856657368998537,28.890266082107434,28.72419071358963,28.834413528442383,18296094,28.834413528442383
2014-08-22,28.845286688001085,28.926644498090923,28.699475629184455,28.794376373291016,15781209,28.794376373291016
2014-08-25,28.901140754316792,28.914980525670195,28.618416157444862,28.6777286529541,27228551,28.6777286529541
2014-08-26,28.730120040660765,28.756810757038508,28.498801128946706,28.56206703186035,32793789,28.56206703186035
2014-08-27,28.532906447435952,28.593207768214448,28.178661239361013,28.222997665405273,34067276,28.222997665405273
2014-08-28,28.151822552916094,28.334208804491478,28.030231088306135,28.1340274810791,25858801,28.1340274810791
2014-08-29,28.23930680199401,28.274399695501028,28.02869839261804,28.25265121459961,21675347,28.25265121459961
2014-09-02,28.265009042944815,28.560584571666585,28.23238726652803,28.535871505737305,31568434,28.535871505737305
2014-09-03,28.66784161460399,28.81563032796883,28.420707167825363,28.566022872924805,24302540,28.566022872924805
2014-09-04,28.66783979983051,28.964404142277875,28.629286964702466,28.76570701599121,29163850,28.76570701599121
2014-09-05,28.864564510204954,28.991591674703763,28.764226171563696,28.968360900878906,32647388,28.968360900878906
2014-09-08,28.994065934397376,29.24960447416398,28.97923733678579,29.148279190063477,28620362,29.148279190063477
2014-09-09,29.1077467441006,29.112688979412898,28.667842425006295,28.71776580810547,25744488,28.71776580810547
2014-09-10,28.741984484885375,28.8408386413519,28.516594739326788,28.821067810058594,19547521,28.821067810058594
2014-09-11,28.68563878748648,28.757308765455118,28.482986333096296,28.73457145690918,24420864,28.73457145690918
2014-09-12,28.71726947372666,28.74890242351797,28.394014418758665,28.45134925842285,32033708,28.45134925842285
2014-09-15,28.318888774042787,28.418238296668246,28.08509683120588,28.326797485351562,31951483,28.326797485351562
2014-09-16,28.309985670847016,28.74198121602697,28.30504343625555,28.665367126464844,29607064,28.665367126464844
2014-09-17,28.668337912356005,29.03953684329669,28.607295444868186,28.90361213684082,33856699,28.90361213684082
2014-09-18,29.01383142493869,29.139376287527995,28.914977276863606,29.12603187561035,28891103,29.12603187561035
2014-09-19,29.23625835099898,29.482405872383335,29.13740419049832,29.462635040283203,74732617,29.462635040283203
2014-09-22,29.350926030542535,29.357301399862287,28.83885833308619,29.032119750976562,33790518,29.032119750976562
2014-09-23,29.006418416107874,29.006418416107874,28.71726932056178,28.72369384765625,29428575,28.72369384765625
2014-09-24,28.7400073045941,29.14382800564062,28.693545755761,29.062767028808594,34562632,29.062767028808594
2014-09-25,29.04102199226877,29.06227511745774,28.38017855414716,28.423673629760742,38519466,28.423673629760742
2014-09-26,28.473098020282784,28.63077119426798,28.40389916941813,28.52450180053711,28873054,28.52450180053711
2014-09-29,28.260067526346877,28.578378478798665,28.231399159105482,28.48792839050293,25648224,28.48792839050293
2014-09-30,28.516102298505086,28.66042918307327,28.314438677647146,28.537355422973633,32434806,28.537355422973633
2014-10-01,28.470627941602682,28.54822897270962,28.025781410977874,28.08806037902832,28909153,28.08806037902832
2014-10-02,28.040611037894784,28.267976546615827,27.843396189162217,28.17752456665039,23568530,28.17752456665039
2014-10-03,28.324324612147063,28.53068278625635,28.297138536875476,28.434547424316406,22834521,28.434547424316406
2014-10-06,28.608529481215186,28.717269993271387,28.3930261073377,28.5368595123291,24292512,28.5368595123291
2014-10-07,28.391051180865112,28.434052788186424,27.864154815673828,27.864154815673828,38226664,27.864154815673828
2014-10-08,27.9546057763613,28.36534633251388,27.5552319822681,28.297136306762695,39817018,28.297136306762695
2014-10-09,28.23189097190761,28.2472130334357,27.632831263971614,27.722789764404297,50496258,27.722789764404297
2014-10-10,27.566601248029,27.932857917161176,26.890929284041505,26.912677764892578,61638766,26.912677764892578
2014-10-13,26.937390374735838,27.16030899099974,26.349701169226353,26.35513687133789,51633371,26.35513687133789
2014-10-14,26.636380503155102,27.046132257144098,26.353160556661237,26.588930130004883,44451708,26.588930130004883
2014-10-15,26.246397206646588,26.33487342376684,25.61817749524006,26.197959899902344,74387672,26.197959899902344
2014-10-16,25.652774648737015,26.168302317981787,25.455066342764454,25.925119400024414,74171079,25.925119400024414
2014-10-17,26.060550843372035,26.24491473827709,25.135271426196873,25.26576042175293,110787334,25.26576042175293
2014-10-20,25.18074301382193,25.78919370784773,25.11401528634955,25.74371910095215,52150788,25.74371910095215
2014-10-21,25.958729648169257,26.037814860162054,25.658211892769426,26.02545738220215,46725935,26.02545738220215
2014-10-22,26.191042515101167,26.680866457028138,26.137165719568053,26.330427169799805,58385859,26.330427169799805
2014-10-23,26.65714206333158,27.04761648119362,26.485629097330424,26.887474060058594,46976621,26.887474060058594
2014-10-24,26.90625492100315,26.931956813308407,26.48266149318597,26.67987823486328,39462046,26.67987823486328
2014-10-27,26.543951998751336,26.9087264032921,26.543951998751336,26.728811264038086,23706909,26.728811264038086
2014-10-28,26.839033145436417,27.134606791357253,26.770823115347337,27.130653381347656,25419598,27.130653381347656
2014-10-29,27.185022193263467,27.392123390097126,27.03575119515127,27.151905059814453,35410955,27.151905059814453
2014-10-30,27.133120982140543,27.323415918765246,26.86423619732382,27.200342178344727,29113713,27.200342178344727
2014-10-31,27.64716589953656,27.658041084922726,27.419800410350355,27.633821487426758,40701440,27.633821487426758
2014-11-03,27.456874896765115,27.57549988503467,27.34467443608696,27.443035125732422,27645693,27.443035125732422
2014-11-04,27.33330651463448,27.456875632067142,27.150424901478633,27.38817024230957,24884132,27.38817024230957
2014-11-05,27.52112993514182,27.52112993514182,26.890930660189447,26.983360290527344,40645286,26.983360290527344
2014-11-06,26.962599700432705,27.03105740778698,26.73869414223735,26.791582107543945,26665008,26.791582107543945
2014-11-07,26.99769195364344,26.99769195364344,26.62501075985052,26.740671157836914,32675465,26.740671157836914
2014-11-10,26.762916004988853,27.164760966100655,26.741167521937808,27.060962677001953,22692131,27.060962677001953
2014-11-11,27.11039018683839,27.28091432366659,27.002143131602615,27.199357986450195,19310873,27.199357986450195
2014-11-12,27.204298548764637,27.20775660053643,26.946287047923892,27.052061080932617,22593862,27.052061080932617
2014-11-13,27.17513871139219,27.17513871139219,26.862756933495465,26.956668853759766,26787343,26.956668853759766
2014-11-14,27.020925670119265,27.020925670119265,26.797020092847955,26.908231735229492,25790614,26.908231735229492
2014-11-17,26.867698021261052,26.878077848931813,26.397200663210725,26.518247604370117,34520517,26.518247604370117
2014-11-18,26.567178068730158,26.78663483330566,26.402585022628823,26.445093154907227,39253475,26.445093154907227
2014-11-19,26.44361433267127,26.60375674180589,26.20043140746716,26.541975021362305,27844237,26.541975021362305
2014-11-20,26.258260625401142,26.449049044672172,26.249858447864323,26.435209274291992,31267610,26.435209274291992
2014-11-21,26.770328453343964,26.79652570371078,26.52072099134721,26.567182540893555,44485801,26.567182540893555
2014-11-24,26.574594751199186,26.82420409314234,26.474258303455407,26.654666900634766,34127440,26.654666900634766
2014-11-25,26.64132163557362,26.887471026939092,26.621649120444633,26.744131088256836,35798014,26.744131088256836
2014-11-26,26.73424622211905,26.767363357559823,26.5445449327579,26.70903968811035,30459397,26.70903968811035
2014-11-28,26.721394465540943,26.789604494032194,26.522697330961257,26.78120231628418,22966883,26.78120231628418
2014-12-01,26.636380695617888,26.760443277116416,26.28841255045474,26.384300231933594,42307838,26.384300231933594
2014-12-02,26.36996428127346,26.468324960904187,26.186589224439988,26.381826400756836,30533600,26.381826400756836
2014-12-03,26.267651717434745,26.492842932804983,26.159900029399168,26.261720657348633,25559983,26.261720657348633
2014-12-04,26.25381115720403,26.559273031863096,26.126782109700788,26.557788848876953,27842232,26.557788848876953
2014-12-05,26.245902111621568,26.33932055800119,25.913751416963,25.962188720703125,51312493,25.962188720703125
2014-12-08,26.054616415536813,26.245900171017375,25.88952990549905,26.047203063964844,46587556,26.047203063964844
2014-12-09,25.807975435711384,26.40357522309642,25.72691635773654,26.36304473876953,37426473,26.36304473876953
2014-12-10,26.348713089624333,26.50935085364858,25.97701882338115,26.001733779907227,34245764,26.001733779907227
2014-12-11,26.087736850537365,26.39023226199453,26.053137424127048,26.11442756652832,32216207,26.11442756652832
2014-12-12,25.875692126742038,26.122334976434324,25.635969161987305,25.635969161987305,39891221,25.635969161987305
2014-12-15,25.8376339097006,25.855427090041076,25.36955661184993,25.395753860473633,56268061,25.395753860473633
2014-12-16,25.285037030976277,25.358682758887788,24.169956159231713,24.485795974731445,79285081,24.485795974731445
2014-12-17,24.56537380274863,25.059646430556647,24.555982800544097,24.955354690551758,57663883,24.955354690551758
2014-12-18,25.353743206897263,25.399215932031538,24.945967191813292,25.26230239868164,58534266,25.26230239868164
2014-12-19,25.28256386404506,25.58950803298165,25.055247530835455,25.521793365478516,73804074,25.521793365478516
2014-12-22,25.5084482579412,26.021504819420855,25.5084482579412,25.942914962768555,54475152,25.942914962768555
2014-12-23,26.04819722757323,26.421867280688886,26.01310244050833,26.22564125061035,43952341,26.22564125061035
2014-12-24,26.221680534734016,26.28341686947063,26.049178782714318,26.135677337646484,14118657,26.135677337646484
2014-12-26,26.135682643073967,26.406545123777903,26.063519200126727,26.39566993713379,20810980,26.39566993713379
2014-12-29,26.304721877517252,26.467337286988055,26.197019348706267,26.212785720825195,45570772,26.212785720825195
2014-12-30,26.102070521661332,26.2533172845613,26.054620149036445,26.217235565185547,17525986,26.217235565185547
2014-12-31,26.258260493662853,26.324988227758087,25.988880330502422,26.018537521362305,27364925,26.018537521362305
2015-01-02,26.14754371057826,26.259250704076468,25.904856140796262,25.93994903564453,28951268,25.93994903564453
2015-01-05,25.86333773019467,25.916225698614806,25.359180566819155,25.399215698242188,41196796,25.399215698242188
2015-01-06,25.455069909254593,25.513147795778234,24.765559968554676,24.810537338256836,57998800,24.810537338256836
2015-01-07,25.05964656102285,25.07170720192774,24.69635638566727,24.76802635192871,41301082,24.76802635192871
2015-01-08,24.61431036042926,24.88566631427772,24.26881331160499,24.84612464904785,67071641,24.84612464904785
2015-01-09,24.948933394397702,24.956840214672543,24.45614299504929,24.52435302734375,41427428,24.52435302734375
2015-01-12,24.463554259676542,24.5147614098541,24.09877988716115,24.345422744750977,46535413,24.345422744750977
2015-01-13,24.656322972081472,24.860951182758193,24.337516644036487,24.52484703063965,47409807,24.52484703063965
2015-01-14,24.449220914428658,24.87330588546973,24.367664585218492,24.75665855407715,44714427,24.75665855407715
2015-01-15,24.988968585192158,24.99440617848832,24.60294105610669,24.802133560180664,54316718,24.802133560180664
2015-01-16,24.71415290848215,25.11846898067209,24.713657550535046,25.1130313873291,45965854,25.1130313873291
2015-01-20,25.257360935725703,25.33150014096553,25.011014883479685,25.05470848083496,44640224,25.05470848083496
2015-01-21,25.072006726663794,25.666617751699288,25.02010758442598,25.605327606201172,45374234,25.605327606201172
2015-01-22,25.775351883303113,26.50934742740863,25.687372926495694,26.4134578704834,53538588,26.4134578704834
2015-01-23,26.47277670116455,26.798007542482853,26.344758817770586,26.688278198242188,45634948,26.688278198242188
2015-01-26,26.618090528463362,26.641321301203018,26.180165788960064,26.453990936279297,30874534,26.453990936279297
2015-01-27,26.194996064286148,26.231079677712657,25.61274248342013,25.634490966796875,38080263,25.634490966796875
2015-01-28,25.839611136427,25.849990964125233,25.207929611206055,25.207929611206055,33676205,25.207929611206055
2015-01-29,25.2573610574614,25.261807935067413,24.772972813879377,25.240554809570312,83727244,25.240554809570312
2015-01-30,25.497572763265232,26.684321658491065,25.480766518515228,26.419885635375977,112127002,26.419885635375977
2015-02-02,26.281987109470915,26.34475954876345,25.63053469289807,26.121349334716797,56996054,26.121349334716797
2015-02-03,26.097622513488528,26.36452968559854,25.863337119005394,26.158912658691406,40773638,26.158912658691406
2015-02-04,26.158913571937394,26.328549090334324,25.764979218366236,25.838624954223633,33273101,25.838624954223633
2015-02-05,25.8895338512226,26.122336948615924,25.805506400539986,26.076862335205078,36995292,26.076862335205078
2015-02-06,26.079823871531165,26.55234797160911,26.01902720630985,26.245899200439453,35270570,26.245899200439453
2015-02-09,26.097622224936735,26.29533242955611,25.999756893138166,26.08922004699707,25355423,26.08922004699707
2015-02-10,26.161875868351537,26.57706709175026,26.044239710041868,26.539501190185547,34997823,26.539501190185547
2015-02-11,26.458440940229845,26.614138362261208,26.363441879302243,26.491558074951172,27555446,26.491558074951172
2015-02-12,26.554822464816855,26.928985915608596,26.42744743169471,26.835567474365234,32404724,26.835567474365234
2015-02-13,26.85633500212315,27.180577041191988,26.845459815040588,27.136093139648438,38006060,27.136093139648438
2015-02-17,27.028338190908258,27.18502254341664,26.744624786464595,26.83112335205078,32336537,26.83112335205078
2015-02-18,26.75995175872141,26.96210885536608,26.567677242477227,26.67592430114746,29061570,26.67592430114746
2015-02-19,26.593871214112824,26.844467482042845,26.592388921769533,26.832605361938477,19782163,26.832605361938477
2015-02-20,26.845457010605823,26.876103027470638,26.483153745275605,26.638851165771484,28887092,26.638851165771484
2015-02-23,26.4955122201798,26.514740426931485,26.167314902047604,26.290884017944336,29157834,26.290884017944336
2015-02-24,26.196478680612344,26.53209126719323,26.109981994678172,26.49749183654785,20101036,26.49749183654785
2015-02-25,26.488096202559028,26.998186255072916,26.465606576570664,26.88203239440918,36519991,26.88203239440918
2015-02-26,26.849413671713865,27.488508602285158,26.764892750784405,27.45588493347168,46230579,27.45588493347168
2015-02-27,27.394593185924332,27.912096583413256,27.328358922221724,27.600210189819336,48203982,27.600210189819336
2015-03-02,27.70548987413653,28.27983462423596,27.61750902436473,28.23979949951172,42592618,28.23979949951172
2015-03-03,28.1958138252118,28.43998369621569,28.001563556389318,28.353487014770508,34095352,28.353487014770508
2015-03-04,28.266002104157344,28.525000594693697,28.075213652114282,28.34014320373535,37536775,28.34014320373535
2015-03-05,28.42169729964769,28.56454379390962,28.342120497972175,28.437021255493164,27792094,28.437021255493164
2015-03-06,28.414770286230894,28.50373996042595,28.01342076333786,28.059141159057617,33182854,28.059141159057617
2015-03-09,28.018365254383113,28.186913614547333,27.854021764298707,28.116727828979492,21242161,28.116727828979492
2015-03-10,27.889367876015235,27.91902318190686,27.41881937619404,27.432659149169922,35846146,27.432659149169922
2015-03-11,27.439077800296992,27.587359970031628,27.218632195890667,27.243345260620117,36415706,27.243345260620117
2015-03-12,27.358514692064464,27.499875099051206,27.20775950044925,27.457368850708008,27792094,27.457368850708008
2015-03-13,27.358020834978042,27.600214954950722,26.89933637930132,27.052560806274414,34071287,27.052560806274414
2015-03-16,27.231978190903178,27.523600312513214,26.98731297475538,27.407939910888672,32819860,27.407939910888672
2015-03-17,27.26954312247505,27.372846041998983,27.08616805637258,27.22654151916504,36110871,27.22654151916504
2015-03-18,27.308590595075,27.668422748210883,27.036741193247067,27.654582977294922,42690887,27.654582977294922
2015-03-19,27.649147301340204,27.718839627993912,27.488755311241885,27.5799503326416,23945563,27.5799503326416
2015-03-20,27.760853303258923,27.764313246103388,27.632341950755503,27.69709014892578,52337299,27.69709014892578
2015-03-23,27.700551718990052,27.795945934595093,27.473184318613164,27.6204776763916,32876014,27.6204776763916
2015-03-24,27.805826759894746,28.400437706241647,27.739100920715632,28.18295669555664,51665459,28.18295669555664
2015-03-25,28.19828102051618,28.28527304780389,27.617016368731775,27.619239807128906,43045859,27.619239807128906
2015-03-26,27.560175121151172,27.624925206483233,27.217149221603872,27.440563201904297,31452115,27.440563201904297
2015-03-27,27.333303997296795,27.445997917859895,27.092592203043115,27.10297203063965,37949906,27.10297203063965
2015-03-30,27.265094148193107,27.35653494694125,27.094570028585704,27.28536033630371,25750504,27.28536033630371
2015-03-31,27.18502435616704,27.41782746191503,27.022902399960053,27.086170196533203,31760961,27.086170196533203
2015-04-01,27.11582374030521,27.24136860943109,26.666034979796372,26.817283630371094,39261497,26.817283630371094
2015-04-02,26.732764250122546,26.732764250122546,26.386624384984138,26.469810485839844,34327989,26.469810485839844
2015-04-06,26.306202772185113,26.612158102542036,26.175220319897942,26.53084945678711,26488525,26.53084945678711
2015-04-07,26.595851533213516,26.82371051824299,26.49304207040787,26.54345703125,26057345,26.54345703125
2015-04-08,26.61067767752827,26.88104477807044,26.61067767752827,26.770326614379883,23570536,26.770326614379883
2015-04-09,26.741657039505075,26.78713164935323,26.467831899404512,26.72930145263672,31157308,26.72930145263672
2015-04-10,26.80393613675397,26.80393613675397,26.557788644424623,26.691242218017578,28189181,26.691242218017578
2015-04-13,26.61216094808225,26.891425594380078,26.557790689368407,26.64972496032715,32906096,26.64972496032715
2015-04-14,26.50539610083597,26.570639650146763,26.10216910984658,26.21575164794922,52082601,26.21575164794922
2015-04-15,26.132217560028106,26.430264167358892,25.861357023280988,26.321523666381836,46376979,26.321523666381836
2015-04-16,26.191534153124973,26.472776451321646,26.177200914831513,26.384300231933594,25997180,26.384300231933594
2015-04-17,26.13024276716873,26.188566433422604,25.75212398028536,25.90238380432129,43037837,25.90238380432129
2015-04-20,25.978999114115936,26.49749142644451,25.92462885118316,26.462398529052734,33585958,26.462398529052734
2015-04-21,26.56767501515787,26.660600001456544,26.378121202235008,26.392704010009766,36895018,26.392704010009766
2015-04-22,26.413952656127844,26.744127560632617,26.282970212750694,26.659358978271484,31871263,26.659358978271484
2015-04-23,26.74017878784517,27.23247380964257,26.702119417736938,27.036741256713867,83697161,27.036741256713867
2015-04-24,27.980805185399706,28.229919193890833,27.543373850670967,27.929401397705078,98650102,27.929401397705078
2015-04-27,27.92330851367403,28.050190094408894,27.418260870976315,27.52581214904785,47960000,27.52581214904785
2015-04-28,27.489631762338558,27.55802896697339,27.277798192997256,27.44205093383789,29820000,27.44205093383789
2015-04-29,27.282956212347965,27.442053083935672,27.106262789637633,27.21406364440918,33976000,27.21406364440918
2015-04-30,27.15409193996954,27.189778510320576,26.518695154553267,26.63219451904297,41644000,26.63219451904297
2015-05-01,26.686215554135316,26.741230535424872,26.37248193154114,26.659948348999023,35364000,26.659948348999023
2015-05-04,26.69117256372531,26.965752108629637,26.519188829716185,26.802688598632812,26160000,26.802688598632812
2015-05-05,26.6753107781218,26.751142133124244,26.287778294955093,26.30805015563965,27662000,26.30805015563965
2015-05-06,26.329856254521925,26.386357304871286,25.826544277867125,25.981924057006836,31340000,25.981924057006836
2015-05-07,25.970522518523275,26.43988545013529,25.859501852567217,26.303091049194336,30926000,26.303091049194336
2015-05-08,26.597995160943054,26.821029129281648,26.020585523655136,26.67580795288086,30552000,26.67580795288086
2015-05-11,26.683241429465998,26.862163944882838,26.536038835442614,26.550907135009766,18106000,26.550907135009766
2015-05-12,26.347699143594344,26.427446093553545,26.033470182825504,26.22081756591797,32684000,26.22081756591797
2015-05-13,26.296153345612108,26.482610217358367,26.201736617991017,26.24956512451172,25046000,26.24956512451172
2015-05-14,26.455247450022913,26.714463294548683,26.3878428602052,26.684724807739258,28078000,26.684724807739258
2015-05-15,26.723390360182886,26.72804899393342,26.287235228685596,26.459218978881836,39426000,26.459218978881836
2015-05-18,26.368023754206376,26.50729497041027,26.21140366504374,26.382396697998047,40068000,26.382396697998047
2015-05-19,26.465658910043185,26.796741387297157,26.41907068802646,26.633182525634766,39338000,26.633182525634766
2015-05-20,26.68918743261191,26.908751982070378,26.415698828084942,26.727846145629883,28616000,26.727846145629883
2015-05-21,26.662423560750227,26.954350072996437,26.564785114959545,26.888431549072266,29254000,26.888431549072266
2015-05-22,26.771463090566687,26.971697344696047,26.7397431683571,26.769481658935547,23524000,26.769481658935547
2015-05-26,26.670849185489413,26.714465257879628,26.262449300414506,26.38338279724121,48130000,26.38338279724121
2015-05-27,26.40717590206159,26.791290055348746,26.353153527297245,26.75362205505371,30500000,26.75362205505371
2015-05-28,26.6653967335233,26.794261629775278,26.578166478551356,26.753124237060547,20596000,26.753124237060547
2015-05-29,26.633676330857682,26.69612545562954,26.34026375973385,26.372974395751953,51948000,26.372974395751953
2015-06-01,26.604929911867988,26.604929911867988,26.256502372519417,26.46615219116211,38086000,26.46615219116211
2015-06-02,26.41361979790335,26.912719392521037,26.334319041793776,26.723388671875,38780000,26.723388671875
2015-06-03,26.759572284861985,26.937502221368206,26.620794534917845,26.779396057128906,34340000,26.779396057128906
2015-06-04,26.653009688472824,26.79327161101531,26.482512025153117,26.60047149658203,26966000,26.60047149658203
2015-06-05,26.58312437132449,26.625254374331313,26.393298296204975,26.43344497680664,27764000,26.43344497680664
2015-06-08,26.432455846045045,26.472600638374985,26.082044918184558,26.111286163330078,30412000,26.111286163330078
2015-06-09,26.147464129227245,26.228746308170184,25.921951506222477,26.10434341430664,29106000,26.10434341430664
2015-06-10,26.23667970641243,26.682745735527398,26.23618434848853,26.5999755859375,36300000,26.5999755859375
2015-06-11,26.68596834129748,26.713475832422738,26.418079901538977,26.496885299682617,24350000,26.496885299682617
2015-06-12,26.347700596375237,26.423036596358244,26.276329350494635,26.383882522583008,19116000,26.383882522583008
2015-06-15,26.16927284390561,26.184143034807175,25.971021908449103,26.129623413085938,32654000,26.129623413085938
2015-06-16,26.189099732654707,26.250558149452086,26.04834055982052,26.176708221435547,21436000,26.176708221435547
2015-06-17,26.237176504220745,26.31697261996731,26.025541436996303,26.23172378540039,25884000,26.23172378540039
2015-06-18,26.31796220833652,26.67233786813873,26.307554019772013,26.601959228515625,36662000,26.601959228515625
2015-06-19,26.62574932341316,26.677294907685383,26.417583663949564,26.5999755859375,37870000,26.5999755859375
2015-06-22,26.74370814218845,26.949395116352704,26.64160769197411,26.674320220947266,25006000,26.674320220947266
2015-06-23,26.746188061366812,26.838324637240365,26.52860681520198,26.78782081604004,23950000,26.78782081604004
2015-06-24,26.76402880371608,26.76402880371608,26.548926250737086,26.656972885131836,25732000,26.656972885131836
2015-06-25,26.708021249745837,26.808633727197606,26.527610778808594,26.527610778808594,26714000,26.527610778808594
2015-06-26,26.628228925648923,26.653010057455667,26.335309784079115,26.352161407470703,42182000,26.352161407470703
2015-06-29,26.021082760056363,26.199509947607872,25.799536740231513,25.848108291625977,38756000,25.848108291625977
2015-06-30,26.071141511852485,26.0825404170597,25.79755266144529,25.79804801940918,44344000,25.79804801940918
2015-07-01,26.007203845131926,26.054784678138475,25.685045342450337,25.86396598815918,39220000,25.86396598815918
2015-07-02,25.82629684829002,26.00323604143686,25.82629684829002,25.941282272338867,24718000,25.941282272338867
2015-07-06,25.747989242657464,26.032976985511294,25.72320811081782,25.914520263671875,25610000,25.914520263671875
2015-07-07,25.9279003288759,26.079067678375907,25.53387526064668,26.021574020385742,31944000,26.021574020385742
2015-07-08,25.824808443899137,25.90827246642814,25.579967409728038,25.615652084350586,25934000,25.615652084350586
2015-07-09,25.927408202204607,25.95962348585689,25.79011841952211,25.806474685668945,36846000,25.806474685668945
2015-07-10,26.08451989118062,26.395279449823732,26.04784260979225,26.27484130859375,39134000,26.27484130859375
2015-07-13,26.411142031267765,27.116423994306825,26.38735350522313,27.088668823242188,44130000,27.088668823242188
2015-07-14,27.09907226627596,28.045181220938954,27.096595476921276,27.80980682373047,64882000,27.80980682373047
2015-07-15,27.761731370909317,28.077595758415868,27.596191085075603,27.766191482543945,35692000,27.766191482543945
2015-07-16,28.00905361569218,28.78025406493612,28.00310553918905,28.739116668701172,95366000,28.739116668701172
2015-07-17,32.16640538889579,33.42867592351518,31.968152523948362,33.352447509765625,223298000,33.352447509765625
2015-07-20,32.673927319095796,33.15171329245746,32.3651491578114,32.86127471923828,117218000,32.86127471923828
2015-07-21,32.47418661297488,33.35591236348162,32.42908257290213,32.82558822631836,67544000,32.82558822631836
2015-07-22,32.75570529492243,33.63544972467911,32.66203347889628,32.815677642822266,78586000,32.815677642822266
2015-07-23,32.774535190176,32.891503938702115,31.769892639674513,31.93246078491211,60582000,31.93246078491211
2015-07-24,32.06726984527455,32.1252607520673,30.853968181402088,30.905513763427734,72514000,30.905513763427734
2015-07-27,30.77863350053108,31.43782254914477,30.75385236960345,31.088899612426758,53508000,31.088899612426758
2015-07-28,31.364964329642717,31.364964329642717,30.893124577000965,31.125574111938477,34546000,31.125574111938477
2015-07-29,31.165224268659035,31.39123036097572,30.860410895417246,31.320356369018555,31502000,31.320356369018555
2015-07-30,31.224701647178094,31.483420286049192,30.830676557727774,31.353069305419922,29484000,31.353069305419922
2015-07-31,31.29309858023162,31.368929937350792,31.00166741393797,31.00712013244629,34122000,31.00712013244629
2015-08-03,30.99373786612799,31.376165526067485,30.99373786612799,31.284671783447266,26090000,31.284671783447266
2015-08-04,31.146393119485925,31.46310079272908,31.083943985420966,31.187530517578125,29818000,31.187530517578125
2015-08-05,31.439308239788797,32.10989807518693,31.38132111258285,31.907678604125977,46686000,31.907678604125977
2015-08-06,31.968146270626985,31.986932057889714,31.33621704156389,31.853158950805664,31452000,31.853158950805664
2015-08-07,31.73173238119741,31.853159355481765,31.21032846272079,31.487384796142578,28078000,31.487384796142578
2015-08-10,31.694558414284945,31.89082791239221,31.286604712042337,31.409570693969727,36184000,31.409570693969727
2015-08-11,33.167570012887644,33.450079058056446,32.427596045880335,32.75025177001953,100584000,32.75025177001953
2015-08-12,32.86424552738933,32.95940718809807,32.3294593798468,32.68978500366211,58734000,32.68978500366211
2015-08-13,32.67798999201099,32.93462701454811,32.29828865589225,32.53564453125,36214000,32.53564453125
2015-08-14,32.46427422230582,32.70440560781805,32.347800820054815,32.568851470947266,21442000,32.568851470947266
2015-08-17,32.55298323225434,32.77998189564848,32.277413033631774,32.754703521728516,21034000,32.754703521728516
2015-08-18,32.805763362874394,32.909845248620336,32.387450606810994,32.51978302001953,29122000,32.51978302001953
2015-08-19,32.543081522085124,33.058533614765594,32.42363219072016,32.75619888305664,42682000,32.75619888305664
2015-08-20,32.486569975530145,32.85978241254537,31.86406019158246,32.058841705322266,57106000,32.058841705322266
2015-08-21,31.70942772852047,31.72280806435399,30.34892342432902,30.35635757446289,85304000,30.35635757446289
2015-08-24,28.39960755125364,29.704601464186005,28.005582484890127,29.222848892211914,115406000,29.222848892211914
2015-08-25,30.47679499274302,30.602683965444637,28.801564508011705,28.848649978637695,70760000,28.848649978637695
2015-08-26,30.25078540250803,31.30945216398413,29.69072281707971,31.156301498413086,84718000,31.156301498413086
2015-08-27,31.690591636331337,31.898261928038927,30.828196219798198,31.60187530517578,69826000,31.60187530517578
2015-08-28,31.364469484415878,31.565694458248014,30.955078853871424,31.243534088134766,39574000,31.243534088134766
2015-08-31,31.10277674697247,31.512167376655164,30.61408536506131,30.642335891723633,43534000,30.642335891723633
2015-09-01,29.85477826308862,30.3751895514725,29.44538764621511,29.62827491760254,74042000,29.62827491760254
2015-09-02,30.01486526078421,30.44854164123535,29.72343600365731,30.44854164123535,51512000,30.44854164123535
2015-09-03,30.580381618194,30.714697347794296,29.87762756352061,30.047578811645508,35192000,30.047578811645508
2015-09-04,29.737810845120244,29.909794578342918,29.50238726553468,29.772504806518555,41780000,29.772504806518555
2015-09-08,30.35685567809522,30.54618640739059,29.94201229072023,30.464406967163086,45590000,30.464406967163086
2015-09-09,30.789536650379492,31.052220021921435,30.213613151990774,30.368249893188477,34042000,30.368249893188477
2015-09-10,30.387088948879963,30.935255463680765,30.304318794308877,30.795982360839844,38106000,30.795982360839844
2015-09-11,30.71667902849062,31.01554433862509,30.601198242539173,31.01504898071289,27470000,31.01504898071289
2015-09-14,31.01158220471229,31.019511713335543,30.700822606392823,30.889657974243164,34046000,30.889657974243164
2015-09-15,31.061143189038695,31.655899796883755,30.91641926389538,31.479455947875977,41688000,31.479455947875977
2015-09-16,31.495811157962127,31.618726095154134,31.33968644285903,31.521087646484375,25730000,31.521087646484375
2015-09-17,31.610799250442213,32.26056898208496,31.473509468693713,31.86406707763672,45494000,31.86406707763672
2015-09-18,31.561236496744872,31.72033337029311,31.07700519274708,31.187530517578125,102668000,31.187530517578125
2015-09-21,31.44277624180538,31.546362762330336,31.02347469007177,31.494321823120117,35770000,31.494321823120117
2015-09-22,31.076012727244724,31.103272538454412,30.502567866673974,30.862396240234375,51258000,30.862396240234375
2015-09-23,30.830677066998184,31.1716705036965,30.729071969894317,30.846040725708008,29418000,30.846040725708008
2015-09-24,30.562541178269054,31.091872730977673,30.352394080726075,31.016538619995117,44802000,31.016538619995117
2015-09-25,31.213302490645543,31.213302490645543,30.283003294985946,30.331079483032227,43480000,30.331079483032227
2015-09-28,30.250290497286915,30.46167596782168,29.211449379552228,29.484540939331055,62554000,29.484540939331055
2015-09-29,29.603002120954823,29.985628333460067,29.25308655009283,29.48851203918457,46190000,29.48851203918457
2015-09-30,29.900376508783246,30.171982008792273,29.773992176503803,30.15513038635254,48268000,30.15513038635254
2015-10-01,30.152654616009638,30.337027971894692,29.73037710627432,30.297378540039062,37352000,30.297378540039062
2015-10-02,30.094663020353213,31.09286210249508,29.89294081011876,31.071550369262695,53696000,31.071550369262695
2015-10-05,31.323825158615424,31.869514803728755,31.076010089149605,31.793188095092773,36072000,31.793188095092773
2015-10-06,31.662840036436144,32.17879316147444,31.548349956123737,31.98995590209961,43326000,31.98995590209961
2015-10-07,32.17829658317552,32.24614549517742,31.331262870267636,31.83730125427246,41854000,31.83730125427246
2015-10-08,31.787738740527953,31.940887531885874,31.00464213063,31.678699493408203,43642000,31.678699493408203
2015-10-09,31.720329424455528,32.017211398648726,31.488275050700075,31.89925193786621,32974000,31.89925193786621
2015-10-12,31.823919853020385,32.14161824167229,31.671266414432033,32.05091857910156,25504000,32.05091857910156
2015-10-13,31.8764540177931,32.6031440390908,31.8764540177931,32.3299560546875,36154000,32.3299560546875
2015-10-14,32.37506167768336,32.681363064184,32.158968380714704,32.27345657348633,28310000,32.27345657348633
2015-10-15,32.446926239670354,32.866725052045446,32.4370115187598,32.79783248901367,37714000,32.79783248901367
2015-10-16,32.91529541624749,32.9579188831032,32.57281404501005,32.82062911987305,32222000,32.82062911987305
2015-10-19,32.77007144016691,33.04960831902391,32.6907725847525,33.01392364501953,29546000,33.01392364501953
2015-10-20,32.91182618122852,32.94552942677203,31.928249539826762,32.22983932495117,49964000,32.22983932495117
2015-10-21,32.42164439570136,32.506891323359056,31.806069615393856,31.849687576293945,35822000,31.849687576293945
2015-10-22,32.052410348192154,32.602560279490845,31.919087190052558,32.3046875,81420000,32.3046875
2015-10-23,36.05709420150775,36.181001741719115,34.768456539581145,34.793235778808594,133078000,34.793235778808594
2015-10-26,34.77093663909695,35.643246864004325,34.756563695823715,35.32752990722656,54332000,35.32752990722656
2015-10-27,35.05988370682615,35.36915718095505,34.919621801486024,35.114898681640625,44916000,35.114898681640625
2015-10-28,35.05741035231157,35.33743883255499,34.84676601336836,35.33595275878906,43578000,35.33595275878906
2015-10-29,35.21452871825376,35.59913447244513,35.190241052621026,35.53272247314453,29120000,35.53272247314453
2015-10-30,35.473737357515546,35.58624788720972,35.19221902636,35.229888916015625,38176000,35.229888916015625
2015-11-02,35.24228376843313,35.765669159060174,34.984058578850366,35.74039077758789,37726000,35.74039077758789
2015-11-03,35.62886441575001,35.91583162806649,35.42367283834664,35.792423248291016,31308000,35.792423248291016
2015-11-04,35.7844922095079,36.334641930735025,35.77953863101586,36.08732223510742,34134000,36.08732223510742
2015-11-05,36.15473900363446,36.65086460960472,36.15473900363446,36.24296188354492,37232000,36.24296188354492
2015-11-06,36.255343968292834,36.44913477009379,36.03280350374543,36.36735534667969,30232000,36.36735534667969
2015-11-09,36.19091695893912,36.414448184459076,35.65712526967264,35.927738189697266,41396000,35.927738189697266
2015-11-10,35.90345777029586,36.21025075791752,35.61103394630629,36.09774398803711,32160000,36.09774398803711
2015-11-11,36.30292429825268,36.72619056889743,36.19239899495456,36.448638916015625,27328000,36.448638916015625
2015-11-12,36.230569266112624,36.567597975714726,36.11385007057258,36.24197006225586,36744000,36.24197006225586
2015-11-13,36.13986547526657,36.23799928214832,35.523299902389816,35.53668212890625,41510000,35.53668212890625
2015-11-16,35.46729815126933,36.1557285124781,35.25566685577847,36.12946319580078,38118000,36.12946319580078
2015-11-17,36.145816567408026,36.27245048128203,35.83540106907033,35.94805908203125,30218000,35.94805908203125
2015-11-18,36.06106087059763,36.746515205450514,36.032311205410025,36.676631927490234,33686000,36.676631927490234
2015-11-19,36.61417846827349,36.77575209690505,36.549248777027906,36.59782409667969,26542000,36.59782409667969
2015-11-20,37.000280541778736,37.56480329836829,36.825324657620385,37.49938201904297,44246000,37.49938201904297
2015-11-23,37.54151002870225,37.802109895468426,37.262468477733066,37.468650817871094,28290000,37.468650817871094
2015-11-24,37.27138852417829,37.433907519786786,36.5591697005002,37.08701705932617,46662000,37.08701705932617
2015-11-25,37.08008249235648,37.27139277137137,36.97699131103134,37.0805778503418,22442000,37.0805778503418
2015-11-27,37.09593275781802,37.34127103157247,37.04785657507555,37.18514633178711,16770000,37.18514633178711
2015-11-30,37.113279848466796,37.41660526005682,36.73957580218402,36.80549621582031,41952000,36.80549621582031
2015-12-01,37.02902613287073,38.11148152227221,37.008705113721625,38.01681900024414,42692000,38.01681900024414
2015-12-02,38.10900543890151,38.45867142263109,37.61635117226431,37.78585433959961,44608000,37.78585433959961
2015-12-03,37.965766844544866,38.11371248529837,36.955675308681876,37.298152923583984,51812000,37.298152923583984
2015-12-04,37.325903072857564,38.08867855244843,37.17225894591558,38.00541305541992,55146000,38.00541305541992
2015-12-07,38.052998427782136,38.10057925767932,37.42454048070416,37.82897186279297,36246000,37.82897186279297
2015-12-08,37.563317072591865,37.90579847053418,37.38042789953561,37.78535842895508,36590000,37.78535842895508
2015-12-09,37.62675855637972,37.87754580905664,36.52799789819554,37.2520637512207,54000000,37.2520637512207
2015-12-10,37.31351722587718,37.46220400034127,36.86645862399609,37.1454963684082,39768000,37.1454963684082
2015-12-11,36.7341258251226,36.95963846906249,36.51555575494899,36.620628356933594,44488000,36.620628356933594
2015-12-14,36.76535043362824,37.109317889147135,35.89204956861974,37.061737060546875,48250000,37.061737060546875
2015-12-15,37.320950620969214,37.57272855110206,36.825815844603646,36.84514236450195,53324000,36.84514236450195
2015-12-16,37.17226305566069,37.697134472229806,36.64862814320324,37.57322692871094,39866000,37.57322692871094
2015-12-17,37.78783404938982,37.80072091790262,37.12270071674166,37.144012451171875,31068000,37.144012451171875
2015-12-18,36.99928363417738,37.376954290307836,36.58493759038202,36.64242935180664,62974000,36.64242935180664
2015-12-21,36.98045298746484,37.17226237558757,36.67663221057973,37.061737060546875,30514000,37.061737060546875
2015-12-22,37.25403588772286,37.41263736407273,36.950710516936766,37.17225646972656,27308000,37.17225646972656
2015-12-23,37.34424978506728,37.38092518060819,36.87488866830105,37.18762969970703,31318000,37.18762969970703
2015-12-24,37.1499605501779,37.23917413263331,37.00474127239985,37.092960357666016,10544000,37.092960357666016
2015-12-28,37.316988192351964,37.81608966947138,37.148475742724344,37.79229736328125,30306000,37.79229736328125
2015-12-29,37.99947434275524,38.65816811336194,37.98658747246489,38.49064636230469,35300000,38.49064636230469
2015-12-30,38.49064063980449,38.54020290030438,38.00987877210357,38.21308517456055,25866000,38.21308517456055
2015-12-31,38.138742313104174,38.138742313104174,37.585620341875604,37.61238479614258,30018000,37.61238479614258
2016-01-04,36.825325448658575,36.87785986014869,36.24335549253778,36.76782989501953,65456000,36.76782989501953
2016-01-05,36.99631382544043,37.27138873182273,36.60922752477871,36.804508209228516,39014000,36.804508209228516
2016-01-06,36.18100056880347,37.0324943070651,36.12747166614326,36.856048583984375,38940000,36.856048583984375
2016-01-07,36.19636518488541,36.6022864052153,35.638781257239195,36.002079010009766,59274000,36.002079010009766
2016-01-08,36.25286439780986,36.34108725721312,35.33842997918611,35.411285400390625,49018000,35.411285400390625
2016-01-11,35.51735898276219,35.628625457096256,34.869566892664736,35.488609313964844,41812000,35.488609313964844
2016-01-12,35.768638183887745,36.11904908138234,35.552393655085744,35.98622131347656,40490000,35.98622131347656
2016-01-13,36.223134019543465,36.41593414404551,34.62522268113223,34.72187042236328,50034000,34.72187042236328
2016-01-14,34.96075794881781,35.78077561214136,34.15387294070975,35.423675537109375,44516000,35.423675537109375
2016-01-15,34.31197905489879,35.02816827775692,33.96900609448456,34.419036865234375,72162000,34.419036865234375
2016-01-19,34.85767374545115,35.18875436432236,34.367496251912456,34.782833099365234,45362000,34.782833099365234
2016-01-20,34.129586064412024,35.03361417203492,33.36879200756251,34.617286682128906,68900000,34.617286682128906
2016-01-21,34.80215522154501,35.64522022982427,34.419527214486294,35.02072525024414,48244000,35.02072525024414
2016-01-22,35.86380390143682,36.08832584864593,35.69137395006361,35.94558334350586,40236000,35.94558334350586
2016-01-25,35.86281084908151,36.16514557350973,35.19023954857841,35.27251434326172,34234000,35.27251434326172
2016-01-26,35.38056263577436,35.60012720608414,35.015283422962426,35.340415954589844,26634000,35.340415954589844
2016-01-27,35.37163512579877,35.59789267790252,34.416063287210484,34.6936149597168,43884000,34.6936149597168
2016-01-28,35.79540323615263,36.36389263067132,35.306216486185264,36.22858428955078,53528000,36.22858428955078
2016-01-29,36.25683660750197,36.923955201373595,36.022403730471986,36.822845458984375,69486000,36.822845458984375
2016-02-01,37.195058483707264,37.56182751163079,36.83870331543385,37.271385192871094,102784000,37.271385192871094
2016-02-02,38.882179622352545,39.14833425515049,37.898353576660156,37.898353576660156,126962000,37.898353576660156
2016-02-03,38.17442819877664,38.38655482412575,35.710154954208825,36.02983474731445,123420000,36.02983474731445
2016-02-04,35.824644602011645,36.03231301470657,34.786298757178805,35.09111404418945,103374000,35.09111404418945
2016-02-05,34.885919858563355,34.89186793462399,33.71028432679044,33.879791259765625,102114000,33.879791259765625
2016-02-08,33.100664796219334,33.90259258606245,32.86325599383191,33.83865737915039,84948000,33.83865737915039
2016-02-09,33.32221314537585,34.689159158174284,33.146262747801536,33.60918045043945,72178000,33.60918045043945
2016-02-10,34.04285482464889,34.75904032059384,33.80842194912104,33.90705490112305,52760000,33.90705490112305
2016-02-11,33.455036231556285,34.16626431029626,33.15111713851171,33.856990814208984,60480000,33.856990814208984
2016-02-12,34.21137092958998,34.38434538669259,33.63346593048646,33.82180404663086,42828000,33.82180404663086
2016-02-16,34.34618068889687,34.59499029203344,33.95314629399703,34.248046875,50400000,34.248046875
2016-02-17,34.59944923357215,35.177354253992014,34.26688253435795,35.110443115234375,49852000,35.110443115234375
2016-02-18,35.18973883368894,35.30621221543583,34.49734197683195,34.562767028808594,37664000,34.562767028808594
2016-02-19,34.44778658348745,34.84681822204595,34.39921503337389,34.739219665527344,31786000,34.739219665527344
2016-02-22,35.06335675740105,35.3503240162317,34.818513826721315,35.01428985595703,38996000,35.01428985595703
2016-02-23,34.76597790398513,35.110440733693224,34.375919456508555,34.488426208496094,40186000,34.488426208496094
2016-02-24,34.14495405856096,34.69411315379093,33.74151338466698,34.672306060791016,39272000,34.672306060791016
2016-02-25,34.69460878387444,34.990500068880266,34.227478689392726,34.97909927368164,32844000,34.97909927368164
2016-02-26,35.11936157527872,35.35974249752264,34.73673353123249,34.945396423339844,44870000,34.945396423339844
2016-02-29,34.70996432515298,35.23384492210689,34.57911801536904,34.583580017089844,49622000,34.583580017089844
2016-03-01,34.87353149086692,35.62639236450195,34.68271280727269,35.62639236450195,43028000,35.62639236450195
2016-03-02,35.63581015715854,35.68537241813432,35.2888667676118,35.62837600708008,32580000,35.62837600708008
2016-03-03,35.61994513505313,35.6581103802492,34.99247795065789,35.3096809387207,39160000,35.3096809387207
2016-03-04,35.43706257569132,35.51140785909642,34.992480730388245,35.23385238647461,39442000,35.23385238647461
2016-03-07,35.036106829124236,35.095133844195516,34.044846237269965,34.4542350769043,59702000,34.4542350769043
2016-03-08,34.1285983838703,34.8819545769954,33.96751631012131,34.39524841308594,41526000,34.39524841308594
2016-03-09,34.61828049694281,34.9756301817815,34.396734507027,34.95382308959961,28430000,34.95382308959961
2016-03-10,35.09656673243792,35.508931454330664,34.86064776718384,35.32951354980469,56670000,35.32951354980469
2016-03-11,35.68536856110407,36.02834526890475,35.54287565819065,36.02338790893555,39416000,36.02338790893555
2016-03-14,36.022901726724264,36.45360604330633,35.94062692452419,36.20529556274414,34366000,36.20529556274414
2016-03-15,36.028348990070135,36.294499880589406,35.921786537193476,36.09823226928711,34420000,36.09823226928711
2016-03-16,36.00108890947788,36.551238696666324,35.908899399465824,36.48284149169922,32488000,36.48284149169922
2016-03-17,36.50068038693968,36.828788813665604,36.47837793792701,36.56660079956055,37216000,36.56660079956055
2016-03-18,36.76881794661809,36.77575673867878,36.2717017077853,36.557682037353516,59614000,36.557682037353516
2016-03-21,36.503159911534766,36.800537233921155,36.35526344480313,36.780216217041016,36730000,36.780216217041016
2016-03-22,36.550746415453965,36.92445050332892,36.550746415453965,36.71380615234375,25394000,36.71380615234375
2016-03-23,36.7936074574519,36.96013849628284,36.48581998159624,36.58048629760742,28642000,36.58048629760742
2016-03-24,36.28062392589573,36.56496694305003,36.23056630499717,36.443687438964844,31898000,36.443687438964844
2016-03-28,36.517534457646285,36.62657369629743,36.304908698548154,36.35595703125,26026000,36.35595703125
2016-03-29,36.40850114672676,37.035968447667,36.11954862979957,36.91305160522461,38076000,36.91305160522461
2016-03-30,37.17722418255553,37.56282443654915,37.109817685529904,37.19853591918945,35648000,37.19853591918945
2016-03-31,37.13509148885365,37.21439034865636,36.723222187982365,36.92197036743164,34376000,36.92197036743164
2016-04-01,36.607248569410835,37.1891164545939,36.52794591868715,37.16780471801758,31534000,37.16780471801758
2016-04-04,37.175234170936335,37.311037863391654,36.797068116610134,36.938819885253906,22684000,36.938819885253906
2016-04-05,36.57750734161582,36.815407700992374,36.44715636745381,36.56759262084961,22646000,36.56759262084961
2016-04-06,36.46698136023401,36.985904676514494,36.45657128175581,36.95864486694336,21074000,36.95864486694336
2016-04-07,36.94279072210595,37.023575664325044,36.49226076794503,36.690513610839844,29064000,36.690513610839844
2016-04-08,36.87340109826066,36.9467518863662,36.45607905332342,36.63450622558594,25816000,36.63450622558594
2016-04-11,36.82631799875162,36.924451815414464,36.48086442720154,36.483341217041016,24402000,36.483341217041016
2016-04-12,36.57751106635587,36.86646356997937,36.23106300796437,36.82978439331055,27060000,36.82978439331055
2016-04-13,37.13063144399892,37.38935197586479,36.887822867673705,37.257511138916016,34142000,37.257511138916016
2016-04-14,37.37101445015141,37.53457332917417,37.30633431361642,37.330867767333984,22706000,37.330867767333984
2016-04-15,37.36952610008843,37.71745643392996,37.305787525693425,37.61833190917969,36186000,37.61833190917969
2016-04-18,37.69069479132952,38.06687946195264,37.5340784843066,37.99551010131836,31176000,37.99551010131836
2016-04-19,38.13923753829134,38.15856784201224,37.13905691914245,37.36704635620117,40610000,37.36704635620117
2016-04-20,37.568765351318575,37.575307100315705,37.172755092808174,37.30459213256836,30584000,37.30459213256836
2016-04-21,37.4389103691454,37.690192943351484,37.14995790788769,37.625267028808594,61210000,37.625267028808594
2016-04-22,35.99761741831365,36.4843273582148,35.36866413229159,35.62440872192383,119038000,35.62440872192383
2016-04-25,35.492075350575455,35.880152336306665,35.466796972635365,35.841495513916016,39184000,35.841495513916016
2016-04-26,35.954004446331155,35.9711529057086,34.84408884724716,35.097557067871094,54892000,35.097557067871094
2016-04-27,35.05543100848002,35.13919566897468,34.31570647143563,34.98356628417969,61972000,34.98356628417969
2016-04-28,35.10349690515627,35.39641599854607,34.176175647960044,34.24903106689453,57346000,34.24903106689453
2016-04-29,34.23317953512153,34.57615631679775,34.148923304285276,34.34767150878906,49754000,34.34767150878906
2016-05-02,34.57665038425563,34.72583631689697,34.24804655862855,34.60539627075195,32906000,34.60539627075195
2016-05-03,34.53897233210958,34.58704851134802,34.29760072025271,34.31544494628906,30876000,34.31544494628906
2016-05-04,34.22276997660823,34.68172098078041,34.14941540941039,34.48099136352539,33870000,34.48099136352539
2016-05-05,34.58011354231517,34.80909745231482,34.4819797416627,34.764984130859375,33670000,34.764984130859375
2016-05-06,34.613813120987686,35.28192227375777,34.60028342379431,35.24524688720703,36586000,35.24524688720703
2016-05-09,35.28886833645161,35.62143879854122,35.189743810093255,35.33347702026367,30206000,35.33347702026367
2016-05-10,35.5242903830988,35.85883844546833,35.47323827239778,35.842979431152344,31392000,35.842979431152344
2016-05-11,35.85438087684796,35.90741063860585,35.3285150106082,35.451927185058594,33842000,35.451927185058594
2016-05-12,35.539655400118036,35.648199277888175,35.14017762888836,35.35379409790039,27214000,35.35379409790039
2016-05-13,35.285400360482434,35.51993154291782,35.15306794733717,35.23088073730469,26290000,35.23088073730469
2016-05-16,35.146625896614054,35.61003893051128,34.97414679619012,35.511409759521484,26342000,35.511409759521484
2016-05-17,35.486621711233354,35.760705872889204,34.897815135016636,35.00288772583008,40024000,35.00288772583008
2016-05-18,34.87600358816471,35.269041697728596,34.72533538720865,35.02271270751953,35336000,35.02271270751953
2016-05-19,34.81108212032505,34.99149072330061,34.53551185517211,34.7099723815918,33404000,34.7099723815918
2016-05-20,34.77440703062506,35.41674258390297,34.7198874066374,35.176856994628906,36568000,35.176856994628906
2016-05-23,35.017760011768644,35.26299622224279,34.901286613751175,34.90426254272461,26614000,34.90426254272461
2016-05-24,35.03411680462666,35.73345259893954,35.03411680462666,35.68983840942383,38590000,35.68983840942383
2016-05-25,35.72303634470932,36.05758820324032,35.670747727717135,35.94656753540039,32584000,35.94656753540039
2016-05-26,35.82761456591357,36.09822742266874,35.699245038056034,35.88956832885742,31526000,35.88956832885742
2016-05-27,35.88412423888483,36.376086543845574,35.88362888091993,36.312843322753906,39500000,36.312843322753906
2016-05-31,36.26724590365385,36.66325243541222,36.2434535970841,36.46450424194336,42590000,36.46450424194336
2016-06-01,36.405530809907916,36.53835859983171,36.21372138570759,36.386695861816406,25072000,36.386695861816406
2016-06-02,36.30490278423803,36.33067651601679,35.89204284339303,36.20082092285156,26836000,36.20082092285156
2016-06-03,36.14482173487506,36.15572339010867,35.71312677542662,35.80134963989258,24526000,35.80134963989258
2016-06-06,35.92872753025222,35.92872753025222,35.41822902879938,35.514381408691406,31306000,35.514381408691406
2016-06-07,35.67744667785621,35.78351000317236,35.51438315410818,35.51934051513672,26724000,35.51934051513672
2016-06-08,35.88164468430738,36.110129473353474,35.714119171115456,36.09575653076172,31674000,36.09575653076172
2016-06-09,35.8276180131604,36.15820323328432,35.801148507402694,36.11062240600586,19778000,36.11062240600586
2016-06-10,35.659103891920296,35.97729762069905,35.508431893573125,35.656131744384766,24328000,35.656131744384766
2016-06-13,35.51239365416768,35.95499022509177,35.51239365416768,35.60408401489258,25178000,35.60408401489258
2016-06-14,35.51091403346404,35.80779604061354,35.34437923016172,35.599632263183594,26122000,35.599632263183594
2016-06-15,35.63581402669816,35.833072376191346,35.552053153722966,35.6318473815918,24290000,35.6318473815918
2016-06-16,35.43309322233755,35.519334652020866,34.855683651976946,35.207584381103516,39650000,35.207584381103516
2016-06-17,35.12283184597955,35.131260493421266,34.12175885581634,34.283729553222656,68048000,34.283729553222656
2016-06-20,34.63314960369292,34.81702948982449,34.36749406531406,34.382362365722656,41650000,34.382362365722656
2016-06-21,34.61480791436088,34.83140031705296,34.29810027827305,34.49288558959961,29312000,34.49288558959961
2016-06-22,34.64752472822173,34.736738317650044,34.35123638847457,34.5682258605957,23686000,34.5682258605957
2016-06-23,34.567731127962425,34.79076321488857,34.049794673139594,34.78679656982422,43428000,34.78679656982422
2016-06-24,33.463461811858394,34.16874561075396,33.378214873460074,33.4659423828125,88980000,33.4659423828125
2016-06-27,33.256783001540484,33.32121734245189,32.874355356700434,33.12097930908203,52580000,33.12097930908203
2016-06-28,33.651800408003815,33.71920311064483,33.35590916078588,33.704830169677734,43476000,33.704830169677734
2016-06-29,33.85154019978685,34.071051806869896,33.77273291992572,33.90655517578125,38652000,33.90655517578125
2016-06-30,33.97395892123997,34.31346815012243,33.88375462592348,34.30256271362305,31954000,34.30256271362305
2016-07-01,34.307518067974236,34.72632613118563,34.30404678152449,34.65495300292969,26894000,34.65495300292969
2016-07-05,34.498832113181884,34.54244629395022,34.14296853141426,34.443817138671875,29252000,34.443817138671875
2016-07-06,34.197484520731464,34.77737080199627,34.153371205413734,34.583580017089844,28238000,34.583580017089844
2016-07-07,34.59895104676625,34.60489912320933,34.11001386924348,34.464141845703125,26084000,34.464141845703125
2016-07-08,34.66933139201521,34.977118838926785,34.5174228817103,34.9731559753418,31504000,34.9731559753418
2016-07-11,35.09309558440428,35.51239905587499,35.05294890394035,35.442020416259766,22236000,35.442020416259766
2016-07-12,35.64175842301401,35.831087244101354,35.48266156031596,35.71709442138672,26738000,35.71709442138672
2016-07-13,35.86478946047031,35.883624404862736,35.52924687351867,35.53569030761719,18718000,35.53569030761719
2016-07-14,35.76368269789387,35.794909155173436,35.58773609372601,35.732460021972656,19004000,35.732460021972656
2016-07-15,35.969365810832166,35.96986116872306,35.638534804160614,35.67793655395508,25586000,35.67793655395508
2016-07-18,35.81968727152427,36.4848205520061,35.74435127937519,36.36834716796875,25910000,36.36834716796875
2016-07-19,36.1755519148542,36.52744890341782,36.131442369807466,36.525962829589844,24550000,36.525962829589844
2016-07-20,36.5443007414856,36.78220110923474,36.53289994661063,36.73561477661133,25794000,36.73561477661133
2016-07-21,36.69447639165589,36.76039302545407,36.4700036328123,36.60873031616211,20526000,36.60873031616211
2016-07-22,36.768817185697635,36.83721438907438,36.50613380864235,36.812435150146484,25196000,36.812435150146484
2016-07-25,36.70984229588928,36.8059946746633,36.552726858652356,36.66523361206055,20648000,36.66523361206055
2016-07-26,36.62905113749674,36.760392827838515,36.392636851153135,36.598323822021484,23734000,36.598323822021484
2016-07-27,36.591387879316486,36.897685467544186,36.52794424909396,36.76436233520508,30250000,36.76436233520508
2016-07-28,37.02555295995852,37.10534716919688,36.64193422584646,36.969547271728516,70604000,36.969547271728516
2016-07-29,38.29783991420515,38.587287745955116,38.0034347220781,38.10354995727539,76830000,38.10354995727539
2016-08-01,37.72191837230696,38.68046621352397,37.72191837230696,38.30626678466797,54010000,38.30626678466797
2016-08-02,38.09859328022703,38.452967000532574,38.05696053170421,38.216552734375,35690000,38.216552734375
2016-08-03,38.02376289382036,38.322626363291945,38.00591866192052,38.32114028930664,25748000,38.32114028930664
2016-08-04,38.27355242267138,38.36524279258813,38.10379969723824,38.24332046508789,22806000,38.24332046508789
2016-08-05,38.35086758860698,38.80982233174047,38.27949824104285,38.76918029785156,36024000,38.76918029785156
2016-08-08,38.75827603770844,38.78950249156372,38.56453438237679,38.74638366699219,22158000,38.74638366699219
2016-08-09,38.71367639256911,39.102248787044495,38.687407295406594,38.870296478271484,26378000,38.870296478271484
2016-08-10,38.84501852122294,38.99677956297242,38.79684401402484,38.89111328125,15728000,38.89111328125
2016-08-11,38.9069702832242,39.14239386943064,38.80635590166039,38.8995361328125,19502000,38.8995361328125
2016-08-12,38.733505336665274,38.827426725841036,38.67898570589243,38.81875228881836,14810000,38.81875228881836
2016-08-15,38.8450162535622,39.03038221741594,38.664607650403106,38.78009033203125,18764000,38.78009033203125
2016-08-16,38.67402272514079,38.70772597097734,38.334218531198175,38.51740264892578,20560000,38.51740264892578
2016-08-17,38.52633163404402,38.69930610692884,38.33848507734809,38.65469741821289,18484000,38.65469741821289
2016-08-18,38.65964688286612,38.80090329002842,38.51046096810613,38.53524398803711,14388000,38.53524398803711
2016-08-19,38.41133923217054,38.51542111697214,38.318658142379896,38.43215560913086,17230000,38.43215560913086
2016-08-22,38.325594683063855,38.38853916817266,38.16599868771947,38.27008056640625,19028000,38.27008056640625
2016-08-23,38.435125443837464,38.48270627136332,38.25199049526361,38.2666130065918,18564000,38.2666130065918
2016-08-24,38.192265768524045,38.38655193183166,38.018300621985894,38.14567565917969,21440000,38.14567565917969
2016-08-25,38.01483183931633,38.25719798290104,37.825748811875656,38.134281158447266,18538000,38.134281158447266
2016-08-26,38.113963542228966,38.464869818319116,37.95783881753139,38.14072799682617,23334000,38.14072799682617
2016-08-29,38.101072771023674,38.41084161760026,37.99575060691603,38.27008056640625,16952000,38.27008056640625
2016-08-30,38.13031580001243,38.384873050504964,38.00690361349266,38.1184196472168,22600000,38.1184196472168
2016-08-31,38.01532588328893,38.11841704397494,37.93454095291092,38.017311096191406,24972000,38.017311096191406
2016-09-01,38.12634717608493,38.21407089096348,37.88100891387382,38.103050231933594,18502000,38.103050231933594
2016-09-02,38.312707688797786,38.35780794540113,38.08471827223157,38.23588562011719,21454000,38.23588562011719
2016-09-06,38.33451646568364,38.75827814747495,38.21308571159798,38.66312026977539,28856000,38.66312026977539
2016-09-07,38.65914954375177,38.794457867941965,38.470811458545356,38.67649841308594,17874000,38.67649841308594
2016-09-08,38.589273120458515,38.67650527776127,38.34096265734351,38.42720031738281,25406000,38.42720031738281
2016-09-09,38.16847632988548,38.324351457006934,37.651039123535156,37.651039123535156,37710000,37.651039123535156
2016-09-12,37.4265180559317,38.17789275437536,37.370512365794816,38.11494827270508,26220000,38.11494827270508
2016-09-13,37.889935685171935,37.97617712277829,37.459730557076384,37.652530670166016,27900000,37.652530670166016
2016-09-14,37.64856305310152,38.048536211659645,37.623783813129585,37.79130554199219,21748000,37.79130554199219
2016-09-15,37.81113083420105,38.35186126334885,37.66591155713623,38.250755310058594,26102000,38.250755310058594
2016-09-16,38.151131980040354,38.151131980040354,37.8988586711817,38.10801315307617,40986000,38.10801315307617
2016-09-19,38.28346332256296,38.36177524762953,37.88800133572991,37.950401306152344,23456000,37.950401306152344
2016-09-20,38.11396433068675,38.32857154849304,38.09066738123993,38.2334098815918,19572000,38.2334098815918
2016-09-21,38.295359841825906,38.518395685401536,38.07931572933841,38.471805572509766,23356000,38.471805572509766
2016-09-22,38.659148920457305,39.14734488561528,38.58183149989137,39.01649856567383,29724000,39.01649856567383
2016-09-23,38.98577315461434,39.10175119304785,38.86484153689265,39.00114059448242,28238000,39.00114059448242
2016-09-26,38.794959524744144,38.794959524744144,38.315683696818034,38.37218475341797,30664000,38.37218475341797
2016-09-27,38.436123967727085,38.95603805699175,38.37704402437922,38.80834197998047,23064000,38.80834197998047
2016-09-28,38.55259317479844,38.74886077886606,38.409850692794194,38.73646926879883,22196000,38.73646926879883
2016-09-29,38.73051996030071,38.94661699868603,38.373272396107886,38.41183090209961,26294000,38.41183090209961
2016-09-30,38.4772642538701,38.70574906984703,38.366239782105595,38.52484130859375,31706000,38.52484130859375
2016-10-03,38.37416610066983,38.464120825609484,38.138738752956904,38.290401458740234,25576000,38.290401458740234
2016-10-04,38.46238640614068,38.595217953419954,38.30676083224448,38.48221206665039,24028000,38.48221206665039
2016-10-05,38.624952977338076,38.76174738232227,38.443553674045795,38.484195709228516,29224000,38.484195709228516
2016-10-06,38.609595702836195,38.68294649636114,38.438107310365325,38.5035285949707,21414000,38.5035285949707
2016-10-07,38.64230480743547,38.64230480743547,38.20069510475529,38.415306091308594,18664000,38.415306091308594
2016-10-10,38.545653424013764,39.12405370605252,38.454454634765455,38.953556060791016,23498000,38.953556060791016
2016-10-11,38.98924161330639,39.26778400342709,38.68789763468107,38.811309814453125,27450000,38.811309814453125
2016-10-12,38.84551098957658,39.06210340657318,38.76125476590791,38.963470458984375,18748000,38.963470458984375
2016-10-13,38.719615550635126,38.719615550635126,38.31220830355611,38.56943893432617,27306000,38.56943893432617
2016-10-14,38.74093089953959,38.8549237158054,38.460898656410144,38.5862922668457,17050000,38.5862922668457
2016-10-17,38.64924364851223,38.94909779410566,38.53524704169737,38.65717315673828,21860000,38.65717315673828
2016-10-18,39.048220978007585,39.73020775364254,38.93496931362198,39.41548156738281,41138000,39.41548156738281
2016-10-19,39.56318071920005,39.87840228802149,39.55277442187757,39.72475814819336,35336000,39.72475814819336
2016-10-20,39.813979698542234,39.84718759148573,39.453654018903656,39.500244140625,35150000,39.500244140625
2016-10-21,39.40260156953442,39.62563365078088,39.35303930496392,39.61919021606445,25324000,39.61919021606445
2016-10-24,39.893274182022104,40.40278197277574,39.88931131844052,40.30018615722656,33950000,40.30018615722656
2016-10-25,40.47712664690015,40.47712664690015,39.905169731172684,40.03056335449219,31528000,40.03056335449219
2016-10-26,39.96465000498609,39.99636804120209,39.46802905024217,39.60432434082031,32954000,39.60432434082031
2016-10-27,39.69997706107412,39.82338924939333,39.2291298978811,39.41994857788086,54984000,39.41994857788086
2016-10-28,40.06426279607105,40.418144962393754,39.33271372183856,39.420936584472656,85398000,39.420936584472656
2016-10-31,39.425891676145326,39.494784239516065,38.85740607953772,38.88417053222656,48546000,38.88417053222656
2016-11-01,38.80238905588325,39.129502984501194,38.43810059766374,38.83807373046875,48128000,38.83807373046875
2016-11-02,38.56993770099229,38.74093070589423,37.83888399398884,38.099090576171875,37448000,38.099090576171875
2016-11-03,38.02722738653783,38.16104966178587,37.61982004668199,37.77346420288086,38864000,37.77346420288086
2016-11-04,37.204976325016,38.1813683923846,37.200068122053146,37.76801300048828,42696000,37.76801300048828
2016-11-07,38.38655741471222,38.91638621864966,38.289909677124534,38.784053802490234,31702000,38.784053802490234
2016-11-08,38.827669018726446,39.433975810984826,38.668572144081296,39.1800651550293,27338000,39.1800651550293
2016-11-09,38.65618565661452,39.2156036223075,38.24629773354233,38.92233657836914,52142000,38.92233657836914
2016-11-10,39.21276710906183,39.21276710906183,37.28030799895967,37.794769287109375,94904000,37.794769287109375
2016-11-11,37.496403993781655,37.7065529675542,37.19109714461574,37.37150573730469,48636000,37.37150573730469
2016-11-14,37.4498175099667,37.56133733245947,36.05907925976419,36.48234939575195,73088000,36.48234939575195
2016-11-15,37.02208199166329,37.88675749137242,37.02208199166329,37.593048095703125,47680000,37.593048095703125
2016-11-16,37.42998904296732,37.983114766973166,37.19754139565375,37.88993453979492,29452000,37.88993453979492
2016-11-17,38.01087460932139,38.297346555541935,37.87754768642391,38.224491119384766,26080000,38.224491119384766
2016-11-18,38.231420053666056,38.41133326812827,37.66788810809997,37.69465255737305,30942000,37.69465255737305
2016-11-21,37.797252269503424,38.148653870055035,37.69762861117852,38.123870849609375,26612000,38.123870849609375
2016-11-22,38.29387111773527,38.50847829929951,38.014829598963885,38.07777786254883,31862000,38.07777786254883
2016-11-23,38.05101358748206,38.07842086906846,37.432466635586394,37.716957092285156,29568000,37.716957092285156
2016-11-25,37.87903385933303,37.91570925283458,37.693667897394704,37.75115966796875,11748000,37.75115966796875
2016-11-28,37.667895893281425,38.63586314373856,37.65798495289668,38.0762939453125,43764000,38.0762939453125
2016-11-29,38.23935302040426,38.58480654025001,38.07628952076758,38.20515441894531,32332000,38.20515441894531
2016-11-30,38.16699575832004,38.31171968244619,37.41165432336864,37.57075119018555,47858000,37.57075119018555
2016-12-01,37.541017419004135,37.66046297226429,36.52918637798961,37.069175720214844,60358000,37.069175720214844
2016-12-02,36.90412525905294,37.370514169265086,36.83027533797004,37.197044372558594,29050000,37.197044372558594
2016-12-05,37.5544013293894,37.861194304786395,37.316001788797045,37.79279708862305,27884000,37.79279708862305
2016-12-06,37.90232551059213,38.10553569390683,37.53605560407504,37.623783111572266,33814000,37.623783111572266
2016-12-07,37.717457907249276,38.23093234328144,37.459731864016334,38.22250747680664,35220000,38.22250747680664
2016-12-08,38.2864392638951,38.56894830472402,38.026232672809975,38.48171615600586,29762000,38.48171615600586
2016-12-09,38.65915371708845,39.12653336618578,38.61063132926621,39.11959457397461,36438000,39.11959457397461
2016-12-12,38.90894913716249,39.216736556704994,38.87500010462216,39.11860275268555,42082000,39.11860275268555
2016-12-13,39.348075939110394,39.867498375325326,39.320320772678016,39.457115173339844,42904000,39.457115173339844
2016-12-14,39.52154999203102,39.84866773000165,39.353532901689675,39.50519561767578,34084000,39.50519561767578
2016-12-15,39.518579193816,39.7991068265835,39.299509978498605,39.54385757446289,32530000,39.54385757446289
2016-12-16,39.670235772533275,39.69283694796068,39.1691529281988,39.19443130493164,48876000,39.19443130493164
2016-12-19,39.165691033336955,39.53443775240373,38.96991498779655,39.36294937133789,24642000,39.36294937133789
2016-12-20,39.489830197460364,39.58350199941512,39.31685575419303,39.47297668457031,19020000,39.47297668457031
2016-12-21,39.444226733445845,39.48566285083571,39.011045742404576,39.38078689575195,24226000,39.38078689575195
2016-12-22,39.27175519057315,39.31933602329977,39.084407788726224,39.21723556518555,19444000,39.21723556518555
2016-12-23,39.19938886393341,39.290587660036344,39.01997098195762,39.15032196044922,12468000,39.15032196044922
2016-12-27,39.18848289273783,39.54434646998627,39.038654154863906,39.23160171508789,15782000,39.23160171508789
2016-12-28,39.33816183990604,39.36442714924544,38.81774872974998,38.90943908691406,23076000,38.90943908691406
2016-12-29,38.82420021458078,38.953065124256575,38.60562636047736,38.79743576049805,14886000,38.79743576049805
2016-12-30,38.79545574722252,38.79694182109072,38.183847488536095,38.25373077392578,35400000,38.25373077392578
2017-01-03,38.600172687456144,39.1364449090113,38.45099054329599,38.963470458984375,33146000,38.963470458984375
2017-01-04,39.07350066567226,39.22120051834133,38.81577463243198,39.00114059448242,21460000,39.00114059448242
2017-01-05,38.96050085302965,39.37682841927522,38.9079626586117,39.35403060913086,26704000,39.35403060913086
2017-01-06,39.41548339834323,40.04195987142099,39.26401732557665,39.955223083496094,32804000,39.955223083496094
2017-01-09,39.96761566140219,40.144356335216045,39.79067457561332,39.98000717163086,25492000,39.98000717163086
2017-01-10,40.039979228432735,40.10292371357673,39.82437753977148,39.8878173828125,23536000,39.8878173828125
2017-01-11,39.8982328193432,40.05435754910578,39.71831956325489,40.04246139526367,21318000,40.04246139526367
2017-01-12,40.004294032940486,40.01668554409226,39.6092782194041,39.96563720703125,27062000,39.96563720703125
2017-01-13,40.02114800153368,40.206710599537615,39.98199203588392,40.04097366333008,21984000,40.04097366333008
2017-01-17,40.001323916507964,40.004296064283324,39.668757218422435,39.878902435302734,27242000,39.878902435302734
2017-01-18,39.93837274544821,39.9579488350925,39.69947789988953,39.95125961303711,25888000,39.95125961303711
2017-01-19,39.90417342064293,40.12026667437985,39.73962385496816,39.758209228515625,18386000,39.758209228515625
2017-01-20,39.99289127397162,39.99289127397162,39.73417077619549,39.89921569824219,33400000,39.89921569824219
2017-01-23,40.00974466130529,40.68479270989905,39.835779500406765,40.60747528076172,39272000,40.60747528076172
2017-01-24,40.755668052558484,40.934091424006624,40.53367209428833,40.83348083496094,29480000,40.83348083496094
2017-01-25,41.11846183892842,41.423277061745424,40.892453886409506,41.41831970214844,29890000,41.41831970214844
2017-01-26,41.52438592117183,41.533805283205204,40.98910448772337,41.243858337402344,59478000,41.243858337402344
2017-01-27,41.37074701404106,41.72958277970971,40.663481780409874,40.805728912353516,59316000,40.805728912353516
2017-01-30,40.37701199561369,40.435494484280404,39.640505480349134,39.765403747558594,64932000,39.765403747558594
2017-01-31,39.49478143946543,39.71236455093537,39.18055438432143,39.49131393432617,43212000,39.49131393432617
2017-02-01,39.63455394456271,39.70939458303895,39.213764421036274,39.43704605102539,40594000,39.43704605102539
2017-02-02,39.34311994621321,39.7842304772102,39.253906367957754,39.577552795410156,30642000,39.577552795410156
2017-02-03,39.79860369507648,39.947785816017294,39.668748092946586,39.72425842285156,29268000,39.72425842285156
2017-02-06,39.635543322732154,39.73318176558165,39.41498805933869,39.716827392578125,23690000,39.716827392578125
2017-02-07,39.84817261077629,40.17082834796547,39.738638006201484,39.99586868286133,24824000,39.99586868286133
2017-02-08,39.99735291709821,40.237238492409205,39.80851945724102,40.06575012207031,23106000,40.06575012207031
2017-02-09,40.121760304065454,40.17876050215617,39.875435048391765,40.12424087524414,19794000,40.12424087524414
2017-02-10,40.23029963298369,40.406250005563805,40.1351379756724,40.327938079833984,22700000,40.327938079833984
2017-02-13,40.443417205623014,40.68920167755608,40.41814261046923,40.60400390625,24266000,40.60400390625
2017-02-14,40.592113861943496,40.79036669687534,40.443423290405036,40.663978576660156,21094000,40.663978576660156
2017-02-15,40.60995283729387,40.79036521716578,40.56584329418628,40.591121673583984,26272000,40.591121673583984
2017-02-16,40.638204798916746,40.859754582192586,40.59112310662169,40.84785842895508,25752000,40.84785842895508
2017-02-17,40.79135318795232,41.04164505004883,40.72369713204395,41.04164505004883,32220000,41.04164505004883
2017-02-21,41.07089483164216,41.308303656674276,41.05553117121744,41.21958541870117,25246000,41.21958541870117
2017-02-22,41.07088684133364,41.2983808995784,41.06989612554527,41.17496871948242,19658000,41.17496871948242
2017-02-23,41.14324803388327,41.25922605672451,40.784412311032945,41.20322036743164,29456000,41.20322036743164
2017-02-24,41.02480025135881,41.08774474286609,40.849840580714186,41.06990051269531,27844000,41.06990051269531
2017-02-27,40.867186860168474,41.16208741839446,40.83992704937385,41.101619720458984,22030000,41.101619720458984
2017-02-28,40.91971998502668,41.06493925828434,40.65158388809146,40.8007698059082,45216000,40.8007698059082
2017-03-01,41.080310760636216,41.44732562464196,41.00150347042363,41.39701843261719,29930000,41.39701843261719
2017-03-02,41.328117895894145,41.36082663966402,41.119455017430646,41.16852569580078,18850000,41.16852569580078
2017-03-03,41.16505606779416,41.204707385827454,40.926709522088046,41.09170150756836,17928000,41.09170150756836
2017-03-06,40.9861338787781,41.08179088813214,40.76062125973804,41.02727127075195,22180000,41.02727127075195
2017-03-07,41.008436736266034,41.306313203317714,40.96482255447011,41.23196792602539,20752000,41.23196792602539
2017-03-08,41.311275745861494,41.541250419349446,41.22602879530224,41.403465270996094,19796000,41.403465270996094
2017-03-09,41.43468473541529,41.73206210468203,41.34596650445085,41.56751251220703,25230000,41.56751251220703
2017-03-10,41.79550764702885,41.87629259174733,41.60815645478855,41.79401779174805,34080000,41.79401779174805
2017-03-13,41.83118976122373,42.0633916333422,41.794015227297685,41.90751647949219,24472000,41.90751647949219
2017-03-14,41.813342330899395,41.99176949228472,41.67258505850065,41.911476135253906,15598000,41.911476135253906
2017-03-15,42.00911835781656,42.06066204951621,41.6710989795814,41.98978805541992,27630000,41.98978805541992
2017-03-16,42.080487671236035,42.17069196764626,41.936754470194366,42.06809616088867,19552000,42.06809616088867
2017-03-17,42.20835653997491,42.297070970136744,41.98532072589044,42.2336311340332,34246000,42.2336311340332
2017-03-20,42.129057180979366,42.13946725920301,41.8881809031282,42.049259185791016,24630000,42.049259185791016
2017-03-21,42.19795332084751,42.302035205126636,41.08873348969208,41.16010284423828,49270000,41.16010284423828
2017-03-22,41.23196882063657,41.41237740903881,40.997535971020675,41.116981506347656,28030000,41.116981506347656
2017-03-23,40.69124314722562,40.769059729025116,40.25791455944707,40.5217399597168,69742000,40.5217399597168
2017-03-24,40.645636629469706,40.73732699196281,40.09102488966171,40.365604400634766,39620000,40.365604400634766
2017-03-27,39.99487601060827,40.722462242309966,39.817439564526545,40.61738586425781,37886000,40.61738586425781
2017-03-28,40.66199655291465,40.93855753310014,40.345636777076386,40.68727493286133,32410000,40.68727493286133
2017-03-29,40.88949307164047,41.27434839393868,40.75963743998457,41.207191467285156,35726000,41.207191467285156
2017-03-30,41.31076772560379,41.3196879480457,41.0877356950533,41.21164321899414,21106000,41.21164321899414
2017-03-31,41.08625634645182,41.21858875665643,41.00794441893617,41.11549758911133,28038000,41.11549758911133
2017-04-03,41.098647197226676,41.67506613500386,41.098647197226676,41.561073303222656,33430000,41.561073303222656
2017-04-04,41.20471081632811,41.39403963645926,41.08952686637875,41.363807678222656,20908000,41.363807678222656
2017-04-05,41.410401672147806,41.75436916517211,41.172992861167224,41.207191467285156,31106000,41.207191467285156
2017-04-06,41.25625698630578,41.45401446557996,40.96185555018259,41.03223419189453,25088000,41.03223419189453
2017-04-07,41.03619816715622,41.062221476063534,40.66710354943842,40.873138427734375,21146000,40.873138427734375
2017-04-10,40.90881879077453,41.10508639946342,40.828525433751956,40.87610626220703,19578000,40.87610626220703
2017-04-11,40.875119049466356,41.00978078420048,40.49398081261387,40.80771255493164,21594000,40.80771255493164
2017-04-12,40.737334350592306,40.97176722878085,40.69223030731549,40.85578918457031,18010000,40.85578918457031
2017-04-13,40.74773282355298,40.95788177758692,40.71303886667918,40.818115234375,22448000,40.818115234375
2017-04-17,40.8899877508408,41.52142166795865,40.86322329594422,41.49267578125,17900000,41.49267578125
2017-04-18,41.346457822798605,41.5798999612982,41.27162096586096,41.47532272338867,16734000,41.47532272338867
2017-04-19,41.62253194503905,41.74297200456152,41.44906210953644,41.54422378540039,19084000,41.54422378540039
2017-04-20,41.70431159882633,41.890668306084294,41.59923898099508,41.7147216796875,19180000,41.7147216796875
2017-04-21,41.77567866918647,41.825240932171305,41.66267277696844,41.79104232788086,26472000,41.79104232788086
2017-04-24,42.18803876509458,42.795184928696855,42.12162299547449,42.760986328125,27450000,42.760986328125
2017-04-25,42.87201395978855,43.36764417897686,42.76347006451115,43.23382568359375,33440000,43.23382568359375
2017-04-26,43.329477772440406,43.41968585802452,43.008213564223325,43.205570220947266,24744000,43.205570220947266
2017-04-27,43.298253866310645,43.38746745210578,43.13866164029091,43.33047103881836,40536000,43.33047103881836
2017-04-28,45.13505016857594,45.441843042769435,44.89268784401555,44.902103424072266,65526000,44.902103424072266
2017-05-01,44.7028607114373,45.38385673120881,44.67857305208912,45.22971725463867,42320000,45.22971725463867
2017-05-02,45.08351228140046,45.63614266505492,45.07523488817848,45.421531677246094,31744000,45.421531677246094
2017-05-03,45.34322073120477,45.9994338210689,45.228384669419896,45.9468994140625,29990000,45.9468994140625
2017-05-04,45.8988241058813,46.38751548197845,45.82546954020035,46.175880432128906,28442000,46.175880432128906
2017-05-05,46.269061001232465,46.33646749663872,45.85570558561264,45.95136260986328,38226000,45.95136260986328
2017-05-08,45.9012986969087,46.43682594871795,45.85867523050568,46.306724548339844,26596000,46.306724548339844
2017-05-09,46.43807392082816,46.465333734540096,46.07031789605987,46.20116424560547,31636000,46.20116424560547
2017-05-10,46.19173595101225,46.192726666758084,45.853716595150246,46.03313446044922,23478000,46.03313446044922
2017-05-11,45.86165174071727,46.21900144162912,45.74815427214094,46.12334442138672,16700000,46.12334442138672
2017-05-12,46.16943756640318,46.264103867471995,45.98704753781309,46.203636169433594,21012000,46.203636169433594
2017-05-15,46.23981136005496,46.50249471989991,46.06088885562438,46.44450759887695,22162000,46.44450759887695
2017-05-16,46.58923591980317,46.743375420181636,46.46929502211398,46.7379264831543,19390000,46.7379264831543
2017-05-17,46.374627778915354,46.55617455913702,45.50578892647001,45.579139709472656,47242000,45.579139709472656
2017-05-18,45.64753523246674,46.25071853588916,45.536019207006866,46.105499267578125,31938000,46.105499267578125
2017-05-19,46.16646560798267,46.47796633022695,46.14316866037837,46.292354583740234,27860000,46.292354583740234
2017-05-22,46.341426149077044,46.68256897223137,46.341426149077044,46.681427001953125,22408000,46.681427001953125
2017-05-23,46.981777576918056,47.15757670644404,46.7168631759301,47.02638626098633,25416000,47.02638626098633
2017-05-24,47.232562333420645,47.33714335488719,47.06008324558923,47.3306999206543,20496000,47.3306999206543
2017-05-25,47.44816845420421,48.20643292422586,47.35597893469248,48.0533332824707,33210000,48.0533332824707
2017-05-26,48.061259306250896,48.322951981587586,47.82979858969404,48.14898681640625,25040000,48.14898681640625
2017-05-30,48.09149190412508,48.383420323479264,48.050849865690594,48.367557525634766,29334000,48.367557525634766
2017-05-31,48.32493266772078,48.535577004156885,47.58941691493791,47.821372985839844,48962000,47.821372985839844
2017-06-01,48.02408561558449,48.15047373415465,47.58099361708596,47.92496109008789,28210000,47.92496109008789
2017-06-02,48.04935971910973,48.367553425873886,47.877871355803876,48.353675842285156,35020000,48.353675842285156
2017-06-05,48.40076353605919,48.91423793380342,48.32889882537049,48.754146575927734,25042000,48.754146575927734
2017-06-06,48.72837866894734,48.980651985187734,48.33088228877513,48.401756286621094,36292000,48.401756286621094
2017-06-07,48.57175705433542,48.769019164384105,48.370532080956835,48.61834716796875,29078000,48.61834716796875
2017-06-08,48.68823786402268,48.79826783991768,48.43298858802902,48.74077606201172,29638000,48.74077606201172
2017-06-09,48.79479416462307,48.79479416462307,46.37265252085536,47.076446533203125,66188000,47.076446533203125
2017-06-12,46.567430889017366,47.05290057064277,45.36171077207696,46.73297119140625,75270000,46.73297119140625
2017-06-13,47.179537486091135,47.57951068271218,46.791952019955836,47.25338363647461,40266000,47.25338363647461
2017-06-14,47.57653315600569,47.63749621589127,46.7007554285687,47.122535705566406,29794000,47.122535705566406
2017-06-15,46.290368562893306,46.75472307987602,45.818031599632874,46.7037239074707,42662000,46.7037239074707
2017-06-16,46.58923643054278,46.690346165984295,46.17265932913099,46.578330993652344,61894000,46.578330993652344
2017-06-19,47.08288887874852,47.58000516641198,47.037784835244544,47.45014953613281,30666000,47.45014953613281
2017-06-20,47.45758341284973,47.660793614384765,47.085365396696,47.11609649658203,22520000,47.11609649658203
2017-06-21,47.265268559294704,47.585447452512554,47.122526090738255,47.55323028564453,24044000,47.55323028564453
2017-06-22,47.516069674219445,47.61618491974951,47.31038268295913,47.43627166748047,18828000,47.43627166748047
2017-06-23,47.423379827775136,47.8778725927268,47.293028853979536,47.85755157470703,30558000,47.85755157470703
2017-06-26,48.07116865970038,48.240180240067,47.124021652651244,47.19737243652344,31968000,47.19737243652344
2017-06-27,46.71116187917815,47.00011435773135,45.93748088824838,45.961273193359375,51598000,45.961273193359375
2017-06-28,46.04404904350925,46.7255406085787,45.39972823308199,46.613529205322266,54428000,46.613529205322266
2017-06-29,46.089639598610404,46.1560553730528,45.133073210263866,45.488441467285156,65984000,45.488441467285156
2017-06-30,45.897826826509544,45.897826826509544,45.01857800532707,45.03939437866211,41804000,45.03939437866211
2017-07-03,45.21039132237716,45.29761968606491,44.34848751289355,44.54228210449219,34196000,44.54228210449219
2017-07-05,44.69394983143202,45.32587530676358,44.53237239084634,45.18709945678711,36278000,45.18709945678711
2017-07-06,44.81091459900095,45.34738341739918,44.59184540617162,44.938289642333984,28490000,44.938289642333984
2017-07-07,45.04534813896028,45.67430142030106,45.04534813896028,45.52809143066406,32756000,45.52809143066406
2017-07-10,45.68570440664389,46.1124420250203,45.57765587707456,46.03413009643555,23856000,46.03413009643555
2017-07-11,46.0708084264492,46.16448023037654,45.69710058249897,46.09806823730469,22264000,46.09806823730469
2017-07-12,46.523811160757425,46.90148186650026,46.31515203790036,46.7790641784668,30642000,46.7790641784668
2017-07-13,46.90098444946643,47.30541959028259,46.73842008932593,46.94410705566406,25894000,46.94410705566406
2017-07-14,47.183994531622034,47.42735141532133,46.98599126078675,47.381752014160156,21076000,47.381752014160156
2017-07-17,47.43180430415977,47.617170254321906,47.04724775901405,47.254371643066406,23310000,47.254371643066406
2017-07-18,47.23356031763825,47.978987061165924,47.11460634518379,47.848140716552734,23080000,47.848140716552734
2017-07-19,47.969064289148335,48.226794071521695,47.780230845206894,48.12023162841797,24490000,48.12023162841797
2017-07-20,48.323941490981376,48.36854639115193,47.65533687682768,47.98443603515625,32490000,47.98443603515625
2017-07-21,47.69201382495111,48.236215556662785,47.5879319397995,48.22085189819336,34220000,48.22085189819336
2017-07-24,48.18615404992949,48.879046293890184,48.1142893426539,48.58860397338867,64966000,48.58860397338867
2017-07-25,47.27370356988161,47.56563200302144,46.856880649316906,47.119564056396484,93220000,47.119564056396484
2017-07-26,47.31682541264998,47.33268442962749,46.70219208013325,46.975830078125,41766000,46.975830078125
2017-07-27,47.17309023744918,47.17309023744918,45.597976820636,46.29631805419922,64260000,46.29631805419922
2017-07-28,46.06387142548708,46.779066188458884,45.9697004786229,46.665069580078125,36928000,46.665069580078125
2017-07-31,46.68291186667283,46.767168088592406,45.897334714541444,46.11838912963867,39402000,46.11838912963867
2017-08-01,46.21156480736973,46.4626999222412,46.0569299504487,46.134742736816406,25554000,46.134742736816406
2017-08-02,46.024718865143555,46.22247635564444,45.43343160689021,46.11294174194336,36488000,46.11294174194336
2017-08-03,46.11045318985046,46.204624127381834,45.70899398266164,45.77887725830078,24050000,45.77887725830078
2017-08-04,45.932524121971085,46.10881858667488,45.74814889558671,45.99249267578125,21646000,45.99249267578125
2017-08-07,46.047013719598674,46.17786004860959,45.92013403507328,46.06188201904297,20644000,46.06188201904297
2017-08-08,45.949373761600725,46.38176068441881,45.876019201220934,45.934505462646484,21232000,45.934505462646484
2017-08-09,45.62820180287761,45.894356440899855,45.461670812929334,45.741703033447266,23842000,45.741703033447266
2017-08-10,45.476543278919294,45.56129863656655,44.910534491818716,44.96554946899414,36480000,44.96554946899414
2017-08-11,45.0017297218009,45.48794429529092,44.88327490130388,45.31992721557617,24136000,45.31992721557617
2017-08-14,45.72337355463067,45.82933856286737,45.50827097840597,45.73031234741211,21290000,45.73031234741211
2017-08-15,45.807623873683575,45.92261118837936,45.58905381994797,45.708003997802734,17668000,45.708003997802734
2017-08-16,45.86016959995566,46.22743027239896,45.76872500498741,45.94293975830078,20134000,45.94293975830078
2017-08-17,45.88445524591465,45.9379803745084,45.15092086791992,45.15092086791992,25544000,45.15092086791992
2017-08-18,45.11771103766459,45.363790489708435,44.961291371526855,45.135555267333984,26854000,45.135555267333984
2017-08-21,45.102353679900006,45.251044270509134,44.775235893103456,44.93681335449219,18868000,44.93681335449219
2017-08-22,45.237164198723825,45.888420025809765,45.17545620790808,45.8304328918457,23334000,45.8304328918457
2017-08-23,45.69363317822737,46.09013504994346,45.56625434752815,45.944915771484375,21804000,45.944915771484375
2017-08-24,46.027185802954556,46.13523431960995,45.37493940280447,45.66141128540039,25406000,45.66141128540039
2017-08-25,45.77094800676313,45.873294240680586,45.37494151547368,45.39426803588867,21068000,45.39426803588867
2017-08-28,45.39972354322684,45.56055605023377,45.19502728145819,45.29117965698242,21730000,45.29117965698242
2017-08-29,44.85948791037406,45.76302074557757,44.85453054987556,45.66191101074219,23712000,45.66191101074219
2017-08-30,45.60045447527125,46.13420075894986,45.58062881381886,46.072296142578125,26024000,46.072296142578125
2017-08-31,46.18083633902578,46.687368146670835,46.18083633902578,46.556026458740234,31652000,46.556026458740234
2017-09-01,46.64524020039829,46.71215133001337,46.34885357986371,46.4573974609375,18948000,46.4573974609375
2017-09-05,46.24625633705633,46.44054250448977,45.69511586458148,46.016780853271484,26528000,46.016780853271484
2017-09-06,46.10103967934809,46.13895535687137,45.56179532820769,45.98506164550781,30554000,45.98506164550781
2017-09-07,46.179349575302105,46.41130565177966,45.77739497692764,46.38850784301758,24254000,46.38850784301758
2017-09-08,46.41527416047864,46.44005340194773,45.83984594888718,45.92013931274414,20230000,45.92013931274414
2017-09-11,46.30424787002615,46.50894033710075,45.94095012623949,46.048004150390625,25340000,46.048004150390625
2017-09-12,46.22197506116668,46.266084603222104,45.789338538647435,46.19620132446289,22688000,46.19620132446289
2017-09-13,46.126325452732885,46.45294409108653,46.0866741254918,46.345890045166016,22052000,46.345890045166016
2017-09-14,46.15555819414162,46.23089418947361,45.79622708796219,45.85124206542969,27952000,45.85124206542969
2017-09-15,45.82893905108892,45.919638702836146,45.417565119896544,45.61234664916992,50108000,45.61234664916992
2017-09-18,45.59846912411454,45.7010649280989,45.13208021553325,45.35015869140625,26138000,45.35015869140625
2017-09-19,45.47009998556757,45.71791506257082,45.22872834257332,45.68768310546875,18734000,45.68768310546875
2017-09-20,45.74567468520544,46.28591357199067,45.69710313713863,46.17191696166992,33396000,46.17191696166992
2017-09-21,46.242298111189214,46.417253994728554,45.78780531897334,46.21503829956055,25812000,46.21503829956055
2017-09-22,45.98209131319372,46.328040215376,45.91914682401781,46.020748138427734,21054000,46.020748138427734
2017-09-25,45.86809850282929,45.915183979465695,45.087482406951835,45.64605712890625,37136000,45.64605712890625
2017-09-26,45.782347065863284,46.13424400348361,45.65447288936071,45.83884811401367,33338000,45.83884811401367
2017-09-27,45.9816006439135,47.07991516198535,45.9816006439135,46.8117790222168,44788000,46.8117790222168
2017-09-28,46.65664083673906,47.119063103646035,46.61649415910596,47.060081481933594,20406000,47.060081481933594
2017-09-29,47.183984706166996,47.56988359642812,47.15970082746419,47.536380767822266,31620000,47.536380767822266
2017-10-02,47.5795111304032,47.70639083511322,46.97781379557373,47.246944427490234,25668000,47.246944427490234
2017-10-03,47.283119775830826,47.48137260346329,47.04224347887654,47.47096252441406,17766000,47.47096252441406
2017-10-04,47.43180305316465,47.5998239097826,47.119062067265475,47.168128967285156,19048000,47.168128967285156
2017-10-05,47.356973850234226,48.12123556154023,47.341606409274235,48.07415008544922,24276000,48.07415008544922
2017-10-06,47.912561104637845,48.54498559948767,47.74702083189595,48.5167350769043,23478000,48.5167350769043
2017-10-09,48.57175191988214,48.84063292466461,48.378951832818366,48.42306137084961,17828000,48.42306137084961
2017-10-10,48.57176333377079,48.64957613161942,47.88184688936033,48.20499801635742,19368000,48.20499801635742
2017-10-11,48.2605018651065,49.102576286008215,48.187642656867574,49.030216217041016,33866000,49.030216217041016
2017-10-12,48.94100007534469,49.271585291618024,48.81956932841663,48.95983123779297,25248000,48.95983123779297
2017-10-13,49.16651247064535,49.424737640396145,49.01782568507562,49.05152893066406,23396000,49.05152893066406
2017-10-16,49.171468896143374,49.2610303632792,48.77000966697402,49.16651153564453,18210000,49.16651153564453
2017-10-17,49.081762337926804,49.3865738496306,48.997506112148244,49.175437927246094,25804000,49.175437927246094
2017-10-18,49.155117528642435,49.40045205864724,48.917462937454516,49.206661224365234,21152000,49.206661224365234
2017-10-19,48.86913469448574,49.01187718373608,48.49195934327737,48.79231262207031,26272000,48.79231262207031
2017-10-20,49.03963453388095,49.11695196765458,48.79875822690124,48.97817611694336,23664000,48.97817611694336
2017-10-23,49.04359964099293,49.04359964099293,47.88382304532027,47.999305725097656,29568000,47.999305725097656
2017-10-24,48.07612174989792,48.186647055154545,47.6300538846067,48.10288619995117,24244000,48.10288619995117
2017-10-25,47.995335334971784,48.377963379812265,47.60626763759974,48.24116897583008,24226000,48.24116897583008
2017-10-26,48.57174954097018,48.9484294737415,48.185158670049056,48.202999114990234,40842000,48.202999114990234
2017-10-27,50.01850388991994,51.96137338081978,49.96943698376949,50.51810073852539,103354000,50.51810073852539
2017-10-30,50.256901753791496,50.80060812981867,49.93474137574088,50.411041259765625,41702000,50.411041259765625
2017-10-31,50.31736626843949,50.75252872861655,50.079462129771606,50.38774490356445,26614000,50.38774490356445
2017-11-01,50.41600276977632,51.033559123074774,50.40311589983068,50.826881408691406,27468000,50.826881408691406
2017-11-02,50.641508434566965,50.955240147574855,50.20783204485709,50.83083724975586,20980000,50.83083724975586
2017-11-03,50.658855097540474,51.18124972557102,50.56964151477446,51.17282485961914,21528000,51.17282485961914
2017-11-06,50.99985515760944,51.29128445712614,50.80209767082958,50.846702575683594,22504000,50.846702575683594
2017-11-07,50.91460109034902,51.24667619058779,50.80853777276857,51.2149543762207,22246000,51.2149543762207
2017-11-08,51.075682714606934,51.72010178197938,50.9730869034583,51.53810501098633,21774000,51.53810501098633
2017-11-09,51.247662609512496,51.247662609512496,50.53772022014231,51.11235427856445,24904000,51.11235427856445
2017-11-10,50.874459925858616,51.08757728414807,50.81597365579717,50.954254150390625,14400000,50.954254150390625
2017-11-13,50.723785019056805,51.12821640008872,50.68165690775591,50.839263916015625,17716000,50.839263916015625
2017-11-14,50.68264245215889,50.89179691356388,50.264329747991134,50.85165023803711,19184000,50.85165023803711
2017-11-15,50.51512430025277,50.756991322945666,50.32728154398287,50.59938430786133,17080000,50.59938430786133
2017-11-16,50.679177210992655,51.34332362623275,50.679177210992655,51.1738166809082,22594000,51.1738166809082
2017-11-17,51.2486567539466,51.268977772842796,50.44276235308797,50.50917434692383,27942000,50.50917434692383
2017-11-20,50.567163990757486,50.68363738271475,50.4303695804125,50.47398376464844,19070000,50.47398376464844
2017-11-21,50.7183330083972,51.30317677693556,50.68587004810947,51.27244567871094,21940000,51.27244567871094
2017-11-22,51.297725564650385,51.53096730900263,51.12078446443518,51.345306396484375,14926000,51.345306396484375
2017-11-24,51.34084690482736,51.70305567401102,51.29772807371071,51.575775146484375,10740000,51.575775146484375
2017-11-27,51.54553526513487,52.311778292273296,51.46821783951221,52.24982452392578,26158000,52.24982452392578
2017-11-28,52.293438793725315,52.654505511654556,51.54553162402725,51.91279220581055,28488000,51.91279220581055
2017-11-29,51.67836808782278,51.7477560126609,50.33868199915119,50.63655471801758,49188000,50.63655471801758
2017-11-30,50.671737777536975,50.97506317759665,50.30645861071533,50.6241569519043,34480000,50.6241569519043
2017-12-01,50.3461115362786,50.67768747130615,49.6631340064638,50.06707000732422,38192000,50.06707000732422
2017-12-04,50.1904890863447,50.36098675862927,49.34345722520145,49.497596740722656,38128000,49.497596740722656
2017-12-05,49.361793600935954,50.58451090971462,48.98214145338656,49.818267822265625,41346000,49.818267822265625
2017-12-06,49.63736206809779,50.800606132582104,49.61951783926049,50.47398376464844,25440000,50.47398376464844
2017-12-07,50.575583720733384,51.26005106086202,50.4586641403942,51.09599685668945,29164000,51.09599685668945
2017-12-08,51.42113723241221,51.647145235981114,51.1749065247143,51.399330139160156,25816000,51.399330139160156
2017-12-11,51.32250401805657,51.73387417251591,51.15151100971334,51.60005569458008,23856000,51.60005569458008
2017-12-12,51.527200195699436,52.0565336321197,51.23279876678965,51.56932830810547,25590000,51.56932830810547
2017-12-13,51.84886863960682,51.875878883460736,51.46524981852608,51.575775146484375,25654000,51.575775146484375
2017-12-14,51.79335552570975,52.46245553460276,51.69967993629424,51.99904251098633,31174000,51.99904251098633
2017-12-15,52.26965487498035,52.91447099410166,52.0163870607214,52.744468688964844,65518000,52.744468688964844
2017-12-18,52.83813840717752,53.45321407516543,52.63591895204007,53.38630294799805,31092000,53.38630294799805
2017-12-19,53.29015437224075,53.37143844638195,52.71274855007785,53.066131591796875,26774000,53.066131591796875
2017-12-20,53.120653581145326,53.19995244580861,52.61213651853888,52.78213882446289,25372000,52.78213882446289
2017-12-21,52.78213419232485,52.99921817124489,52.62571075774167,52.71670913696289,19914000,52.71670913696289
2017-12-22,52.5918105834237,52.744959361142314,52.509040439588176,52.54274368286133,15102000,52.54274368286133
2017-12-26,52.441141702564565,52.54274679629412,52.05107948304172,52.37522506713867,15212000,52.37522506713867
2017-12-27,52.407441307049346,52.456012855241546,51.944523634707004,52.009944915771484,25438000,52.009944915771484
2017-12-28,52.1204706107389,52.27659154332029,51.78195208802025,51.94898223876953,16742000,51.94898223876953
2017-12-29,51.87859857855192,52.02629842307168,51.788394282826914,51.86273956298828,17750000,51.86273956298828
2018-01-02,51.958898250478704,52.88077076127372,51.804758734504,52.78461837768555,24752000,52.78461837768555
2018-01-03,52.75041360459771,53.8398077316915,52.69589398431684,53.65097427368164,28604000,53.65097427368164
2018-01-04,53.92456326127012,54.20062886887323,53.726408755055296,53.84526062011719,20092000,53.84526062011719
2018-01-05,54.22194199879637,54.729963685356736,54.122813694803185,54.629844665527344,25582000,54.629844665527344
2018-01-08,54.629846724989726,55.07789608812686,54.599614765413044,54.86328887939453,20952000,54.86328887939453
2018-01-09,54.98520774251652,55.0431948643362,54.58032641909963,54.8295783996582,18050000,54.8295783996582
2018-01-10,54.37558436764398,54.747306987423904,54.32651746584686,54.648677825927734,20856000,54.648677825927734
2018-01-11,54.8315645389233,54.842715764024604,54.49899787346576,54.79290771484375,19566000,54.79290771484375
2018-01-12,54.638762944691585,55.72320348549452,54.57631381700976,55.622589111328125,34410000,55.622589111328125
2018-01-16,56.13061358680884,56.497378863475554,55.40312942524998,55.59781265258789,31506000,55.59781265258789
2018-01-17,55.818866014445625,56.13507832865972,55.362387992020274,56.104347229003906,24052000,56.104347229003906
2018-01-18,56.07609337765902,56.13061299973147,55.38667237503244,55.99580001831055,23964000,55.99580001831055
2018-01-19,56.09691107194811,56.39577828452604,55.92195518810186,56.3784294128418,35564000,56.3784294128418
2018-01-22,56.37743983441831,57.487155064561215,56.25948036120364,57.28543472290039,32360000,57.28543472290039
2018-01-23,57.48566162575603,58.06936336741268,57.43114200828808,57.987239837646484,26662000,57.987239837646484
2018-01-24,58.35202600677758,58.47741961947956,57.54514092953581,57.7032470703125,28332000,57.7032470703125
2018-01-25,58.1141188401507,58.2831304085989,57.629889503727526,58.00706481933594,29610000,58.00706481933594
2018-01-26,58.24050924741914,58.278175354003906,57.39942179759987,58.278175354003906,40376000,58.278175354003906
2018-01-29,58.30990180467592,58.82585301318156,58.086865950702276,58.26529312133789,27578000,58.26529312133789
2018-01-30,57.88117124458279,58.311875455106104,57.66755478252871,57.67598342895508,31126000,57.67598342895508
2018-01-31,58.016986226833694,58.13742627601026,57.44998664710843,57.98576354980469,30774000,57.98576354980469
2018-02-01,57.6224596663585,58.18698239665618,57.37018258016751,57.874732971191406,48242000,57.874732971191406
2018-02-02,55.60970701014682,55.66274056090775,54.88004097884332,55.10912322998047,97158000,55.10912322998047
2018-02-05,54.053423166104565,55.01494687100167,52.14178033195127,52.32863235473633,75966000,52.32863235473633
2018-02-06,50.910138768534715,53.61280764033601,50.70975326688254,53.55779266357422,68960000,53.55779266357422
2018-02-07,53.60437890623357,53.616275057474326,51.95492043820235,51.97078323364258,47384000,51.97078323364258
2018-02-08,52.309306332479785,52.46840320077334,49.59573178458921,49.63835525512695,57182000,49.63835525512695
2018-02-09,50.417979273340805,51.74230544280613,49.19426748239539,51.435508728027344,70118000,51.435508728027344
2018-02-12,51.942048372462324,52.61114841066478,51.591535348555865,52.137325286865234,41154000,52.137325286865234
2018-02-13,51.79335145504905,52.45600797730068,51.74809994370887,52.14524841308594,25302000,52.14524841308594
2018-02-14,51.98912419621217,53.11767428721167,51.88008873687723,53.01755905151367,31116000,53.01755905151367
2018-02-15,53.48196440860326,54.0969947514831,52.751901368974934,53.999900817871094,36868000,53.999900817871094
2018-02-16,53.944885215504506,54.75077960248255,53.94007532797366,54.261592864990234,33590000,54.261592864990234
2018-02-20,54.05193724627006,55.210719274386996,53.95033215729679,54.64124298095703,28462000,54.64124298095703
2018-02-21,54.839988233446924,56.20297108265301,54.83304944192001,55.08135986328125,30258000,55.08135986328125
2018-02-22,55.32174636331623,55.65034638760667,54.6476890200485,54.847923278808594,26344000,54.847923278808594
2018-02-23,55.14579739087175,55.871398445723926,54.752959644119805,55.84711456298828,25220000,55.84711456298828
2018-02-26,55.89716767057613,56.69810844270278,55.84240226334093,56.68769836425781,31182000,56.68769836425781
2018-02-27,56.56329345709345,56.70206928903735,55.41145027060129,55.42582321166992,35482000,55.42582321166992
2018-02-28,55.660753937691084,55.883785994677325,54.67989992586077,54.75374984741211,37652000,54.75374984741211
2018-03-01,54.90937760835708,55.020893633621334,52.88378738145723,53.008636474609375,50318000,53.008636474609375
2018-03-02,52.19381736975562,53.627129709422185,51.94773794654826,53.474525451660156,45432000,53.474525451660156
2018-03-05,53.287181053749336,54.3755844628587,52.9828649216791,54.06978225708008,24044000,54.06978225708008
2018-03-06,54.48065742735588,54.61100840247611,54.012536643329454,54.27447509765625,30656000,54.27447509765625
2018-03-07,53.98354559897808,55.124982655506656,53.79976780078639,54.997108459472656,25850000,54.997108459472656
2018-03-08,55.278623277796704,55.887259338248796,55.15372501877887,55.80795669555664,27102000,55.80795669555664
2018-03-09,56.30358448835651,57.53274892862125,56.12818241757515,57.495079040527344,42560000,57.495079040527344
2018-03-12,57.6839197272049,58.33815141546873,57.365226858454356,57.71613311767578,43446000,57.71613311767578
2018-03-13,57.98873062755065,58.32377786701753,56.171254861797024,56.41114044189453,38144000,56.41114044189453
2018-03-14,56.76006043043749,57.423212279302156,56.5732046330465,56.97218704223633,25828000,56.97218704223633
2018-03-15,56.99548518180523,57.54662566044222,56.23122358979444,56.97665023803711,27908000,56.97665023803711
2018-03-16,57.20265603495028,57.28889368023712,56.10334726697257,56.290199279785156,61840000,56.290199279785156
2018-03-19,55.51107867829431,55.609212491493594,53.97462578909219,54.51040267944336,56118000,54.51040267944336
2018-03-20,54.469757958588445,54.77704625249041,53.699548229413,54.40582275390625,36638000,54.40582275390625
2018-03-21,54.15949221452513,54.831564335095464,53.7833075845306,54.06730270385742,37578000,54.06730270385742
2018-03-22,53.6212413543292,53.67179433349145,51.83845948031391,51.99557113647461,53340000,51.99557113647461
2018-03-23,51.89396857137952,52.70333048322749,50.6147464320951,50.6320915222168,43134000,50.6320915222168
2018-03-26,51.842921873911735,52.320216301491655,49.97935112976335,52.20027160644531,53302000,52.20027160644531
2018-03-27,52.685491373783385,52.77663723445827,49.41036618994751,49.815792083740234,61906000,49.815792083740234
2018-03-28,49.463895632746706,50.763930414714515,48.60348157250914,49.78902816772461,67386000,49.78902816772461
2018-03-29,50.139432503391134,51.694224756053615,49.70674684965619,51.13862228393555,54536000,51.13862228393555
2018-04-02,50.69403858612834,51.287806280897264,49.0857212730847,49.88368606567383,53608000,49.88368606567383
2018-04-03,50.25243655709297,50.60334279818786,49.269105753118744,50.227657318115234,45502000,50.227657318115234
2018-04-04,49.236399597219005,50.98637057702776,49.21607857825465,50.80903244018555,49694000,50.80903244018555
2018-04-05,51.61146263233676,51.68382270746155,50.560774375952164,50.941368103027344,27260000,50.941368103027344
2018-04-06,50.554284772689826,51.12029366302246,49.713200946310266,49.911949157714844,34928000,49.911949157714844
2018-04-09,50.39567700241843,51.525713211136896,50.26086402001547,50.328765869140625,35032000,50.328765869140625
2018-04-10,50.87346524483522,51.36116594011719,50.1250663597116,51.131195068359375,39490000,51.131195068359375
2018-04-11,50.950287962415125,51.117510963137164,50.3495814093838,50.552791595458984,29678000,50.552791595458984
2018-04-12,50.80407602200924,51.57973848115395,50.625403062408175,51.174312591552734,27140000,51.174312591552734
2018-04-13,51.58915736026273,51.86373692720605,50.70197880768784,51.01373291015625,24460000,51.01373291015625
2018-04-16,51.39684776600565,51.706121268252005,50.888334502503376,51.44541931152344,24224000,51.44541931152344
2018-04-17,52.1090685149295,53.42298454979377,51.95492523649208,53.238609313964844,46406000,53.238609313964844
2018-04-18,53.400677283848125,53.400677283848125,52.845324367249404,53.13551712036133,26882000,53.13551712036133
2018-04-19,53.002690537670745,54.230115573972604,52.94222284135775,53.909690856933594,34954000,53.909690856933594
2018-04-20,53.627179869958965,54.14015888215391,53.01111347879853,53.17913055419922,37794000,53.17913055419922
2018-04-23,53.42199519627016,53.662871489816716,52.57149212811595,52.906044006347656,46826000,52.906044006347656
2018-04-24,52.14029328107083,52.38810837039409,50.08788928606203,50.553287506103516,95206000,50.553287506103516
2018-04-25,50.82786879969661,51.17332235034482,50.32182852456173,50.612762451171875,47822000,50.612762451171875
2018-04-26,51.02561663718991,51.94104556409815,50.46456522584637,51.547515869140625,41590000,51.547515869140625
2018-04-27,51.84291026167658,52.01638004896413,50.83132899615963,51.0523796081543,32396000,51.0523796081543
2018-04-30,51.050401585035885,51.39684582487442,50.39815135992986,50.42194366455078,33426000,50.42194366455078
2018-05-01,50.240044346991866,51.46970413806588,49.96992682334237,51.41221237182617,28558000,51.41221237182617
2018-05-02,50.95573375315911,51.564815976846795,50.69652166913743,50.7713623046875,32062000,50.7713623046875
2018-05-03,50.50471378090705,51.033797612491554,49.87476600572886,50.738651275634766,36302000,50.738651275634766
2018-05-04,50.400633364707346,51.96731809871606,50.400633364707346,51.952449798583984,38774000,51.952449798583984
2018-05-07,52.00299424390227,52.62005506765784,51.89742630519707,52.278564453125,29322000,52.278564453125
2018-05-08,52.46443414675418,52.56405780743735,51.899665625346906,52.23495864868164,24354000,52.23495864868164
2018-05-09,52.44262646338202,53.797679907056114,52.356634599643414,53.664852142333984,40656000,53.664852142333984
2018-05-10,53.8269269149297,54.541130995816566,53.807600391793166,54.398887634277344,28860000,54.398887634277344
2018-05-11,54.202117187593196,54.58524062034979,54.06879405972842,54.43307876586914,25074000,54.43307876586914
2018-05-14,54.51932108511047,55.052122028626194,54.475211540844874,54.529232025146484,30362000,54.529232025146484
2018-05-15,54.02369030183979,54.02616709148211,53.20441366446133,53.48989486694336,29898000,53.48989486694336
2018-05-16,53.39473686704243,53.987510144959806,53.34269403380493,53.615787506103516,21946000,53.615787506103516
2018-05-17,53.52260240139293,53.86855127108179,53.205894772187015,53.45817184448242,20876000,53.45817184448242
2018-05-18,52.628980616934484,53.029452886298095,52.57049813590889,52.85201644897461,31304000,52.85201644897461
2018-05-21,53.23365527736673,53.92456615162336,53.21333425808394,53.50724411010742,20464000,53.50724411010742
2018-05-22,53.704504922451825,53.85467778069562,52.86837478592543,53.019046783447266,21800000,53.019046783447266
2018-05-23,52.791057141479094,53.566719576412765,52.62155019961464,53.5126953125,21214000,53.5126953125
2018-05-24,53.47849081145748,53.55134623093059,52.841604290929276,53.490386962890625,15336000,53.490386962890625
2018-05-25,53.47948878089245,53.65494002221892,53.21953174545051,53.312957763671875,17988000,53.312957763671875
2018-05-29,52.779157605120965,53.199451755375215,52.299885615556285,52.55265426635742,37302000,52.55265426635742
2018-05-30,52.68697134467851,52.99326889492697,52.37967929731005,52.92338562011719,22770000,52.92338562011719
2018-05-31,52.91149387122182,54.3800486056248,52.91149387122182,53.7753791809082,61766000,53.7753791809082
2018-06-01,54.48709961246804,55.51057708755438,54.444971503262764,55.48579406738281,48432000,55.48579406738281
2018-06-04,55.62605978617078,56.595513000314746,55.60995120118751,56.46664810180664,37792000,56.46664810180664
2018-06-05,56.55091343854286,56.786238727487536,56.16432246204248,56.4849967956543,33560000,56.4849967956543
2018-06-06,56.609390317863785,56.65052771110527,55.795218572886235,56.34720230102539,33964000,56.34720230102539
2018-06-07,56.07163788719694,56.29466996554954,55.33810352445262,55.70189666748047,30400000,55.70189666748047
2018-06-08,55.42037255977122,55.84116207351596,55.12150537071799,55.55369567871094,25816000,55.55369567871094
2018-06-11,55.441195453681736,56.36604009217771,55.441195453681736,56.00571823120117,21586000,56.00571823120117
2018-06-12,56.05924245821623,56.49142899956438,56.04263851485035,56.468135833740234,18240000,56.468135833740234
2018-06-13,56.55734969757525,56.82399972722205,56.17373091759782,56.243614196777344,30128000,56.243614196777344
2018-06-14,56.69265499111493,57.26857470671609,56.53355813865307,57.1025390625,26868000,57.1025390625
2018-06-15,56.940961759320864,57.16696972536551,56.67456133074064,57.109474182128906,42450000,57.109474182128906
2018-06-18,56.68274609944155,58.20234921259643,56.67977395182321,58.160221099853516,28274000,58.160221099853516
2018-06-19,57.4187550422276,58.05167498773147,57.196218333842154,57.892578125,32420000,57.892578125
2018-06-20,58.25190121569546,58.79590623070881,57.94708975873782,57.98079299926758,32970000,57.98079299926758
2018-06-21,58.229106229244536,58.3502874029841,57.108088674226615,57.37711715698242,24762000,57.37711715698242
2018-06-22,57.45048040668599,57.61686395685321,56.86166996758828,57.26907730102539,26220000,57.26907730102539
2018-06-25,56.68026952521676,56.69563318401984,55.15273689791477,55.74898147583008,43146000,55.74898147583008
2018-06-26,55.90708991347766,56.16531132012503,55.344994759472215,55.43425750732422,31264000,55.43425750732422
2018-06-27,55.57699342106485,56.097206187091864,54.698735208788925,54.71657943725586,25878000,54.71657943725586
2018-06-28,54.62290768223141,55.62507350411707,54.32156367828574,55.22410583496094,21448000,55.22410583496094
2018-06-29,55.51057700145687,55.91833217539877,55.26276192555751,55.294979095458984,26302000,55.294979095458984
2018-07-02,54.469750237318976,55.90707832293571,54.21202046070367,55.880313873291016,24346000,55.880313873291016
2018-07-03,56.294665455983434,56.294665455983434,54.520308567467175,54.66255569458008,13580000,54.66255569458008
2018-07-05,55.04121762350186,55.882301321006906,54.939612531755905,55.72221374511719,21334000,55.72221374511719
2018-07-06,55.68801281709786,56.54793142331497,55.547104295299896,56.51026153564453,19922000,56.51026153564453
2018-07-09,56.922134609275616,57.228931323748604,56.67134737214596,57.19820022583008,18180000,57.19820022583008
2018-07-10,57.34342099566059,57.47278126231693,56.977151070233326,57.13822937011719,15968000,57.13822937011719
2018-07-11,56.729330026712034,57.70572200776952,56.55139823164186,57.19076156616211,22400000,57.19076156616211
2018-07-12,57.48764908980958,58.7029360350934,57.29162725970162,58.65684127807617,25038000,58.65684127807617
2018-07-13,58.73217618521557,59.248475267781004,58.48436109582648,58.9215087890625,24438000,58.9215087890625
2018-07-16,58.949762452390615,59.02955667685528,58.448679528463444,58.67567825317383,21114000,58.67567825317383
2018-07-17,58.098757982251556,59.62629048014132,58.01846462675405,59.416141510009766,32208000,59.416141510009766
2018-07-18,59.305122769982354,59.698652489864976,58.996839987335214,59.271419525146484,27872000,59.271419525146484
2018-07-19,59.0295532587699,59.47562117384537,58.64891040253931,58.82931900024414,25534000,58.82931900024414
2018-07-20,58.82931581206855,59.319988601381134,58.69351212255188,58.72771072387695,24948000,58.72771072387695
2018-07-23,58.534413971157385,59.797281621388024,58.53391861327654,59.74821472167969,52384000,59.74821472167969
2018-07-24,62.57777346247486,62.74678126988009,61.23808360745787,61.858612060546875,66364000,61.858612060546875
2018-07-25,61.415025849806675,62.73984364749556,61.415025849806675,62.632789611816406,42556000,62.632789611816406
2018-07-26,62.00332725150986,62.933673599821496,61.905193455784115,62.86225509643555,48112000,62.86225509643555
2018-07-27,62.99459868264594,63.137836538783574,61.012077850579296,61.3838005065918,42612000,61.3838005065918
2018-07-30,60.86387879126687,61.2061597479148,60.04410686264964,60.4539909362793,36998000,60.4539909362793
2018-07-31,60.46737662990437,60.8429638086957,59.753172610873996,60.331077575683594,32894000,60.331077575683594
2018-08-01,60.86339084329772,61.13449911408935,59.98166503909137,60.46738052368164,31344000,60.46738052368164
2018-08-02,59.76804605236055,60.95656861350159,59.713031068023255,60.771697998046875,30626000,60.771697998046875
2018-08-03,60.94367599393289,60.962510938680296,60.22203783080523,60.650760650634766,21792000,60.650760650634766
2018-08-06,60.71470127179419,60.76862722461757,60.25857112767577,60.70330047607422,21634000,60.70330047607422
2018-08-07,61.309451927096234,62.0117598033927,61.26831453128713,61.568172454833984,29880000,61.568172454833984
2018-08-08,61.481433108783975,62.27593046491204,61.35940868487899,61.73618698120117,27406000,61.73618698120117
2018-08-09,61.94881578438877,62.22845100642535,61.75601567261233,61.9091682434082,16972000,61.9091682434082
2018-08-10,61.60682890850567,61.740401596401085,61.061632720623194,61.339683532714844,22174000,61.339683532714844
2018-08-13,61.308453867959365,61.91773269695249,61.14296274635415,61.2108154296875,19946000,61.2108154296875
2018-08-14,61.21974394331049,61.74907737859459,60.72015089069959,61.562225341796875,26962000,61.562225341796875
2018-08-15,60.925836423052814,61.22222305736102,59.946963797670456,60.18833923339844,36576000,60.18833923339844
2018-08-16,60.701315200962505,60.764259689698456,59.602006305351615,59.79728698730469,26864000,59.79728698730469
2018-08-17,59.57623453602742,59.92267878317328,58.892757842029816,59.52320098876953,27792000,59.52320098876953
2018-08-20,59.72442634947118,60.020812980112794,59.20926924491662,59.86072540283203,17416000,59.86072540283203
2018-08-21,59.8721242990493,60.33107528198587,59.493164163203,59.555912017822266,24112000,59.555912017822266
2018-08-22,59.47562281686445,60.062448024214,59.42606055412205,59.83892059326172,17748000,59.83892059326172
2018-08-23,59.82949215310389,60.5303138616618,59.68576274736358,59.74226379394531,19852000,59.74226379394531
2018-08-24,59.91276611048528,60.54865817584262,59.79079084599962,60.49909591674805,18932000,60.49909591674805
2018-08-27,60.84356279945105,61.61129196236196,60.75018593914015,61.54834747314453,23126000,61.54834747314453
2018-08-28,61.52208117863569,61.5842845244708,60.89758983731844,61.01951217651367,26080000,61.01951217651367
2018-08-29,61.331754492391035,61.98648149937057,61.27768107342781,61.91907501220703,25978000,61.91907501220703
2018-08-30,61.66778425835731,62.133927347490165,61.090873858112865,61.414520263671875,26628000,61.414520263671875
2018-08-31,61.20933789190453,61.39172792669625,60.03494254722155,60.377174377441406,36328000,60.377174377441406
2018-09-04,59.68725278311609,60.119443088814286,59.10389513106943,59.326927185058594,36620000,59.326927185058594
2018-09-05,59.16832917562435,59.42655434317317,57.5922250613328,58.8055305480957,41226000,58.8055305480957
2018-09-06,58.79660703493991,58.79660703493991,57.09659536215591,58.06010055541992,37770000,58.06010055541992
2018-09-07,57.4271799013355,58.24943244922658,57.35506562009792,57.73249053955078,28026000,57.73249053955078
2018-09-10,58.09727525998911,58.21374865542585,57.498553908567864,57.72307205200195,22308000,57.72307205200195
2018-09-11,57.5738903102379,58.41893690376522,57.30674491389054,58.353515625,24186000,58.353515625
2018-09-12,58.123542493466914,58.41546711891527,57.41181527488311,57.63286590576172,25910000,57.63286590576172
2018-09-13,58.0254089038955,58.41547114256719,57.63435973069589,58.25290298461914,28624000,58.25290298461914
2018-09-14,58.43975211997577,58.50542296283054,57.90595673035214,58.11412048339844,18880000,58.11412048339844
2018-09-17,57.995670182522815,58.3475671585637,57.197209927745156,57.29732894897461,26130000,57.29732894897461
2018-09-18,57.34887352676143,58.29007628697984,57.34887352676143,57.55356979370117,24072000,57.55356979370117
2018-09-19,57.73992885254695,58.14783154808003,57.22447297946041,58.04275894165039,23828000,58.04275894165039
2018-09-20,58.48386048418661,58.97453325831864,58.15525670689723,58.824851989746094,24508000,58.824851989746094
2018-09-21,59.079120572881564,59.089530652780084,57.79246419201998,57.794944763183594,88112000,57.794944763183594
2018-09-24,57.352839426009915,58.385237190075756,56.844322373191744,58.155757904052734,25420000,58.155757904052734
2018-09-25,58.29354358707383,58.825357592896836,57.88960755459375,58.71482849121094,19554000,58.71482849121094
2018-09-26,58.73960566162781,59.18963640635993,58.224894790450314,58.508644104003906,29246000,58.508644104003906
2018-09-27,58.81791729250863,59.57970213242328,58.664273150228794,59.2099609375,25216000,59.2099609375
2018-09-28,59.07266346326246,59.248118456170275,58.70738431854488,59.1519660949707,27612000,59.1519660949707
2018-10-01,59.47016658161115,59.966292100346735,58.99485743887795,59.243167877197266,27152000,59.243167877197266
2018-10-02,59.02756942540632,59.96926747861509,58.81296223325491,59.48107147216797,33758000,59.48107147216797
2018-10-03,59.72343507825624,59.79331835698387,59.16981778543246,59.621829986572266,25124000,59.621829986572266
2018-10-04,59.24416379520018,59.352212329282196,57.27383785853129,57.899024963378906,44190000,57.899024963378906
2018-10-05,57.8648196678387,58.16219699979583,56.75559991301025,57.36175537109375,23686000,57.36175537109375
2018-10-08,57.0029198126304,57.88960287458167,55.87555709879872,56.94641876220703,38648000,56.94641876220703
2018-10-09,56.806653371235285,57.21306997723448,56.38150391634357,56.443359375,26174000,56.443359375
2018-10-10,56.05973582149843,56.113760082584264,53.58406186236061,53.588523864746094,53514000,53.588523864746094
2018-10-11,53.17814196270569,54.83652081740324,52.94668503663502,53.494354248046875,58980000,53.494354248046875
2018-10-12,54.91582591468758,55.26276553103871,53.84536121721793,55.018917083740234,42026000,55.018917083740234
2018-10-15,54.960928229028966,55.18574510883001,53.97412982655982,54.13520812988281,27448000,54.13520812988281
2018-10-16,54.74681800285836,55.719738849088365,54.643231468925876,55.57402420043945,38570000,55.57402420043945
2018-10-17,55.830758157166926,55.95615177381244,54.62786276262704,55.29696273803711,29344000,55.29696273803711
2018-10-18,55.60177267332653,55.60177267332653,53.38382847390314,53.923072814941406,41890000,53.923072814941406
2018-10-19,54.19071188332953,55.03279003637101,53.91216949784041,54.34386444091797,25352000,54.34386444091797
2018-10-22,54.670979869122036,55.125472631441305,54.073249265691764,54.57680892944336,30284000,54.57680892944336
2018-10-23,53.572165739637676,54.91036941342951,53.03242604909097,54.702205657958984,36974000,54.702205657958984
2018-10-24,54.7299647442869,54.82264583442164,51.978720344396166,52.076358795166016,39648000,52.076358795166016
2018-10-25,53.12113988442584,55.063513646636,53.010119224006054,54.299747467041016,50916000,54.299747467041016
2018-10-26,51.39833896649261,54.84296726914689,51.25262054476684,53.105289459228516,83752000,53.105289459228516
2018-10-29,53.65047856937193,54.37261207312094,49.35633815127183,50.55824279785156,77614000,50.55824279785156
2018-10-30,49.98231829983193,51.42113256075506,49.600185609948284,51.35769271850586,64254000,51.35769271850586
2018-10-31,52.527384942750615,54.119843484350746,52.388109954257125,53.36797332763672,50596000,53.36797332763672
2018-11-01,53.31990282132049,53.72507918650958,52.65873225405269,53.03243637084961,29640000,53.03243637084961
2018-11-02,53.21730056182577,53.675510427257436,52.26965437466142,52.42726516723633,36780000,52.42726516723633
2018-11-05,52.288990221869994,52.460973975328976,50.61574280702798,51.55000686645508,48828000,51.55000686645508
2018-11-06,51.51976261533447,52.75214878607871,51.449879337931975,52.32912826538086,24666000,52.32912826538086
2018-11-07,52.9828716105938,54.29430724498292,52.829223670094706,54.19171142578125,41168000,54.19171142578125
2018-11-08,54.09208416908417,54.18575975079391,53.141711681832206,53.64700698852539,29764000,53.64700698852539
2018-11-09,53.2301899414014,53.30800273482248,52.19531155231167,52.84161376953125,26864000,52.84161376953125
2018-11-12,52.60568915013151,52.6418691835281,51.0994683785179,51.47763442993164,29436000,51.47763442993164
2018-11-13,51.708601539106446,52.368531723431836,51.10690427005026,51.34976577758789,30274000,51.34976577758789
2018-11-14,52.0411671951963,52.2673718157599,51.09946912777352,51.72693634033203,31318000,51.72693634033203
2018-11-15,51.77898043202885,53.12411918644081,51.13813097768939,52.770240783691406,36722000,52.770240783691406
2018-11-16,52.50755794049124,52.88373879753146,51.990616024744284,52.61064910888672,33162000,52.61064910888672
2018-11-19,52.39801237582658,52.57594414833903,50.36890196213761,50.55426788330078,37172000,50.55426788330078
2018-11-20,49.56301826105641,51.13615024546342,49.36575614759018,50.839759826660156,48982000,50.839759826660156
2018-11-21,51.38495014015874,51.9697938396002,51.22188664905853,51.42707824707031,30686000,51.42707824707031
2018-11-23,51.04990745294407,51.42609208259168,50.67317830772944,50.74658203125,13830000,50.74658203125
2018-11-26,51.46375829411763,52.00696929368195,51.24369837743777,51.97277069091797,38856000,51.97277069091797
2018-11-27,51.59510278853573,52.41686001532033,51.47069988125706,51.76411437988281,36064000,51.76411437988281
2018-11-28,51.979710661046624,53.86706972734443,51.33538991232638,53.83683776855469,49508000,53.83683776855469
2018-11-29,53.33377013183804,54.23408121203102,53.32980348733456,53.939430236816406,29378000,53.939430236816406
2018-11-30,53.97758869691664,54.299749033382234,53.42298073667072,54.243247985839844,51604000,54.243247985839844
2018-12-03,55.66620951288142,55.741046372709114,54.70096867865397,54.838008880615234,39824000,54.838008880615234
2018-12-04,54.67395367460309,54.73838801690913,52.040177244695364,52.081809997558594,46904000,52.081809997558594
2018-12-06,51.2610459629729,53.091903887677624,51.08807152184007,52.969482421875,55384000,52.969482421875
2018-12-07,52.537300390502516,53.29313725691197,50.975569032361406,51.37603759765625,42024000,51.37603759765625
2018-12-10,51.300199475335404,51.9643458706168,50.7173409354567,51.52323532104492,36154000,51.52323532104492
2018-12-11,52.362831193714555,52.566532948542815,51.53760653314384,52.12790298461914,27894000,52.12790298461914
2018-12-12,52.93330048414423,53.60983456671454,52.675075335805964,52.71918487548828,30476000,52.71918487548828
2018-12-13,52.936768381989275,53.51615938489344,52.23594663255058,52.63096618652344,26596000,52.63096618652344
2018-12-14,52.040173788585214,52.66565953717831,51.58469032690577,51.64961624145508,33732000,51.64961624145508
2018-12-17,51.42212558794701,52.19729265751431,49.954565377956875,50.382293701171875,47708000,50.382293701171875
2018-12-18,50.85611393169102,52.015391293689426,50.625643948827204,50.98596954345703,43850000,50.98596954345703
2018-12-19,51.24766238069987,52.63591987548292,49.96199690756288,50.703460693359375,49586000,50.703460693359375
2018-12-20,50.461597839826865,51.25906360184627,49.382609957773965,50.0294075012207,53470000,50.0294075012207
2018-12-21,50.32132949032405,50.75351980619261,48.25901463515496,48.54895782470703,91920000,48.54895782470703
2018-12-24,48.26941973003247,49.7384659434398,48.08157699328746,48.38440704345703,31806000,48.38440704345703
2018-12-26,49.018322508160225,51.545540394042746,48.72044978883565,51.518775939941406,47466000,51.518775939941406
2018-12-27,50.41302477198598,51.73834173246172,49.41433020576456,51.73784637451172,42196000,51.73784637451172
2018-12-28,52.02233320411581,52.31673840406217,51.20355194681608,51.400814056396484,28296000,51.400814056396484
2018-12-31,52.08875131786357,52.17498897525523,50.73221171585902,51.32795715332031,29866000,51.32795715332031
2019-01-02,50.38427764259571,52.156157860611046,50.341654171796584,51.83548355102539,30652000,51.83548355102539
2019-01-03,51.59509285672568,52.387109547885785,50.26036059891308,50.35899353027344,36822000,50.35899353027344
2019-01-04,51.178271447847,53.0740551278469,50.921929428397775,53.06761169433594,41878000,53.06761169433594
2019-01-07,53.10678001969117,53.230687577468636,52.27709322801205,52.95263671875,39638000,52.95263671875
2019-01-08,53.33525646986528,53.75406455452194,52.563065356356866,53.34368133544922,35298000,53.34368133544922
2019-01-09,53.60983764972594,53.65840919450115,52.85400088620758,53.26339340209961,23986000,53.26339340209961
2019-01-10,52.91644994080382,53.08942438541833,52.42330034372342,53.04878234863281,29128000,53.04878234863281
2019-01-11,52.694411605632716,52.72390241908717,51.965834612024686,52.39752960205078,30416000,52.39752960205078
2019-01-14,51.88851374855489,52.1169985279336,51.607740349931376,51.77798843383789,22886000,51.77798843383789
2019-01-15,52.049589705353505,53.53053205339212,51.90932779714681,53.38679885864258,29272000,53.38679885864258
2019-01-16,53.52806516431885,54.14140909020344,53.495352631163726,53.576141357421875,26636000,53.576141357421875
2019-01-17,53.50178449070933,54.112897282807715,53.20589324512301,54.01872634887695,24854000,54.01872634887695
2019-01-18,54.5193202026271,54.93326926753395,54.06829492044433,54.43307876586914,39112000,54.43307876586914
2019-01-22,53.924566777033554,54.098531947105535,52.70878445556371,53.058204650878906,32270000,53.058204650878906
2019-01-23,53.39672125617981,53.772406779262596,52.52441102323635,53.30849838256836,19340000,53.30849838256836
2019-01-24,53.35359745282718,53.50203844565543,52.57149159821509,53.22572326660156,27226000,53.22572326660156
2019-01-25,53.77587192681532,54.221939823493685,53.6182611439437,54.07275390625,22382000,54.07275390625
2019-01-28,53.53350843106745,53.676746269134846,52.72513351596159,53.03639221191406,25686000,53.03639221191406
2019-01-29,53.16525456089891,53.28767602644918,52.33185459972879,52.56752395629883,20436000,52.56752395629883
2019-01-30,52.95461732136823,54.073252749781474,52.87630539210356,53.97710037231445,25596000,53.97710037231445
2019-01-31,54.668012820943794,55.378250235251905,54.29182816639636,55.33066940307617,30766000,55.33066940307617
2019-02-01,55.13389964142747,55.758394721083896,54.76168165203607,55.052120208740234,29244000,55.052120208740234
2019-02-04,55.14678231736684,56.144981384277344,54.96637373379656,56.144981384277344,51530000,56.144981384277344
2019-02-05,55.75046830800429,56.84134859959495,55.37418533771361,56.79872512817383,71044000,56.79872512817383
2019-02-06,56.480525134854716,56.848776459240455,55.15223618704957,55.27416229248047,42112000,55.27416229248047
2019-02-07,54.725504668550975,54.75920791561168,53.82543928224784,54.455387115478516,40896000,54.455387115478516
2019-02-08,53.87499730653298,54.465293769549156,53.85269485668211,54.27447509765625,21516000,54.27447509765625
2019-02-11,54.36815555525425,54.81397392939921,54.16544449408186,54.272003173828125,21304000,54.272003173828125
2019-02-12,54.856346260706744,55.77301551217394,54.8092607904889,55.5784797668457,32182000,55.5784797668457
2019-02-13,55.75789146954131,56.24063470792644,55.436226502781146,55.51850128173828,20996000,55.51850128173828
2019-02-14,55.413935378771384,55.91848580961329,55.03700957482537,55.593353271484375,18952000,55.593353271484375
2019-02-15,56.01017723851757,56.088980743446164,55.04716740115293,55.19585418701172,28996000,55.19585418701172
2019-02-19,55.01494817269266,55.60425391964567,55.01494817269266,55.439208984375,20928000,55.439208984375
2019-02-20,55.51008958809811,55.67959654606349,54.78101719769875,55.20329284667969,21756000,55.20329284667969
2019-02-21,55.056584029806295,55.1111036533985,54.14858915565908,54.369144439697266,28302000,54.369144439697266
2019-02-22,54.56391842161156,55.076402056061646,54.30123506146001,55.03328323364258,20990000,55.03328323364258
2019-02-25,55.31232819097371,55.43821716961816,54.8796424925966,54.98521423339844,28262000,54.98521423339844
2019-02-26,54.80430414999004,55.486290986858606,54.51535167215848,55.26920700073242,29426000,55.26920700073242
2019-02-27,54.8637750458962,55.41045348588233,54.568874524511436,55.31480026245117,19368000,55.31480026245117
2019-02-28,55.079377917566,55.88973428203263,55.065004975790394,55.50661087036133,30850000,55.50661087036133
2019-03-01,55.7534338437927,56.64903712080394,55.7459996941408,56.5509033203125,29006000,56.5509033203125
2019-03-04,56.848281057152775,57.40785018609902,56.04040527788396,56.888427734375,28920000,56.888427734375
2019-03-05,57.00044325246175,57.96940116877115,56.80888342681641,57.59371566772461,28864000,57.59371566772461
2019-03-06,57.6165146938531,57.86809602370845,57.269575070600695,57.38703918457031,21986000,57.38703918457031
2019-03-07,57.28096870537371,57.33226660893111,56.24956169724898,56.66539764404297,23332000,56.66539764404297
2019-03-08,55.84413860955142,56.852747860097125,55.67414008640166,56.61682891845703,24248000,56.61682891845703
2019-03-11,56.72239172039307,58.295523583402826,56.72239172039307,58.274208068847656,34384000,58.274208068847656
2019-03-12,58.39811865841487,59.47562043340102,58.39811865841487,59.13859176635742,40262000,59.13859176635742
2019-03-13,59.507590903797706,59.52171805838016,59.07614548528896,59.1445426940918,28718000,59.1445426940918
2019-03-14,59.203520276990716,59.37055043476651,58.70640401121162,58.759437561035156,23456000,58.759437561035156
2019-03-15,59.14751510651696,59.30562126016954,58.61372344206147,58.705413818359375,49236000,58.705413818359375
2019-03-18,58.647918591356074,58.979989895848774,58.35653848123862,58.695499420166016,25852000,58.695499420166016
2019-03-19,58.92101327023027,59.47562510790835,58.775298623984106,59.41862869262695,30414000,59.41862869262695
2019-03-20,59.344274200426824,60.820754519419516,59.28578793900421,60.66364288330078,44548000,60.66364288330078
2019-03-21,60.268631494135825,61.05123275881596,60.127378853605265,61.038841247558594,24080000,61.038841247558594
2019-03-22,60.7801170332709,60.962507048724966,59.61563275207629,59.74821472167969,34284000,59.74821472167969
2019-03-25,59.32346654893545,59.79272934220905,58.833289062476595,59.128684997558594,29936000,59.128684997558594
2019-03-26,59.40276175754496,59.615882883928435,58.3217924674864,58.713340759277344,38024000,58.713340759277344
2019-03-27,58.756959486158635,58.85900699972602,57.46187455575806,58.13841247558594,28004000,58.13841247558594
2019-03-28,58.065058195873185,58.06629848136679,57.464899927219825,57.91389083862305,19234000,57.91389083862305
2019-03-29,58.23158976076885,58.434304595080015,57.6358443315302,58.15278625488281,25398000,58.15278625488281
2019-04-01,58.68757368423161,59.3100835806881,58.58348801483636,59.19955825805664,25050000,59.19955825805664
2019-04-02,59.24366851165621,59.54253573357002,58.7673686106951,59.49991226196289,16558000,59.49991226196289
2019-04-03,59.84635276919146,60.283496676668875,59.500403875914415,59.76903533935547,20286000,59.76903533935547
2019-04-04,59.77003034218521,60.25227832411504,59.6803213952985,60.21907043457031,19000000,60.21907043457031
2019-04-05,60.218574182015615,60.27953724137414,59.72492541181733,59.82999801635742,18144000,59.82999801635742
2019-04-08,59.866676585195904,59.906327908477756,59.46868484127658,59.66594696044922,17204000,59.66594696044922
2019-04-09,59.277363554729895,59.589113821481604,59.13263964565964,59.339317321777344,17528000,59.339317321777344
2019-04-10,59.50932899069561,59.66322271682084,59.29893420663723,59.58268356323242,14492000,59.58268356323242
2019-04-11,59.67188872718613,59.87013775991529,59.482060778532045,59.70459747314453,14204000,59.70459747314453
2019-04-12,59.97124686130924,60.385097573903266,59.87757128267987,60.36130905151367,18668000,60.36130905151367
2019-04-15,60.367756308765124,60.67504459455519,59.92714111722747,60.521400451660156,23748000,60.521400451660156
2019-04-16,60.714691146699025,61.00314824642267,60.472824156640506,60.82025909423828,17126000,60.82025909423828
2019-04-17,61.111204538950794,61.48589933271921,60.85446543593636,61.2767448425293,24438000,61.2767448425293
2019-04-18,61.417499962345154,61.55726652284431,61.19099660825448,61.278228759765625,26636000,61.278228759765625
2019-04-22,61.259399360055276,61.908673741212475,60.87875646862335,61.89628601074219,16146000,61.89628601074219
2019-04-23,61.98797109778073,62.895470592546296,61.774354611223636,62.6749153137207,26398000,62.6749153137207
2019-04-24,62.653601946320876,62.846402051048344,62.20158596344463,62.25114822387695,20376000,62.25114822387695
2019-04-25,62.68581693831751,62.81656496019718,62.0543868421965,62.62039566040039,22146000,62.62039566040039
2019-04-26,62.89546691647892,63.097187238397666,62.465258039618085,63.053077697753906,24828000,63.053077697753906
2019-04-29,63.14328994871887,63.900117496400114,62.761406778509595,63.81635284423828,49988000,63.81635284423828
2019-04-30,58.73216875849976,59.119255001903156,58.23653864239427,58.90464782714844,124140000,58.90464782714844
2019-05-01,58.883344241863384,58.883344241863384,57.84896504472003,57.89356994628906,52784000,57.89356994628906
2019-05-02,57.87770864414075,58.19639772102032,57.245382384764696,57.622459411621094,38896000,57.622459411621094
2019-05-03,58.16963195794889,58.82138682040963,57.93916575142036,58.75199890136719,39614000,58.75199890136719
2019-05-06,57.80336605714712,59.022120508433986,57.80336605714712,58.94976043701172,31278000,58.94976043701172
2019-05-07,58.507657295470594,59.00180142610433,57.54464741491684,58.19194412231445,31028000,58.19194412231445
2019-05-08,58.088346356576324,58.505369629715545,57.77758680275956,57.803855895996094,26186000,57.803855895996094
2019-05-09,57.44502543749975,57.97188208022694,57.039599551737304,57.611061096191406,23714000,57.611061096191406
2019-05-10,57.67103155740638,58.11759482483498,56.62574695353702,57.704734802246094,26290000,57.704734802246094
2019-05-13,56.59898184535572,56.895368471989656,55.61515566625155,56.1068229675293,37212000,56.1068229675293
2019-05-14,56.36355568080211,56.52265253278639,55.48827342526766,55.53238296508789,36732000,55.53238296508789
2019-05-15,55.40500789829478,58.0546469675084,55.34533428941571,57.70175552368164,45786000,57.70175552368164
2019-05-16,57.71663119579235,58.8887993527514,57.6338610423413,58.43381118774414,30628000,58.43381118774414
2019-05-17,57.912896009295316,58.491791659603145,57.49359257099884,57.607093811035156,24172000,57.607093811035156
2019-05-20,56.72486793494292,56.83871705783152,56.07772634828305,56.44483947753906,27066000,56.44483947753906
2019-05-21,56.92262492765815,57.13168107741895,56.39973498363843,56.9791259765625,23196000,56.9791259765625
2019-05-22,56.83639127566904,57.419745172617205,56.793764025697904,57.067848205566406,18290000,57.067848205566406
2019-05-23,56.52662250385421,56.79787822826229,55.967749118472724,56.54000473022461,23978000,56.54000473022461
2019-05-24,56.866618543293335,56.98581828515495,56.088479391578424,56.17818832397461,22240000,56.17818832397461
2019-05-28,56.2044608391304,57.07612436633891,56.16084287427611,56.21189498901367,27300000,56.21189498901367
2019-05-29,55.88328951959348,55.96160144200786,54.92672318925826,55.33512496948242,30764000,55.33512496948242
2019-05-30,55.28952434798888,55.66570895043511,55.120017420504496,55.40896987915039,19038000,55.40896987915039
2019-05-31,54.58324835663276,54.99511762132042,54.52823338310203,54.69922637939453,30156000,54.69922637939453
2019-06-03,52.809394984041006,52.809394984041006,50.80209132640567,51.35868453979492,102612000,51.35868453979492
2019-06-04,51.68926892049483,52.34102377933322,51.23279473104024,52.19233322143555,56670000,52.19233322143555
2019-06-05,52.11749024136376,52.21711389382914,51.07419093759418,51.65556335449219,43368000,51.65556335449219
2019-06-06,51.79285254403615,51.916760074901944,51.23328722367726,51.76063537597656,34064000,51.76063537597656
2019-06-07,52.072396232063284,53.07802955144461,51.96186713046139,52.836158752441406,36048000,52.836158752441406
2019-06-10,53.18012880841148,54.155530215995626,53.14751837329225,53.546897888183594,29284000,53.546897888183594
2019-06-11,54.2209469400081,54.61794413802606,53.40925200787355,53.46461486816406,28734000,53.46461486816406
2019-06-12,53.42893174541103,53.57415101652154,52.910500006326735,53.380855560302734,21220000,53.380855560302734
2019-06-13,53.70846806853084,54.230367344127735,53.53549361962958,53.96272659301758,21154000,53.96272659301758
2019-06-14,53.84625792127858,54.15701752705221,53.53658734675829,53.79322814941406,22230000,53.79322814941406
2019-06-17,53.83931547159636,54.47867887056682,53.83931547159636,54.14759826660156,18832000,54.14759826660156
2019-06-18,54.99958946317974,55.33166079522114,54.46926529154284,54.697750091552734,27734000,54.697750091552734
2019-06-19,54.796865135582976,54.86625305022691,54.19616242536931,54.634796142578125,26776000,54.634796142578125
2019-06-20,55.5100871647557,55.51653059937688,54.754250351813354,55.085330963134766,25240000,55.085330963134766
2019-06-21,54.977279483654605,55.7142812604912,54.91978393704294,55.603755950927734,38952000,55.603755950927734
2019-06-24,55.49124711131898,55.60970193195548,55.06500487510028,55.288536071777344,27912000,55.288536071777344
2019-06-25,55.14678623269844,55.23054709663454,53.71639676745699,53.8427848815918,30938000,53.8427848815918
2019-06-26,53.85021781564812,54.170888321899376,53.143447964900915,53.51814651489258,36218000,53.51814651489258
2019-06-27,53.726309656813726,53.87995379511097,53.29461470198583,53.330299377441406,20086000,53.330299377441406
2019-06-28,53.34913172031366,53.57761648502597,53.19945045250001,53.573158264160156,33864000,53.573158264160156
2019-07-01,54.42018992131107,54.895003677779506,54.20721628658368,54.41770935058594,28726000,54.41770935058594
2019-07-02,54.630333448731925,55.102670401552665,54.42861314095385,55.07689666748047,19832000,55.07689666748047
2019-07-03,55.38220477377029,55.84562151453896,55.20625819597973,55.58888244628906,15340000,55.58888244628906
2019-07-05,55.40153763978571,56.14894951033111,55.31926285326499,56.08501052856445,25286000,56.08501052856445
2019-07-08,55.766821505635356,55.80696818648391,55.074923693170014,55.32967758178711,24728000,55.32967758178711
2019-07-09,55.10415890204755,55.9083175910341,54.87468341865667,55.74996566772461,26608000,55.74996566772461
2019-07-10,56.0666799298402,56.603447523637755,56.0542884186506,56.525630950927734,24190000,56.525630950927734
2019-07-11,56.66292179197319,57.1496317735779,56.48102710965569,56.71050262451172,23910000,56.71050262451172
2019-07-12,56.69959350060449,56.86562914399401,56.441368351969196,56.744693756103516,17280000,56.744693756103516
2019-07-15,56.8418412828283,57.03811267920958,56.472103861254936,57.014320373535156,18076000,57.014320373535156
2019-07-16,56.79921840108893,57.42272277663577,56.74965613889865,57.17490768432617,24776000,57.17490768432617
2019-07-17,57.045546611055094,57.411816525774675,56.787820582503734,56.816566467285156,23400000,56.816566467285156
2019-07-18,56.588080580411884,56.878764921086315,56.1415173150744,56.815574645996094,25814000,56.815574645996094
2019-07-19,56.90775964341728,57.053969633557344,55.987373314081886,56.011165618896484,32944000,56.011165618896484
2019-07-22,56.177201199362855,56.464667600247296,55.72072700089969,56.40618133544922,26030000,56.40618133544922
2019-07-23,56.70009293122513,56.84382613613091,56.095423511055344,56.809627532958984,21874000,56.809627532958984
2019-07-24,56.100379946002924,56.70009199573427,55.85702308310791,56.39329528808594,31796000,56.39329528808594
2019-07-25,56.39379523090517,56.58609999379951,55.55618274991006,56.11128616333008,44196000,56.11128616333008
2019-07-26,60.66711333930631,62.72447460281055,60.66513190771155,61.974090576171875,96116000,61.974090576171875
2019-07-29,61.510181928946686,61.82341828048543,60.87478143966275,61.428897857666016,44474000,61.428897857666016
2019-07-30,60.73501613732327,61.20388184917977,60.630438898689924,60.72163391113281,29066000,60.72163391113281
2019-07-31,60.61557015414377,61.16076257453415,59.86042539147515,60.302330017089844,34510000,60.302330017089844
2019-08-01,60.170989792645315,61.166216782670645,59.75912048388502,59.922183990478516,33970000,59.922183990478516
2019-08-02,59.51229774067702,59.81760838571269,58.927453969675405,59.17774963378906,32902000,59.17774963378906
2019-08-05,57.990707861212805,58.24843765179403,56.508774800123355,57.11245346069336,51950000,57.11245346069336
2019-08-06,57.65715267935828,58.48237734810616,57.49309846141145,57.98625183105469,34188000,57.98625183105469
2019-08-07,57.294852374035706,58.40729400370673,56.97884046533273,58.186492919921875,28886000,58.186492919921875
2019-08-08,58.62462130807986,59.723930162142125,58.13841050667032,59.713523864746094,29360000,59.713523864746094
2019-08-09,59.37600238474386,59.66792702124474,58.66293653840098,58.88136291503906,21314000,58.88136291503906
2019-08-12,58.445203846448706,58.73019346179288,57.87334528078848,58.222171783447266,20060000,58.222171783447266
2019-08-13,58.061087150865454,59.712523271538956,58.061087150865454,59.34030532836914,25888000,59.34030532836914
2019-08-14,58.301472042555524,58.59835781757994,57.51986530612275,57.705726623535156,31574000,57.705726623535156
2019-08-15,57.66656768121431,58.27817586622445,57.597675120035774,57.85292434692383,24374000,57.85292434692383
2019-08-16,58.46205758292534,58.61917301226194,58.07843880299278,58.36540985107422,26266000,58.36540985107422
2019-08-19,58.98445378920613,59.82206622728775,58.98445378920613,59.398799896240234,24632000,59.398799896240234
2019-08-20,59.24019705438086,59.280343733574114,58.58893752619251,58.61768341064453,18310000,58.61768341064453
2019-08-21,59.13611735731113,59.42606056483261,58.85261380291131,59.04194641113281,14814000,59.04194641113281
2019-08-22,59.18170904649308,59.37708803360675,58.41397992934954,58.956695556640625,18950000,58.956695556640625
2019-08-23,58.582997496807636,59.1822142754556,56.88596155162431,57.0614128112793,33740000,57.0614128112793
2019-08-26,57.35729314853298,57.962457888514656,57.14417203486627,57.933712005615234,24522000,57.933712005615234
2019-08-27,58.51063669147577,58.60331779065376,57.56497184573818,57.88167953491211,21544000,57.88167953491211
2019-08-28,57.57785596250091,58.3069283343778,57.35928588341028,58.03928756713867,16040000,58.03928756713867
2019-08-29,58.53987009442708,59.28034319812611,58.53987009442708,59.121246337890625,21768000,59.121246337890625
2019-08-30,59.40127045686191,59.40127045686191,58.67284481343034,58.88581466674805,22596000,58.88581466674805
2019-09-03,58.3371591927275,58.82585056926789,57.65170106618783,57.908931732177734,29598000,57.908931732177734
2019-09-04,58.32129820361215,58.65684080621897,58.0382937920509,58.55424499511719,21378000,58.55424499511719
2019-09-05,59.05581623319136,60.12191711625288,59.05581623319136,60.039642333984375,28162000,60.039642333984375
2019-09-06,59.87857218007612,60.07112272499381,59.600619658430446,59.719966888427734,21442000,59.719966888427734
2019-09-09,59.67387377503842,60.46688129808596,59.10984639436575,59.69419479370117,29438000,59.69419479370117
2019-09-10,59.235244299931864,59.97125546496511,59.20699377119725,59.77300262451172,25202000,59.77300262451172
2019-09-11,59.644633815221155,60.59574750541587,59.58466147377675,60.47530746459961,26140000,60.47530746459961
2019-09-12,60.68000334580243,61.550328312023936,60.61656349926696,61.17315673828125,34518000,61.17315673828125
2019-09-13,61.02942455452212,61.50175779666312,60.81431820830416,61.436336517333984,26028000,61.436336517333984
2019-09-16,60.93872411960584,61.43633573540979,60.74492951103147,61.02694320678711,21066000,61.02694320678711
2019-09-17,60.982329588130945,61.210318986463356,60.649762961923315,60.92037582397461,19102000,60.92037582397461
2019-09-18,60.839101037004795,61.24056027992372,60.29489930142381,61.08195877075195,22702000,61.08195877075195
2019-09-19,61.064616272105326,61.67820595765556,61.06263484029708,61.39421081542969,19920000,61.39421081542969
2019-09-20,61.11715157039888,61.62269650935128,60.61953992151127,60.95904541015625,45400000,60.95904541015625
2019-09-23,60.764258791893724,61.413037754186625,60.67355913524869,61.16225051879883,21248000,61.16225051879883
2019-09-24,61.45814096201009,61.79219748074978,60.004953699621225,60.40542221069336,31664000,60.40542221069336
2019-09-25,60.259711216719516,61.8695186475575,59.975716080725476,61.78129577636719,29060000,61.78129577636719
2019-09-26,61.55528147001392,61.7059534585976,61.07491666376665,61.52703094482422,30760000,61.52703094482422
2019-09-27,61.60732735154188,61.657384970466936,60.19180618643834,60.71915817260742,27078000,60.71915817260742
2019-09-30,60.51495870204893,60.764259868098215,60.08524893535029,60.417320251464844,28082000,60.417320251464844
2019-10-01,60.417319196659065,61.023474690010424,59.65305755619692,59.7283935546875,25470000,59.7283935546875
2019-10-02,59.32594252363128,59.32594252363128,58.052668422861466,58.31733703613281,32302000,58.31733703613281
2019-10-03,58.48435952566377,58.93339957830609,57.61353544937634,58.8724365234375,32424000,58.8724365234375
2019-10-04,59.07366558823178,60.04261969303953,58.938852609463005,59.921688079833984,23248000,59.921688079833984
2019-10-07,59.69369403908705,60.37785888748141,59.66147687061774,59.856258392333984,16858000,59.856258392333984
2019-10-08,59.35617402563609,59.776963550036776,58.930922498730084,58.93687057495117,20786000,58.93687057495117
2019-10-09,59.443405456114654,59.88947338209935,59.35815851572217,59.59011459350586,17354000,59.59011459350586
2019-10-10,59.40523847969053,60.2190623268281,59.343780069749414,59.90532684326172,16932000,59.90532684326172
2019-10-11,60.57641840695206,60.88271599196445,60.15661957120842,60.241371154785156,25454000,60.241371154785156
2019-10-14,60.087230092715,60.780617746247394,60.058484207662076,60.325130462646484,17350000,60.325130462646484
2019-10-15,60.48670217035059,61.82143451807567,60.48670217035059,61.607322692871094,27634000,61.607322692871094
2019-10-16,61.51613214278811,62.188703445795504,61.38132293623529,61.638553619384766,21892000,61.638553619384766
2019-10-17,61.999863204876746,62.61419395951266,61.950796304276885,62.105926513671875,19048000,62.105926513671875
2019-10-18,62.12525563627247,62.39438243830773,61.511666039438666,61.73023986816406,27056000,61.73023986816406
2019-10-21,62.06578095310754,62.183195900544185,61.487876009088275,61.7629508972168,20544000,61.7629508972168
2019-10-22,61.84720802151025,61.98350328313133,61.52653375210302,61.5969123840332,20476000,61.5969123840332
2019-10-23,61.5751153098896,62.443954258443505,61.5751153098896,62.406288146972656,18230000,62.406288146972656
2019-10-24,62.4940044892619,62.64765240878374,62.13789509982548,62.49846649169922,20562000,62.49846649169922
2019-10-25,62.00482248487281,62.92520887289785,61.95426950595528,62.70366287231445,24262000,62.70366287231445
2019-10-28,63.215136634489134,64.39771077296761,63.070908102011956,63.936279296875,52264000,63.936279296875
2019-10-29,63.253810666693326,63.519466203181494,62.31122017295609,62.57925796508789,37728000,62.57925796508789
2019-10-30,62.10097909916876,62.91331701095508,62.05290290664896,62.513343811035156,28178000,62.513343811035156
2019-10-31,62.51284400169133,62.82955166393538,61.99555418979967,62.454856872558594,29114000,62.454856872558594
2019-11-01,62.697216754072215,63.1740119812278,62.47418468922944,63.13039779663086,33402000,63.13039779663086
2019-11-04,63.26470994410556,64.14098294541407,63.260002153367736,64.00418853759766,30020000,64.00418853759766
2019-11-05,64.07951921352715,64.37888172292139,63.997191498357736,64.03689575195312,25654000,64.03689575195312
2019-11-06,63.90953080668794,64.12116586833079,63.564572613909384,64.02550506591797,23060000,64.02550506591797
2019-11-07,64.14841534979327,65.60854133409582,64.14668348786616,64.87104797363281,40600000,64.87104797363281
2019-11-08,64.69361730210377,65.32406047607147,64.64826369117452,64.99545288085938,25028000,64.99545288085938
2019-11-11,64.58952693557245,64.7503632159557,64.30355039415088,64.39177703857422,20238000,64.39177703857422
2019-11-12,64.43192498522055,64.92755517741455,64.22227135686357,64.37245178222656,21718000,64.37245178222656
2019-11-13,64.13800888082842,64.645036037457,64.11025371377404,64.33279418945312,16534000,64.33279418945312
2019-11-14,64.30801070742442,65.27448796851884,64.21632034149845,64.99990844726562,23870000,64.99990844726562
2019-11-15,65.37063165062548,66.16067064796319,65.13966634187429,66.16017150878906,35652000,66.16017150878906
2019-11-18,66.02884817692467,66.19285325473848,65.29928044421132,65.4578857421875,29748000,65.4578857421875
2019-11-19,65.80481670923363,65.80481670923363,65.06632506791227,65.19816589355469,25384000,65.19816589355469
2019-11-20,65.01378834728304,65.17536577534396,63.99329057112177,64.58308410644531,26172000,64.58308410644531
2019-11-21,64.50526850702184,65.05591740013173,64.08497814449846,64.49882507324219,19910000,64.49882507324219
2019-11-22,64.71047370809951,64.864617011967,64.00618809746447,64.20096588134766,27714000,64.20096588134766
2019-11-25,64.39128224891432,64.99248039499663,64.33924319685832,64.76350402832031,20724000,64.76350402832031
2019-11-26,64.92061880367281,65.16546177554643,64.68420826156408,65.10350799560547,21394000,65.10350799560547
2019-11-27,65.17536829106415,65.34189930455516,64.90921361541525,65.07574462890625,19912000,65.07574462890625
2019-11-29,64.7848074344281,64.93770285372163,64.62868273561543,64.67774963378906,11740000,64.67774963378906
2019-12-02,64.4814978728563,64.72088056539904,63.49023738326722,63.93233871459961,30218000,63.93233871459961
2019-12-03,63.41934823649511,64.35564272861464,63.39109771086336,64.19798278808594,22876000,64.19798278808594
2019-12-04,64.77934997861558,65.71063782278551,64.67328290146496,65.44993591308594,30750000,65.44993591308594
2019-12-05,65.81967503629912,65.88698319728337,65.24672376931409,65.82611846923828,24254000,65.82611846923828
2019-12-06,66.08931912065906,66.61270455924677,66.08931912065906,66.44518280029297,26296000,66.44518280029297
2019-12-09,66.31731534937097,67.37846300049618,66.30740062606932,66.59090423583984,27086000,66.59090423583984
2019-12-10,66.48878477634793,66.90883316360794,66.21817566265132,66.6454086303711,21882000,66.6454086303711
2019-12-11,66.95170326623787,66.96954371314462,66.54677276656525,66.66324615478516,17008000,66.66324615478516
2019-12-12,66.70883186745264,67.1962866511283,66.43921352143107,66.9234390258789,25620000,66.9234390258789
2019-12-13,66.80846504664962,67.06336638601998,66.60624558623056,66.80252075195312,30992000,66.80252075195312
2019-12-16,67.23222722683491,67.63765686659288,67.04240305630525,67.46369171142578,27946000,67.46369171142578
2019-12-17,67.54892691447372,67.65350413257013,66.97562776817519,67.163818359375,37080000,67.163818359375
2019-12-18,67.2371981627434,67.42900379279364,66.95964644667826,67.03993225097656,30452000,67.03993225097656
2019-12-19,67.00028003268915,67.31153117668914,66.8597647674661,67.20943450927734,29398000,67.20943450927734
2019-12-20,67.57173819868626,67.58610735857236,66.86050259790282,66.8897476196289,66300000,66.8897476196289
2019-12-23,67.2010143194815,67.39579208630782,66.73710215591484,66.85258483886719,17662000,66.85258483886719
2019-12-24,66.83574723118011,66.92297562062426,66.55224362140959,66.59090423583984,6950000,66.59090423583984
2019-12-26,66.72024565726814,67.47147291217487,66.63598943982866,67.42552185058594,13350000,67.42552185058594
2019-12-27,67.55389583443036,67.63022633066673,66.87587562447503,67.00374603271484,20768000,67.00374603271484
2019-12-30,66.91007348004523,67.05876404476636,66.11805289250898,66.22312927246094,21018000,66.22312927246094
2019-12-31,65.92425371863122,66.3153065799146,65.87344740003252,66.26673126220703,19236000,66.26673126220703
2020-01-02,66.49127088625457,67.80914993385029,66.49127088625457,67.77098846435547,28132000,67.77098846435547
2020-01-03,66.80399436508678,68.02522913248421,66.68920747808734,67.43840026855469,23728000,67.43840026855469
2020-01-06,66.91006632852127,69.21474336586192,66.91006632852127,69.10124969482422,34646000,69.10124969482422
2020-01-07,69.2861368535105,69.53642498183466,68.9114344632416,69.05814361572266,30054000,69.05814361572266
2020-01-08,68.99567471743572,69.96215951089646,68.93422009106509,69.60233306884766,30560000,69.60233306884766
2020-01-09,70.40773477476651,70.74277821113537,69.8972287685996,70.37105560302734,30018000,70.37105560302734
2020-01-10,70.75419077363352,71.11942465183382,70.29772027169923,70.86174774169922,36414000,70.86174774169922
2020-01-13,71.17894404197416,71.3965234033441,70.67786111718138,71.33258819580078,33046000,71.33258819580078
2020-01-14,71.32167311762339,71.45994981228968,70.79432494878284,70.9187240600586,31178000,70.9187240600586
2020-01-15,70.88551270340243,71.43987486572964,70.88551270340243,71.33108520507812,25654000,71.33108520507812
2020-01-16,71.73949427864629,71.96500691138033,71.41633941776145,71.95063018798828,23474000,71.95063018798828
2020-01-17,72.50622710464711,73.41744357732868,72.27377947912142,73.37258911132812,47924000,73.37258911132812
2020-01-21,73.30965740544534,73.94059218662267,72.91711458577055,73.57135009765625,40734000,73.57135009765625
2020-01-22,73.8984661432707,74.50382380194809,73.59761371001633,73.6481704711914,32216000,73.6481704711914
2020-01-23,73.73192816279978,74.12248194203654,73.45734863329378,73.68285369873047,27024000,73.68285369873047
2020-01-24,74.02682048589982,74.12124099421078,72.62220482005385,72.69457244873047,35692000,72.69457244873047
2020-01-27,70.92466812504598,71.27507895783737,70.43894519702638,71.06839752197266,35104000,71.06839752197266
2020-01-28,71.51942873122914,72.16374940790455,70.99752573115437,71.99324798583984,31548000,71.99324798583984
2020-01-29,72.30252276522467,72.63112274461348,71.70478843677924,72.29409790039062,21554000,72.29409790039062
2020-01-30,71.36876331157967,72.2271921071097,71.19231757886911,72.15582275390625,26788000,72.15582275390625
2020-01-31,72.80311769742113,72.86408075479662,70.80225736659668,71.08477020263672,48344000,71.08477020263672
2020-02-03,72.46113719648211,73.84890333546376,72.31195504021292,73.64767456054688,60736000,73.64767456054688
2020-02-04,72.21677573255147,72.83284207461523,70.69172396369856,71.72114562988281,78660000,71.72114562988281
2020-02-05,72.4819353375836,72.55231396094871,70.9028556254206,71.77863311767578,39724000,71.77863311767578
2020-02-06,71.88273204189814,73.4523889015102,71.84506215282106,73.16641235351562,33588000,73.16641235351562
2020-02-07,72.72381067280398,73.6427109180894,72.6767252029664,73.31510162353516,23446000,73.31510162353516
2020-02-10,73.07174695248267,74.81536890259102,73.07174695248267,74.77472686767578,28398000,74.77472686767578
2020-02-11,74.9298631612397,75.81307495757278,74.62395885889028,74.78018188476562,26892000,74.78018188476562
2020-02-12,75.06218779525945,75.37022475164733,74.74647468285445,75.25003051757812,23352000,75.25003051757812
2020-02-13,74.97348660596292,75.6916573381945,74.57252647579027,75.07112884521484,18590000,75.07112884521484
2020-02-14,75.11770937567593,75.37246704101562,74.70831684768703,75.37246704101562,23956000,75.37246704101562
2020-02-18,75.08797816695918,75.91220843794964,74.96853261523671,75.3194351196289,22414000,75.3194351196289
2020-02-19,75.5870726692697,75.9357970788645,75.40517421771641,75.66736602783203,18986000,75.66736602783203
2020-02-20,75.43491738867507,75.81358262493727,74.68255562116813,75.24410247802734,21932000,75.24410247802734
2020-02-21,74.74250190870117,74.94992449438216,73.37506471233488,73.60652160644531,34634000,73.60652160644531
2020-02-24,70.68231288769127,71.2205741077777,69.95275275422355,70.45829010009766,57342000,70.45829010009766
2020-02-25,71.02381424589812,71.27856437528617,68.51592646479,68.81578063964844,49566000,68.81578063964844
2020-02-26,69.19690290396287,70.16635983694513,68.34739063828509,69.0501937866211,44048000,69.0501937866211
2020-02-27,67.5078016566272,67.98578802291699,65.28291854846519,65.32852172851562,59566000,65.32852172851562
2020-02-28,63.31675261719457,66.47094215283121,62.99459225856542,66.38123321533203,75782000,66.38123321533203
2020-03-02,66.98986708931484,68.93571615606943,65.76095595636879,68.84848022460938,48630000,68.84848022460938
2020-03-03,69.359476118753,69.89128630935762,66.0179354211205,66.48333740234375,48046000,66.48333740234375
2020-03-04,67.3675464579012,68.79793601704375,66.56859080889515,68.7201156616211,38266000,68.7201156616211
2020-03-05,66.91998493777331,67.35167988724288,64.6846881222303,65.37560272216797,51226000,65.37560272216797
2020-03-06,63.29494741982993,64.74020140242247,62.501444542496785,64.35311889648438,53212000,64.35311889648438
2020-03-09,59.73829774080078,62.189683890079024,59.47561438229621,60.2468147277832,67308000,60.2468147277832
2020-03-10,62.44940082210287,63.49766134419455,60.40591710624182,63.459991455078125,52228000,63.459991455078125
2020-03-11,61.938907734632245,62.4969870769055,59.2808434418543,60.2393913269043,52170000,60.2393913269043
2020-03-12,55.80794749761255,59.171790196204725,55.178498945757696,55.25829315185547,84534000,55.25829315185547
2020-03-13,58.43479811504107,60.45498491407671,55.36897882211263,60.45349884033203,74002000,60.45349884033203
2020-03-16,54.32106849740802,57.10983158110936,53.25249067659068,53.74266815185547,85048000,53.74266815185547
2020-03-17,54.177827514795204,56.04883214500453,52.33904005536376,55.500667572021484,77230000,55.500667572021484
2020-03-18,52.36382045551905,54.84147580001991,51.41072163832364,54.360713958740234,84668000,54.360713958740234
2020-03-19,54.17486046377706,57.392490196183,52.54215686570364,55.27714157104492,73022000,55.27714157104492
2020-03-20,56.28970860333002,56.69959647553861,52.808900422755755,53.14741516113281,72036000,53.14741516113281
2020-03-23,52.602224746407366,53.09785493212754,50.23390336755199,52.36927795410156,80882000,52.36927795410156
2020-03-24,54.706171456650026,56.254025042647434,54.05441656440324,56.22726058959961,66890000,56.22726058959961
2020-03-25,55.831253157603264,56.94294974986649,53.825930894509966,54.642730712890625,81630000,54.642730712890625
2020-03-26,55.10416733399008,57.98724895383524,54.198649208873405,57.57984161376953,71434000,57.57984161376953
2020-03-27,55.79160423373836,57.03067970808296,54.812240007345835,55.050140380859375,64170000,55.050140380859375
2020-03-30,55.76037954033497,57.07826234382808,54.34486206350454,56.83986282348633,51482000,56.83986282348633
2020-03-31,56.86364639104728,58.25190384196496,56.4096490111619,57.63236618041992,49728000,57.63236618041992
2020-04-01,55.609701624077786,55.99084360134755,54.392932472950804,54.79785919189453,46884000,54.79785919189453
2020-04-02,54.43307723494934,55.85057982285931,54.34089150567365,55.55221176147461,39298000,55.55221176147461
2020-04-03,55.461749642862294,55.68602195878606,53.51863478589389,54.41423797607422,46268000,54.41423797607422
2020-04-06,56.4027171300986,59.210957967922496,56.05280158071798,58.82733917236328,53294000,58.82733917236328
2020-04-07,60.5164416430251,60.71469446284886,58.594884061561345,58.80701446533203,47746000,58.80701446533203
2020-04-08,59.797779113055796,60.42078431371202,58.88879358791911,59.98512649536133,39502000,59.98512649536133
2020-04-09,60.669098693287864,60.74294861990523,59.31379939485003,60.04311752319336,43508000,60.04311752319336
2020-04-13,59.930610440482255,60.49216104426076,58.86094360605742,60.345947265625,34796000,60.345947265625
2020-04-14,61.71041603260991,63.54325536983259,61.3059808901051,62.906864166259766,49408000,62.906864166259766
2020-04-15,61.736188351341774,63.46346358404497,61.47796696787237,62.57182312011719,33434000,62.57182312011719
2020-04-16,63.14823643298783,63.391094136964014,61.58799148902311,62.62137985229492,50362000,62.62137985229492
2020-04-17,63.681048254644175,64.15585830835204,63.0060001461759,63.60174560546875,38980000,63.60174560546875
2020-04-20,62.99460269152953,63.519973316784714,62.51731204137183,62.77702331542969,33910000,62.77702331542969
2020-04-21,61.805075822622086,62.165401408426696,59.95687290944169,60.28547668457031,43060000,60.28547668457031
2020-04-22,61.732719965515294,63.71885560288447,61.55726495113354,62.608497619628906,41848000,62.608497619628906
2020-04-23,63.021851613605044,64.10034028740976,62.73042235365059,63.25777053833008,31324000,63.25777053833008
2020-04-24,62.507389005769944,63.46048410538203,61.92651189430437,63.406463623046875,32792000,63.406463623046875
2020-04-27,64.23366997451365,64.24110412419823,62.895466310919154,63.23645782470703,32012000,63.23645782470703
2020-04-28,63.83369589827885,63.83964019320462,61.07154993856848,61.144405364990234,59026000,61.144405364990234
2020-04-29,66.4867946236536,67.40519564200282,65.68783913045965,66.48778533935547,75872000,66.48778533935547
2020-04-30,65.66506197359618,67.04984843633929,65.54659957099875,66.84366607666016,53378000,66.84366607666016
2020-05-01,65.84447550262792,67.01267322918216,64.97712264725948,65.45342254638672,41450000,65.45342254638672
2020-05-04,64.83983307762391,65.80284679606025,64.38236431498449,65.76021575927734,30080000,65.76021575927734
2020-05-05,66.31135910156907,68.09661399154655,66.28855751090023,66.965087890625,33030000,66.965087890625
2020-05-06,67.48946984686522,67.95684572349685,66.77576117001276,66.77625274658203,24308000,66.77625274658203
2020-05-07,67.70009746279035,68.27800236212921,67.17125946114058,68.02820587158203,27952000,68.02820587158203
2020-05-08,68.55210209929821,69.32677386200999,68.17294529608483,68.81181335449219,27738000,68.81181335449219
2020-05-11,68.31172741039177,70.20751160025047,68.25581624048802,69.54981231689453,28242000,69.54981231689453
2020-05-12,69.74111691487792,70.13167071500268,68.13775297446797,68.18582916259766,27812000,68.18582916259766
2020-05-13,68.25075769096604,68.66867341498178,65.8395140421222,66.87686920166016,36252000,66.87686920166016
2020-05-14,66.16761860158277,67.27783290816132,65.61697723223254,67.21389770507812,32062000,67.21389770507812
2020-05-15,66.91007410767325,68.12337581679803,66.36487788615382,68.05944061279297,34154000,68.05944061279297
2020-05-18,67.49243895237782,69.00782575553094,67.12071633016467,68.59223937988281,36448000,68.59223937988281
2020-05-19,68.74375974549329,68.99171852343834,68.07405853271484,68.07405853271484,25612000,68.07405853271484
2020-05-20,68.87177818036183,69.90467890646245,68.7563030585499,69.7212905883789,33108000,69.7212905883789
2020-05-21,69.78473789379126,70.15596142694586,69.06359500164365,69.52700805664062,27700000,69.52700805664062
2020-05-22,69.22516825163416,70.02065260491099,68.98329744698997,69.90467834472656,26188000,69.90467834472656
2020-05-26,71.2354365907741,71.42030718004885,69.98941865059295,70.23178100585938,41212000,70.23178100585938
2020-05-27,70.24319295732482,70.46572589496532,68.9565328469883,70.27243041992188,33716000,70.27243041992188
2020-05-28,69.23259795403807,71.41237695257436,69.18997448560607,70.21741485595703,33844000,70.21741485595703
2020-05-29,70.22781505772772,71.0024866977076,70.0498870494315,70.82157897949219,36418000,70.82157897949219
2020-06-01,70.299691915133,71.26964054834443,70.28036161193397,70.96532440185547,24342000,70.96532440185547
2020-06-02,70.90237111560423,71.35141495862413,70.32149400204533,71.33208465576172,25562000,71.33208465576172
2020-06-03,71.28649161869915,71.69548333099445,70.86406852176927,71.19132995605469,25124000,71.19132995605469
2020-06-04,70.89494666788242,71.3192075476504,69.62267073063998,69.99191284179688,29686000,69.99191284179688
2020-06-05,70.0409661565379,71.62103681989137,69.68560170066861,71.29094696044922,34698000,71.29094696044922
2020-06-08,70.49544618728598,71.76673856325323,70.49544618728598,71.6983413696289,28084000,71.6983413696289
2020-06-09,71.63640275352967,72.75851325245145,71.52984407795438,72.17168426513672,28184000,72.17168426513672
2020-06-10,72.33921366870624,73.06873606841623,72.17714463678949,72.65196228027344,30504000,72.65196228027344
2020-06-11,71.49367441703548,72.08817964787619,69.48736106390314,69.57855987548828,39826000,69.57855987548828
2020-06-12,70.80026308135248,71.22204326441117,68.69532502876405,70.04145050048828,38928000,70.04145050048828
2020-06-15,68.93224243797648,70.61738192945275,68.78950373730005,70.3720474243164,30078000,70.3720474243164
2020-06-16,71.62946937868462,72.11518485740359,70.67190844363626,71.50556182861328,34184000,71.50556182861328
2020-06-17,71.72562263313831,72.36201012401604,70.94351671550973,71.92189025878906,30992000,71.92189025878906
2020-06-18,71.82473711997325,71.93625692589225,70.72691818149396,71.17050170898438,31638000,71.17050170898438
2020-06-19,71.56900530067941,71.75734721634312,70.44640308339683,70.96037292480469,63158000,70.96037292480469
2020-06-22,70.8255563653856,72.00267815371569,70.53858906572106,71.95857238769531,30848000,71.95857238769531
2020-06-23,72.14590692613505,73.15208849350675,71.63045488293648,72.58057403564453,28596000,72.58057403564453
2020-06-24,72.4368443298994,73.12626909220823,70.8627254756033,70.9727554321289,35120000,70.9727554321289
2020-06-25,70.87016038569092,71.5144735533797,70.37948379720302,71.43666076660156,24610000,71.43666076660156
2020-06-26,70.94401030282637,71.04610697124998,67.00870556251247,67.40074920654297,85354000,67.40074920654297
2020-06-29,67.315499699878,69.17015010244089,66.76188614632629,69.13892364501953,36204000,69.13892364501953
2020-06-30,68.91440641958248,70.31257874451346,68.59323297834766,70.06277465820312,40848000,70.06277465820312
2020-07-01,69.93836998710933,71.51943135796787,69.87492636403398,71.27359771728516,35504000,71.27359771728516
2020-07-02,71.71470819496238,73.49947131542557,71.68893445944028,72.5949478149414,37182000,72.5949478149414
2020-07-06,73.35623783628768,74.67114462627491,72.99938350629786,74.13140869140625,31280000,74.13140869140625
2020-07-07,73.84889933255772,75.17718463004604,73.52921573802055,73.6100082397461,29164000,73.6100082397461
2020-07-08,74.0630052528103,74.63594902661235,73.63230103467384,74.14627075195312,24994000,74.14627075195312
2020-07-09,74.66420769995123,75.47059742715096,73.7539818810069,74.88922119140625,28466000,74.88922119140625
2020-07-10,74.64934123504234,76.51687082641804,74.17304136477138,76.41328430175781,37126000,76.41328430175781
2020-07-13,76.82267531493576,78.16741699280199,74.60438698675745,74.90657043457031,36928000,74.90657043457031
2020-07-14,73.86426350085748,75.4819965801495,73.52673947274832,75.36453247070312,31700000,75.36453247070312
2020-07-15,75.49092444878848,76.09559389813933,74.24540551349456,75.02056884765625,32214000,75.02056884765625
2020-07-16,74.344527970174,75.27086242222911,73.66600861135278,75.23666381835938,30386000,75.23666381835938
2020-07-17,75.41608681923269,75.50628734466852,74.26622107852947,75.115234375,29134000,75.115234375
2020-07-20,75.10086169503572,77.82831763299981,74.52295670397935,77.60181427001953,31146000,77.60181427001953
2020-07-21,78.6560182200513,78.6560182200513,77.03480623868134,77.23999786376953,24324000,77.23999786376953
2020-07-22,77.34309107807213,77.81393823638598,76.62938240905412,77.73909759521484,18640000,77.73909759521484
2020-07-23,77.66376731348763,77.90662126752933,74.7108970715364,75.12167358398438,32552000,75.12167358398438
2020-07-24,74.29148983809016,75.21861070827683,73.76958683337055,74.93283081054688,30880000,74.93283081054688
2020-07-27,75.11770054237287,76.37511544015808,75.09837024147528,75.84132385253906,24920000,75.84132385253906
2020-07-28,75.59252357774581,75.65695035604615,74.22854991882359,74.36137390136719,34044000,74.36137390136719
2020-07-29,74.6577699770825,75.89347250238562,74.4104464542788,75.43590545654297,22130000,75.43590545654297
2020-07-30,74.1958326523374,76.22147587784752,73.95892301141564,75.90328216552734,33428000,75.90328216552734
2020-07-31,74.59283484328614,74.78811172594841,72.06610883236047,73.49996948242188,68798000,73.49996948242188
2020-08-03,73.68237162701634,73.8721958228916,72.64154514169648,73.07820129394531,46604000,73.07820129394531
2020-08-04,73.18325489320192,73.62882739604274,72.29508959738531,72.60832214355469,38070000,72.60832214355469
2020-08-05,72.82293595073801,73.47270939109877,72.5334881181194,73.03655242919922,39590000,73.03655242919922
2020-08-06,72.94437985240623,74.46298856222992,72.6593939856704,74.3494873046875,39908000,74.3494873046875
2020-08-07,74.34453135449328,75.17941747701924,73.43455501673509,74.07144165039062,31556000,74.07144165039062
2020-08-10,73.70912859484278,74.54649522053427,73.01028824176667,74.15122985839844,25786000,74.15122985839844
2020-08-11,73.96983192507606,74.84015688416908,73.25414182698161,73.36912536621094,29088000,73.36912536621094
2020-08-12,73.62982254705855,74.9584102165642,73.61346439267696,74.6726303100586,28740000,74.6726303100586
2020-08-13,74.85701375617232,76.19075941163035,74.74128905970367,75.25897216796875,29104000,75.25897216796875
2020-08-14,75.12068023967929,75.42995752240962,74.48726493670631,74.72764587402344,27096000,74.72764587402344
2020-08-17,75.07162921664947,75.61385340128197,74.73955783677265,75.23568725585938,27566000,75.23568725585938
2020-08-18,75.64208894850601,77.44072987811293,75.51967125213656,77.2489242553711,40542000,77.2489242553711
2020-08-19,76.98671680870588,77.99631660463567,76.52281229338247,76.70024871826172,33212000,76.70024871826172
2020-08-20,76.49803686860079,78.60050216390114,76.23783406234583,78.39630126953125,34138000,78.39630126953125
2020-08-21,78.16236244256024,79.18782133663322,77.7150580504128,78.33038330078125,28930000,78.33038330078125
2020-08-24,79.00245629014832,80.00313978637334,78.33782209299643,78.71598815917969,28198000,78.71598815917969
2020-08-25,78.41216860841672,79.87675677924446,78.41216860841672,79.70824432373047,44942000,79.70824432373047
2020-08-26,79.69733366707075,82.23594845929871,79.47925517999639,81.89694213867188,79868000,81.89694213867188
2020-08-27,81.96137015860455,82.02679521825979,80.57707542164758,81.00232696533203,37232000,81.00232696533203
2020-08-28,80.96068921163345,81.63870938398742,80.82488552146178,81.50191497802734,29980000,81.50191497802734
2020-08-31,81.67438295038748,81.67809624323807,80.80306748012059,80.994873046875,36468000,80.994873046875
2020-09-01,81.1163118426305,82.55859734770881,80.89774179710447,82.3097915649414,36506000,82.3097915649414
2020-09-02,82.95733536711774,85.90162162982597,82.58833533801526,85.65876770019531,50224000,85.65876770019531
2020-09-03,84.73858986258146,84.73858986258146,80.04724774128844,81.37454986572266,62156000,81.37454986572266
2020-09-04,80.50321398346387,81.53660609397302,76.70436375911142,78.85673522949219,52172000,78.85673522949219
2020-09-08,76.0053775829476,77.50986646255815,75.73277948977365,75.94986724853516,52218000,75.94986724853516
2020-09-09,77.19588736388992,77.76436916839293,76.13132163585225,77.16763305664062,35494000,77.16763305664062
2020-09-10,77.3500271659493,78.51183435862443,75.62350437154626,75.93153381347656,32372000,75.93153381347656
2020-09-11,76.12880577430165,78.07167535360452,74.21368380394722,75.3714828491211,31942000,75.3714828491211
2020-09-14,76.27773462225414,77.51656055743867,75.1246547690632,75.30010223388672,33932000,75.30010223388672
2020-09-15,76.12880382168298,77.29700157287212,75.92237190169658,76.39842224121094,26622000,76.39842224121094
2020-09-16,77.09725140004852,77.41742653517655,75.32685745027062,75.38038635253906,26234000,75.38038635253906
2020-09-17,74.14627893989416,74.75580363653289,72.85763742965716,74.12297821044922,37596000,74.12297821044922
2020-09-18,74.24589042128498,74.49335761422685,71.22849530358066,72.36150360107422,62078000,72.36150360107422
2020-09-21,71.37371245169476,71.78508637625292,69.7128568777239,70.93260192871094,57776000,70.93260192871094
2020-09-22,71.87084446984677,72.83385060680457,71.09964396244797,72.63262939453125,31664000,72.63262939453125
2020-09-23,72.30154011266035,72.40958107535472,69.7698603849799,70.14207458496094,33148000,70.14207458496094
2020-09-24,69.9348953083628,71.55456426495799,69.87641282970685,70.79035186767578,29004000,70.79035186767578
2020-09-25,71.00547187449966,71.86638131765665,70.04940076435469,71.61658477783203,26460000,71.61658477783203
2020-09-28,73.06629935571112,73.19466134063238,71.83173128486416,72.58602905273438,40158000,72.58602905273438
2020-09-29,72.8769705664086,73.18788141530649,72.30277885879447,72.82443237304688,19564000,72.82443237304688
2020-09-30,72.69903092343071,73.83650883782728,72.35606173724211,72.83781433105469,34032000,72.83781433105469
2020-10-01,73.56489829328257,74.296946515864,73.31411106734559,73.85335540771484,35590000,73.85335540771484
2020-10-02,72.46262535382719,73.51187669093618,71.91197637655861,72.28369903564453,25682000,72.28369903564453
2020-10-05,72.66978949514682,73.76017431534896,72.57363712480127,73.6516342163086,22266000,73.6516342163086
2020-10-06,73.13420036481459,73.68831305269973,71.79649191433077,72.03687286376953,24908000,72.03687286376953
2020-10-07,72.57462996161686,72.80608688944669,71.1724948243328,72.37638092041016,34924000,72.37638092041016
2020-10-08,72.61428550594289,73.84889898955566,72.61428550594289,73.64717864990234,23756000,73.64717864990234
2020-10-09,74.0818428659468,75.16330373323112,73.8216400491454,75.098876953125,28706000,75.098876953125
2020-10-12,76.47572175046396,78.99649557486502,75.95877994751086,77.77178955078125,49652000,77.77178955078125
2020-10-13,78.49443679542112,78.8051963648727,77.47691115058741,77.89720153808594,32020000,77.89720153808594
2020-10-14,78.23967764141322,78.6904079528005,76.84893954375634,77.7187728881836,38586000,77.7187728881836
2020-10-15,76.68142822096114,78.06696335790998,76.57635939320642,77.27519226074219,30800000,77.27519226074219
2020-10-16,77.60826176537117,78.36558468531405,77.46700533681992,77.96312713623047,28694000,77.96312713623047
2020-10-19,78.33237381867033,78.7135120539856,75.73229667959747,76.05990600585938,32142000,76.05990600585938
2020-10-20,75.68519714329963,78.185650150246,75.61679994585228,77.1165771484375,44834000,77.1165771484375
2020-10-21,77.97897630602544,80.22914146850881,77.89472008631533,78.96924591064453,51366000,78.96924591064453
2020-10-22,78.95636831147618,80.39072833469135,78.55738961577151,80.06063842773438,28672000,80.06063842773438
2020-10-23,80.59292714754348,81.40030755291222,80.31735691195621,81.3329086303711,27516000,81.3329086303711
2020-10-26,80.54039387664929,81.19611155931473,78.13608562325534,78.8274917602539,37066000,78.8274917602539
2020-10-27,79.08621978236853,79.64008286570224,78.44735176899124,79.511962890625,24580000,79.511962890625
2020-10-28,77.30541405064103,77.38520826366579,75.0691341527172,75.16825866699219,36680000,75.16825866699219
2020-10-29,75.45275530890812,78.989081622898,75.44681101360702,77.6771469116211,40062000,77.6771469116211
2020-10-30,82.87481051257774,83.61280300361643,79.52187292207024,80.3421401977539,86582000,80.3421401977539
2020-11-02,80.69651796663987,82.3127687185351,80.09531984803262,80.59095001220703,50708000,80.59095001220703
2020-11-03,80.87592785332038,82.35885533607552,80.12455695479379,81.78937530517578,33234000,81.78937530517578
2020-11-04,84.76664097405978,87.79420062336693,84.55599662853186,86.6921615600586,71418000,86.6921615600586
2020-11-05,88.27173783625906,88.89821057041826,86.76055585550542,87.39794158935547,41316000,87.39794158935547
2020-11-06,86.93106649548855,87.84698716938499,86.25700907872927,87.31765747070312,33218000,87.31765747070312
2020-11-09,88.76239762213005,90.10853074100041,87.23189306061523,87.37959289550781,45366000,87.37959289550781
2020-11-10,85.79803980710659,87.37960039714777,85.11456689238351,86.25897979736328,52722000,86.25897979736328
2020-11-11,86.73527692363946,87.4400615503718,86.60467638154313,86.86959075927734,25280000,86.86959075927734
2020-11-12,86.61781750630749,87.64079590014305,86.51720312759008,86.72734832763672,24950000,86.72734832763672
2020-11-13,87.11343837213329,88.27371019506323,86.46515483065645,88.074462890625,29998000,88.074462890625
2020-11-16,87.81078675942418,89.16732614514456,87.61203859885991,88.29055786132812,24936000,88.29055786132812
2020-11-17,88.07051159589045,88.4699894102633,87.57785355072573,87.73397827148438,22942000,87.73397827148438
2020-11-18,87.4901218607704,87.89852366118753,86.54396556199285,86.57568359375,23470000,86.57568359375
2020-11-19,86.15936146134673,87.7062244050139,86.09121382137086,87.42520141601562,24998000,87.42520141601562
2020-11-20,87.48913193523614,87.92478976878569,86.33183971503769,86.34819030761719,46270000,86.34819030761719
2020-11-23,86.71545976406101,86.92857711171024,85.13538899305303,85.98489379882812,43232000,85.98489379882812
2020-11-24,85.7688157780551,87.80585639626014,85.62954077452864,87.6710433959961,31560000,87.6710433959961
2020-11-25,87.86978439048681,88.14981666714392,87.05943172558226,87.79742431640625,20916000,87.79742431640625
2020-11-27,87.87968642012437,89.41167329821602,87.84746925132592,88.87590026855469,17698000,88.87590026855469
2020-11-30,88.28086143305613,88.62190973016223,86.983106715673,87.2676010131836,36476000,87.2676010131836
2020-12-01,87.94312418859093,90.44407649912718,87.69530911635927,89.11925506591797,34738000,89.11925506591797
2020-12-02,89.11925285934463,90.98034642579326,88.69167204248289,90.59870910644531,24440000,90.59870910644531
2020-12-03,90.40343539207367,91.55280182988346,90.33602890521243,90.54022979736328,24546000,90.54022979736328
2020-12-04,90.42870902845401,90.85693268659581,90.05550412793687,90.60069274902344,27564000,90.60069274902344
2020-12-07,90.15511699862365,90.81777726093168,89.49989844842118,90.17890930175781,26418000,90.17890930175781
2020-12-08,89.71401204149981,90.2988595596688,89.02533599505773,90.13282012939453,21926000,90.13282012939453
2020-12-09,89.80869409572297,90.91196594434503,87.61800941609269,88.42687225341797,30152000,88.42687225341797
2020-12-10,87.71661945480314,88.28709022602335,86.25550278018567,87.99070739746094,27256000,87.99070739746094
2020-12-11,87.38257323297557,88.442729925016,87.23091052091426,88.30989837646484,24414000,88.30989837646484
2020-12-14,87.97435217160282,89.08406729782526,87.09287225030265,87.23387908935547,32004000,87.23387908935547
2020-12-15,87.44997308348088,87.79691266598638,86.73279319141375,87.61600494384766,29646000,87.61600494384766
2020-12-16,87.8692711653214,87.87522302246734,87.03661618213285,87.37959289550781,30270000,87.37959289550781
2020-12-17,87.65268344001495,87.81495662943179,86.17322719358401,86.63118743896484,32494000,86.63118743896484
2020-12-18,86.94245848614152,86.98855324450007,85.25930025475854,85.79408264160156,80328000,85.79408264160156
2020-12-21,84.92672847160367,86.28178578016737,84.20756706246826,86.20842742919922,36568000,86.20842742919922
2020-12-22,85.96357708428384,86.11102735704515,84.88038440504826,85.42185974121094,18734000,85.42185974121094
2020-12-23,85.65035680896906,86.63566539716504,85.49819494233435,85.86199188232422,20676000,85.86199188232422
2020-12-24,85.99184042843427,86.53703667813929,85.69991199959722,86.18265533447266,6936000,86.18265533447266
2020-12-28,86.8163123422826,88.75388019441684,86.55362896298506,88.02837371826172,27860000,88.02837371826172
2020-12-29,88.60826850942175,88.83873472055463,87.03711423486459,87.16746520996094,25988000,87.16746520996094
2020-12-30,87.33052705270109,87.4834300377476,85.52593453203413,86.21585083007812,26122000,86.21585083007812
2020-12-31,86.0126478051477,87.17787321352291,86.0126478051477,86.82845306396484,20238000,86.82845306396484
2021-01-04,87.1089767072172,87.26311997658573,84.64619349735915,85.65678405761719,38038000,85.65678405761719
2021-01-05,85.49619178857095,86.61978437218275,85.14999337906703,86.28523254394531,22906000,86.28523254394531
2021-01-06,84.38747900211352,86.63615433063427,84.20756198517479,86.00621032714844,52042000,86.00621032714844
2021-01-07,86.24261397185063,88.6384898166692,86.09343184516892,88.58149719238281,45300000,88.58149719238281
2021-01-08,88.61768656703295,89.70112887180485,87.90174689981127,89.5707778930664,41012000,89.5707778930664
2021-01-11,88.52301564787511,88.9316670211408,87.25668418595048,87.56397247314453,24194000,87.56397247314453
2021-01-12,86.92956446545095,88.12502568589198,85.51157032407164,86.56428527832031,27140000,86.56428527832031
2021-01-13,86.16927418973575,87.48046016327062,86.14101988088426,86.95336151123047,21882000,86.95336151123047
2021-01-14,86.914705033761,87.97486180881256,85.91253917160194,86.24858093261719,23590000,86.24858093261719
2021-01-15,86.14994392220567,87.03266419268685,85.32521456188599,86.05081939697266,26844000,86.05081939697266
2021-01-19,86.84680492883547,89.6731358453659,86.31201498122367,88.76042938232422,34692000,88.76042938232422
2021-01-20,90.77267770337184,94.35360856960604,90.47876787428183,93.52045440673828,49806000,93.52045440673828
2021-01-21,94.07060533540135,95.89749283092411,93.53086185572522,93.73605346679688,41278000,93.73605346679688
2021-01-22,93.95561656871892,94.71244783053908,93.265700219909,94.22177124023438,25442000,94.22177124023438
2021-01-25,95.19419654321186,95.6357986500771,92.56042022911615,94.1399917602539,38546000,94.1399917602539
2021-01-26,93.61660502258192,95.40880228405905,93.38886139940963,95.0241928100586,26262000,95.0241928100586
2021-01-27,93.30386744882472,93.67410021365589,89.6594928936985,90.73947143554688,54966000,90.73947143554688
2021-01-28,91.39122764909371,94.11174085003306,91.32680087001178,92.34135437011719,35462000,92.34135437011719
2021-01-29,91.50175174857779,92.05239308309584,89.71897007422065,90.98480987548828,32252000,90.98480987548828
2021-02-01,91.8685125685851,95.27953935955722,91.73767002413015,94.23663330078125,32044000,94.23663330078125
2021-02-02,95.28786868697729,96.93336441857134,94.88789932969807,95.53321075439453,45474000,95.53321075439453
2021-02-03,102.74414201514199,104.90012884840588,100.03700707853986,102.59892272949219,82364000,102.59892272949219
2021-02-04,102.54044003926128,103.01921294304773,101.23693019522139,102.21728515625,37046000,102.21728515625
2021-02-05,102.5954568156275,104.20675418998236,102.06661869879306,103.98322296142578,30702000,103.98322296142578
2021-02-08,104.37525487693321,105.24939899403509,102.69456976302753,103.7309341430664,24838000,103.7309341430664
2021-02-09,103.01871992503064,104.33659891229057,103.01871992503064,103.26504516601562,17798000,103.26504516601562
2021-02-10,103.79537206045246,104.4971845872037,102.25297115951753,103.85335540771484,22710000,103.85335540771484
2021-02-11,104.0580418247045,104.18294007103397,102.95823392446462,103.87862396240234,18914000,103.87862396240234
2021-02-12,103.59910461174107,104.5194948389292,103.24622067166806,104.28604888916016,17114000,104.28604888916016
2021-02-16,104.2984285621315,106.69331381034752,104.2984285621315,105.16776275634766,22676000,105.16776275634766
2021-02-17,104.08234007920224,105.75062997057648,104.02881117156582,105.48546600341797,21418000,105.48546600341797
2021-02-18,104.59730565654404,105.70478991978372,104.26622503597517,104.93482971191406,22432000,104.93482971191406
2021-02-19,105.03741900005683,105.59549453377072,103.95396911848377,104.13883972167969,29148000,104.13883972167969
2021-02-22,102.44675124701945,103.65708074775303,102.20587874345242,102.34168243408203,27350000,102.34168243408203
2021-02-23,100.3656239685121,103.19071485856735,99.22616446663729,102.6380844116211,33348000,102.6380844116211
2021-02-24,101.1992651160688,104.12100739702447,101.01588435370296,103.84295654296875,24966000,103.84295654296875
2021-02-25,102.46906216428576,103.82858147526002,100.18123451701058,100.68033599853516,36568000,100.68033599853516
2021-02-26,101.62996378091994,102.64550805459477,99.92202255132347,100.95293426513672,41670000,100.95293426513672
2021-03-01,101.92734012690237,103.41423075324937,101.41089732146217,103.16592407226562,28090000,103.16592407226562
2021-03-02,102.90225182677727,104.29893439249223,102.65790800494662,102.88490295410156,22692000,102.88490295410156
2021-03-03,102.45715565422508,103.51325110603491,99.62165904609364,100.44985961914062,29684000,100.44985961914062
2021-03-04,100.28432569581507,103.54903688521117,100.13067398858652,101.55908203125,42360000,101.55908203125
2021-03-05,102.75007432070196,104.9799183848455,101.42649317847557,104.50559997558594,43904000,104.50559997558594
2021-03-08,104.13834392847765,105.51024332195891,100.1970873582059,100.323974609375,32948000,100.323974609375
2021-03-09,102.59543697024547,102.99392401851154,101.49662733095751,101.73799896240234,33946000,101.73799896240234
2021-03-10,102.68267652955811,102.84326325035669,100.77995757603279,101.8534927368164,25372000,101.8534927368164
2021-03-11,102.79668193443077,105.35611705729985,102.71341642240814,104.81439208984375,24782000,104.81439208984375
2021-03-12,103.33889828971348,103.59960026293786,101.482765582229,102.19498443603516,34516000,102.19498443603516
2021-03-15,102.21381370165273,102.449732647569,101.28252564786133,102.4214859008789,25962000,102.4214859008789
2021-03-16,103.04100764666047,105.2500314609477,102.59543513895282,103.71159362792969,29832000,103.71159362792969
2021-03-17,102.89431006441217,104.56706191181523,101.80243533242133,103.6402359008789,25980000,103.6402359008789
2021-03-18,102.14938888769706,102.86805117671015,100.78887882417207,100.92121124267578,27228000,100.92121124267578
2021-03-19,101.21015831699259,101.75782752940667,100.0023093646214,101.26715850830078,46298000,101.26715850830078
2021-03-22,101.19976690707729,102.00020489773081,100.41815251958643,101.03868103027344,39096000,101.03868103027344
2021-03-23,101.68843210475224,102.70952727019093,101.06988516261853,101.75088500976562,27340000,101.75088500976562
2021-03-24,102.36597999246194,103.00236750073037,101.18563650283075,101.3593521118164,23080000,101.3593521118164
2021-03-25,101.34695607602886,102.0438074494298,99.65784606555619,101.32465362548828,28378000,101.32465362548828
2021-03-26,101.05205085728613,101.65324896648085,99.82090119262763,100.88799285888672,29870000,100.88799285888672
2021-03-29,100.50784871516063,102.02200282592527,99.90020715173766,101.89908599853516,24596000,101.89908599853516
2021-03-30,101.98234781238062,102.6341026761578,101.3082904991572,101.8787612915039,20732000,101.8787612915039
2021-03-31,102.05619584906094,103.7515979250428,101.93848217689424,102.52754211425781,29198000,102.52754211425781
2021-04-01,103.98073262572231,106.21057685744589,103.92819443514286,105.95333862304688,33980000,105.95333862304688
2021-04-05,106.70620586897026,110.88783589409317,106.64078081042304,110.30496978759766,43298000,110.30496978759766
2021-04-06,110.15381525957054,110.90519387193757,109.77217787654358,110.26533508300781,27060000,110.26533508300781
2021-04-07,110.3337238370964,111.76460489071017,110.29407251541852,111.50093078613281,25798000,111.50093078613281
2021-04-08,112.90258722337978,113.20219182729046,111.89744917077584,112.28205871582031,27166000,112.28205871582031
2021-04-09,111.84886407834288,113.45173646905039,111.70086927870828,113.29511260986328,20888000,113.29511260986328
2021-04-12,112.32217873316166,112.77171411362768,110.94506871650955,111.75418853759766,31318000,111.75418853759766
2021-04-13,112.08529051882073,112.86540747447741,111.81863667705656,112.37275695800781,23310000,112.37275695800781
2021-04-14,112.7638026899758,112.90406083205876,111.47665101262801,111.75667572021484,20220000,111.75667572021484
2021-04-15,112.85399021816906,114.32189821600039,112.30979231964385,113.82939147949219,27472000,113.82939147949219
2021-04-16,114.14362235379001,114.31411621726856,113.22423056487837,113.8839111328125,22596000,113.8839111328125
2021-04-19,113.59744128043279,114.9093758966617,113.39249923629254,114.1138916015625,24688000,114.1138916015625
2021-04-20,114.38599584122326,114.47075120469148,112.59280770197206,113.67922973632812,21774000,113.67922973632812
2021-04-21,113.26388169380104,113.76298315107185,111.94154076185467,113.66236877441406,23930000,113.66236877441406
2021-04-22,113.65939592756725,114.18139728635546,111.8364712571868,112.40496063232422,21096000,112.40496063232422
2021-04-23,113.17566751581047,115.27466168148892,112.91496555079843,114.75325775146484,28670000,114.75325775146484
2021-04-26,114.98272744216457,116.03991197289054,114.6808918770929,115.32025146484375,20834000,115.32025146484375
2021-04-27,115.77921191358622,115.85107284381077,114.20657531113694,114.34783172607422,31972000,114.34783172607422
2021-04-28,119.3053594674717,121.54724339641946,117.70472577961708,117.95551300048828,59728000,117.95551300048828
2021-04-29,119.46322875919614,120.76127824128,119.06424254095603,120.43267822265625,39554000,120.43267822265625
2021-04-30,119.17377822445188,120.29638022814062,119.05829555078574,119.45281219482422,39142000,119.45281219482422
2021-05-03,119.08605623347472,119.92763531145077,118.18301495953615,118.71185302734375,33788000,118.71185302734375
2021-05-04,117.4514601947824,117.92329804660062,114.57482234362114,116.68373107910156,35120000,116.68373107910156
2021-05-05,117.38604751511454,118.06902890720526,116.5429860963777,116.8071517944336,21806000,116.8071517944336
2021-05-06,116.50481371229871,118.09430010868064,116.093341428123,118.02689361572266,20618000,118.02689361572266
2021-05-07,118.95124031054598,119.76457262276101,118.45561014258537,118.88631439208984,23272000,118.88631439208984
2021-05-10,117.70670855933759,117.86085183590772,115.71626222202786,116.05973052978516,26006000,116.05973052978516
2021-05-11,113.59150666681118,115.08533229576281,113.15237751786762,114.42912292480469,32110000,114.42912292480469
2021-05-12,112.09718978495683,113.26984960356148,110.52802426119912,110.97557830810547,34934000,110.97557830810547
2021-05-13,112.06643227155425,112.83520501768086,111.15596448276851,112.11005401611328,26670000,112.11005401611328
2021-05-14,113.59001556651076,115.04270756305563,113.16823529444875,114.79588317871094,26624000,114.79588317871094
2021-05-17,114.45687458952851,115.1517445473041,113.74712876833237,115.05609130859375,19842000,115.05609130859375
2021-05-18,115.82410130346854,116.1335751889911,114.15154624434489,114.16493225097656,17302000,114.16493225097656
2021-05-19,112.2304910648047,114.82560674877791,112.18687688265052,114.42662811279297,19350000,114.42662811279297
2021-05-20,115.38469377714485,116.98557720936954,115.04022715722633,116.77493286132812,23832000,116.77493286132812
2021-05-21,117.26560593626608,117.4147880812339,116.09492767851307,116.23023223876953,22832000,116.23023223876953
2021-05-24,117.31565224247997,119.86716127701555,116.97416537620035,119.28182220458984,21244000,119.28182220458984
2021-05-25,119.9425046653865,120.58137269931505,119.09943572487968,119.4007797241211,18838000,119.4007797241211
2021-05-26,119.58737440995169,121.07967220882956,119.57151539461012,120.61308288574219,21856000,120.61308288574219
2021-05-27,120.78209670482737,120.933759413252,119.05036328689584,119.07564544677734,38962000,119.07564544677734
2021-05-28,120.039644861978,120.34594243309745,119.33237963763563,119.5241928100586,24108000,119.5241928100586
2021-06-01,120.04162849091753,120.83320289058072,119.19311439951414,120.42871856689453,19166000,120.42871856689453
2021-06-02,120.70131235784183,121.03288452088951,119.15940310622467,120.00594329833984,17158000,120.00594329833984
2021-06-03,118.70442409415732,119.43424138164984,118.10025378200626,119.17973327636719,18346000,119.17973327636719
2021-06-04,120.06739623890059,121.62064954283319,119.83196888925907,121.51661682128906,25948000,121.51661682128906
2021-06-07,121.49481176781347,122.32152249474767,120.98693758090909,122.22685241699219,23850000,122.22685241699219
2021-06-08,122.91133089817407,123.63469715525575,122.33342592755342,123.05754089355469,25060000,123.05754089355469
2021-06-09,123.88275958200325,124.15535768827324,123.27958002417898,123.4813003540039,20126000,123.4813003540039
2021-06-10,123.61065868780943,125.06037842620621,123.61015954854648,124.97810363769531,31234000,124.97810363769531
2021-06-11,125.14266617636976,125.24526199368228,123.82279813679774,124.59796905517578,25240000,124.59796905517578
2021-06-14,124.5711884964935,125.30670043242567,123.95412381716069,125.24771881103516,22550000,125.24771881103516
2021-06-15,125.41625087765078,125.75327578194185,124.55038032424237,124.9315185546875,22182000,124.9315185546875
2021-06-16,125.14414846887995,125.41773731504668,123.06493071466112,124.59796905517578,26316000,124.59796905517578
2021-06-17,124.42597506527514,126.08484931551105,124.41804177591209,125.26656341552734,25756000,125.26656341552734
2021-06-18,124.60687192282845,125.2844005296413,123.51400651245312,124.47007751464844,53306000,124.47007751464844
2021-06-21,124.6410755374934,125.92649531328948,124.04061854594865,125.3498306274414,26256000,125.3498306274414
2021-06-22,125.34486743929556,126.15770061864372,124.9250686232251,125.88956451416016,20984000,125.88956451416016
2021-06-23,125.4439897086147,126.67909461560616,125.1485900351794,125.35626220703125,19694000,125.35626220703125
2021-06-24,125.94309046479732,126.42088017782795,125.85040937938348,126.16959381103516,18934000,126.16959381103516
2021-06-25,125.84743905847228,126.39064627337538,125.33892202267674,125.8851089477539,33484000,125.8851089477539
2021-06-28,125.8900545923155,126.22410730755075,124.87282395421732,125.71113586425781,28110000,125.71113586425781
2021-06-29,125.66455290774036,125.89006554685616,124.34072209720667,124.91714477539062,20950000,124.91714477539062
2021-06-30,124.55539196374131,124.70056587830835,123.66717354614626,124.22079467773438,24006000,124.22079467773438
2021-07-01,123.75861171156227,125.35727172524521,123.75861171156227,125.26409149169922,17120000,125.26409149169922
2021-07-02,125.7309572157415,127.72191018017409,125.6610701602398,127.59402465820312,21160000,127.59402465820312
2021-07-06,128.31814796113062,128.7493589114114,127.28674473058427,128.6368408203125,21350000,128.6368408203125
2021-07-07,129.2018749361373,129.49815192401994,128.62594381159133,128.940673828125,16680000,128.940673828125
2021-07-08,127.12911927764412,128.89604177510466,126.92094798270199,128.0480194091797,19780000,128.0480194091797
2021-07-09,127.81759380451707,128.71468335056986,127.8165955258113,128.44207763671875,15106000,128.44207763671875
2021-07-12,128.69879763319938,129.62712106436328,128.46734826222308,129.42291259765625,16944000,129.42291259765625
2021-07-13,129.73765144803764,130.88801630949186,129.49528149813372,129.84967041015625,16618000,129.84967041015625
2021-07-14,130.7487132472644,131.8336452495444,130.74523439825597,130.92813110351562,17912000,130.92813110351562
2021-07-15,131.3420028593412,131.436173807275,129.45663271976483,130.11927795410156,16586000,130.11927795410156
2021-07-16,130.49051099705218,131.02776636602835,129.6781693838314,130.69322204589844,14856000,130.69322204589844
2021-07-19,130.00924510510856,130.09993719608812,127.41363020106652,128.12435913085938,25710000,128.12435913085938
2021-07-20,128.86782227128887,130.84771135969666,128.0593526868454,129.9557342529297,19084000,129.9557342529297
2021-07-21,129.64397723436196,131.4582275989619,129.46009734005494,131.44161987304688,14742000,131.44161987304688
2021-07-22,131.49068639623516,132.3377257917358,131.24287129550692,132.16326904296875,13608000,132.16326904296875
2021-07-23,134.07789530650047,137.59539095882877,133.52329096308097,136.61155700683594,26378000,136.61155700683594
2021-07-26,137.04175882580606,138.49197034015555,136.44799477729384,138.424072265625,23052000,138.424072265625
2021-07-27,138.78735119655704,138.78735119655704,133.91927620849248,135.60093688964844,42164000,135.60093688964844
2021-07-28,137.3510146618387,138.45527713118932,135.15835630210034,135.1895751953125,54688000,135.1895751953125
2021-07-29,135.1886685755518,135.95283560896715,134.94818934542886,135.34716796875,19284000,135.34716796875
2021-07-30,134.32668907292518,134.58475921565164,133.6359710364847,134.03921508789062,23954000,134.03921508789062
2021-08-02,134.30040358003416,134.83171462516523,133.49252401324674,134.80099487304688,20140000,134.80099487304688
2021-08-03,134.81139182595575,135.14395467332628,133.01076978893067,135.0889434814453,19064000,135.0889434814453
2021-08-04,135.05872228263124,135.3446988338676,134.23151238221777,134.83966064453125,16528000,134.83966064453125
2021-08-05,134.83967689742926,135.75311699831278,134.4149244523131,135.7432098388672,11866000,135.7432098388672
2021-08-06,135.10382713386807,135.88201551240275,134.85749433958995,135.83834838867188,13560000,135.83834838867188
2021-08-09,135.75210754630416,137.1126098442839,135.2364059648391,136.7958984375,12374000,136.7958984375
2021-08-10,136.87272241280922,137.34059738691133,136.02718053836261,136.8895721435547,16034000,136.8895721435547
2021-08-11,137.0744638632989,137.63427126577432,136.14961925968484,136.48614501953125,15204000,136.48614501953125
2021-08-12,136.50942194027127,137.20826224013817,135.58359429369307,137.1800079345703,14646000,137.1800079345703
2021-08-13,137.1482816134208,137.46201328936107,136.79886904732808,137.1963653564453,12580000,137.1963653564453
2021-08-16,136.79393989388618,137.7757771825997,134.97572661397365,137.70193481445312,18040000,137.70193481445312
2021-08-17,136.9832605869479,137.50616194456637,135.59203834945433,136.10055541992188,21272000,136.10055541992188
2021-08-18,135.91715341997238,137.08536621500676,135.22873447579948,135.37643432617188,14934000,135.37643432617188
2021-08-19,134.28354225951892,136.25069525641123,134.17302073841807,135.71690368652344,18296000,135.71690368652344
2021-08-20,135.88492625969326,137.40305070335003,135.27431258624406,137.2270965576172,15564000,137.2270965576172
2021-08-23,137.7837122394055,140.93443073430424,137.53535262573024,139.86634826660156,21090000,139.86634826660156
2021-08-24,140.3064531306813,141.75766266709394,140.11811125619684,141.1539764404297,15126000,141.1539764404297
2021-08-25,141.63426781008172,142.06051768472432,141.19464705118432,141.70068359375,12838000,141.70068359375
2021-08-26,141.37205804432725,141.88384215982578,140.84967100103097,140.88088989257812,14922000,140.88088989257812
2021-08-27,140.8705194308933,143.7436867134964,140.7788290390808,143.28721618652344,24562000,143.28721618652344
2021-08-30,143.43985222192057,145.20925583087842,143.33627324469208,144.1981658935547,16916000,144.1981658935547
2021-08-31,144.60951240719942,144.8350174593446,143.73273654311058,144.19070434570312,26756000,144.19070434570312
2021-09-01,144.3770747387989,145.53734675940768,144.34189297996778,144.56739807128906,15824000,144.56739807128906
2021-09-02,144.6739477186985,145.0461694938564,142.84706769727865,142.9585723876953,21844000,142.9585723876953
2021-09-03,142.88621922862686,144.10646357676572,142.2508300178848,143.5097198486328,19104000,143.5097198486328
2021-09-07,143.48444727787225,144.54956519502716,143.27777335151706,144.24722290039062,15170000,144.24722290039062
2021-09-08,144.12283173723094,144.27895648091504,142.93976556044956,143.61729431152344,15486000,143.61729431152344
2021-09-09,143.6172513180427,144.39637738512306,143.17168637688346,143.64698791503906,14798000,143.64698791503906
2021-09-10,144.17237014353682,144.74284095381356,140.50272847516052,140.6806640625,32896000,140.6806640625
2021-09-13,141.94946603476788,142.93080402260333,141.0389906929406,142.21115112304688,20176000,142.21115112304688
2021-09-14,142.90108601870415,143.46263285712948,141.65656536294708,142.15269470214844,18916000,142.15269470214844
2021-09-15,142.50259073895944,144.309157172922,141.0127205934312,143.9369354248047,20648000,143.9369354248047
2021-09-16,143.85268951459992,143.93099387588092,142.16293675723705,143.11172485351562,20292000,143.11172485351562
2021-09-17,142.54175751911154,142.98881997267335,139.8286781666642,140.2271728515625,60040000,140.2271728515625
2021-09-20,137.78537937013954,138.14451762607175,135.85519274968732,137.80203247070312,34918000,137.80203247070312
2021-09-21,138.89243337180267,139.5809582012449,137.69151937862972,138.42604064941406,18130000,138.42604064941406
2021-09-22,138.82654722504842,140.3461392969907,138.25285455591955,139.706787109375,22068000,139.706787109375
2021-09-23,140.37189169449726,141.00923210218252,139.86337460722532,140.58700561523438,17272000,140.58700561523438
2021-09-24,139.71414602603298,141.65454191827,139.6194759667946,141.3863983154297,14950000,141.3863983154297
2021-09-27,140.34810805310997,141.2546207382182,139.2720997454011,140.2643585205078,18844000,140.2643585205078
2021-09-28,137.8729158935371,138.3863940780007,134.51402621091523,134.99380493164062,42190000,134.99380493164062
2021-09-29,135.91142762051436,136.1977067313931,133.0767244447802,133.34535217285156,26338000,133.34535217285156
2021-09-30,133.1510492766443,134.40499306888503,131.83763228088753,132.10081481933594,35294000,132.10081481933594
2021-10-01,132.38729209242433,135.87305410284495,132.2118370647147,135.26986694335938,28388000,135.26986694335938
2021-10-04,134.51355006643465,134.51404920579438,130.02017654670172,132.59596252441406,31530000,132.59596252441406
2021-10-05,132.82888647157216,136.16150327350928,132.82888647157216,134.9868621826172,24126000,134.9868621826172
2021-10-06,133.4489404053214,136.64724377561527,133.31114769726767,136.15359497070312,19764000,136.15359497070312
2021-10-07,137.64940963588154,138.92956590750174,137.35202846880932,137.96908569335938,18250000,137.96908569335938
2021-10-08,138.68327195842016,139.09067547228446,138.2107837101895,138.8319549560547,18924000,138.8319549560547
2021-10-11,138.57819277376515,139.53342429384222,137.5933759090817,137.63401794433594,16584000,137.63401794433594
2021-10-12,138.41712920246334,138.47413696410334,135.05923742550328,135.5181884765625,22536000,135.5181884765625
2021-10-13,136.546110701579,137.339121992083,135.77937228699494,136.69479370117188,16380000,136.69479370117188
2021-10-14,138.72888521865985,140.41354102767477,138.12125112412178,140.17613220214844,21426000,140.17613220214844
2021-10-15,140.95720367363785,140.95720367363785,139.83162960261564,140.43679809570312,21250000,140.43679809570312
2021-10-18,139.9793488715365,141.74899428980692,139.9793488715365,141.71107482910156,16564000,141.71107482910156
2021-10-19,142.0391975203335,142.84756120327143,141.84539533731044,142.5650634765625,15316000,142.5650634765625
2021-10-20,142.9620472019495,142.98707979248542,140.67173911038583,141.1703338623047,17940000,141.1703338623047
2021-10-21,140.94929611178756,141.60105101625186,140.3991387402378,141.53265380859375,14850000,141.53265380859375
2021-10-22,139.1243652827816,140.32131626970926,135.97166580894276,137.4134521484375,30182000,137.4134521484375
2021-10-25,137.59734371798118,137.98918316834994,135.5533684178351,137.56016540527344,21082000,137.56016540527344
2021-10-26,139.37716739560585,139.60861678470926,137.7906455113786,138.45132446289062,28258000,138.45132446289062
2021-10-27,138.6797838884467,147.8147426272006,138.6797838884467,145.14776611328125,51850000,145.14776611328125
2021-10-28,146.0116557404477,146.13606242469905,143.49832308448276,144.8518829345703,32418000,144.8518829345703
2021-10-29,144.24820527134028,147.3141757246461,143.8977943869837,146.9746551513672,28954000,146.9746551513672
2021-11-01,146.87008691094192,147.10254969039428,142.32466741929483,142.51747131347656,32272000,142.51747131347656
2021-11-02,143.54379994454104,145.6364486418198,143.3768756926407,144.58819580078125,21150000,144.58819580078125
2021-11-03,144.99662728897695,145.62658654218853,143.78580594541305,145.5071258544922,17886000,145.5071258544922
2021-11-04,145.9135042920165,148.63946995181294,145.3534398363894,147.383544921875,24700000,147.383544921875
2021-11-05,148.04819583441935,149.25481203480683,147.35281923055575,147.93667602539062,20408000,147.93667602539062
2021-11-08,148.68904974509343,149.7145086791722,147.81673581311722,148.0462188720703,18388000,148.0462188720703
2021-11-09,148.43727190974002,149.06423620474177,146.2178415985996,147.94412231445312,16876000,147.94412231445312
2021-11-10,146.7162086795891,147.40042280277424,144.05491885409214,145.3445587158203,22708000,145.3445587158203
2021-11-11,145.82134069530798,147.20439521771485,145.41245484895987,145.46548461914062,12464000,145.46548461914062
2021-11-12,146.53948969548247,148.54976540031132,145.174026254662,148.33763122558594,17048000,148.33763122558594
2021-11-15,148.68904829396303,149.16188442867957,147.35332138001854,148.0823974609375,16248000,148.0823974609375
2021-11-16,147.8667888600166,148.5230056867814,147.05346418077735,147.7731170654297,17254000,147.7731170654297
2021-11-17,147.92477940999694,148.3183128745136,147.26459972186728,147.7592315673828,15290000,147.7592315673828
2021-11-18,147.8425174714531,150.28498753659937,147.69631503494537,149.39186096191406,26658000,149.39186096191406
2021-11-19,149.6803136002846,150.52289095218111,148.57753343029532,148.6419677734375,19766000,148.6419677734375
2021-11-22,148.8295356147895,149.4270203237443,145.72068512344347,145.79306030273438,24608000,145.79306030273438
2021-11-23,145.82728721190873,146.40320317047326,143.62320922362144,145.47439575195312,18126000,145.47439575195312
2021-11-24,145.07094555394974,145.7152586747882,143.93000402310116,145.4352264404297,16464000,145.4352264404297
2021-11-26,143.74809971238372,144.02713365687606,141.24021255927767,141.5579071044922,16992000,141.5579071044922
2021-11-29,143.03738168416223,145.5784847441051,143.03738168416223,144.83702087402344,26276000,144.83702087402344
2021-11-30,144.17908833714895,145.34702899741532,140.82440313853803,141.20703125,41590000,141.20703125
2021-12-01,142.95213283952668,145.21880000592998,140.26334508376559,140.38031005859375,28476000,140.38031005859375
2021-12-02,140.58452312776336,143.41060453293966,139.74987144640286,142.51995849609375,21250000,142.51995849609375
2021-12-03,143.23264743291554,143.9438754686924,139.9163814707678,141.27490234375,26688000,141.27490234375
2021-12-06,142.31923570399286,143.08993708878327,139.4178143742438,142.53977966308594,22198000,142.53977966308594
2021-12-07,144.67443959952038,147.00390738431344,144.4291050922199,146.74270629882812,23258000,146.74270629882812
2021-12-08,147.0351532737779,147.8529401567476,145.91354178211503,147.42076110839844,18964000,147.42076110839844
2021-12-09,146.88099535272772,148.29750730560878,146.23966185587122,146.81161499023438,18580000,146.81161499023438
2021-12-10,147.79694486055797,148.09431090670998,146.06966559441244,147.3756561279297,21634000,147.3756561279297
2021-12-13,147.14664728635466,147.26411139234938,145.0808611410493,145.42234802246094,24104000,145.42234802246094
2021-12-14,143.5047735326543,144.1708976228927,140.99935135555714,143.70352172851562,24778000,143.70352172851562
2021-12-15,143.10430446422438,146.22800913901108,141.45832446170823,146.08056640625,27280000,146.08056640625
2021-12-16,146.78285389655562,147.2532094710235,142.83317995856643,143.57266235351562,27400000,143.57266235351562
2021-12-17,141.4672193895998,143.1975688935225,140.54881823987355,141.55494689941406,43404000,141.55494689941406
2021-12-20,139.45009237405213,141.36412493491144,139.02425098514053,141.15695190429688,20264000,141.15695190429688
2021-12-21,141.89891277709864,143.42748899134267,140.49628603975955,142.96006774902344,19548000,142.96006774902344
2021-12-22,142.84061892911416,146.0156135297722,142.7048076732995,145.6647186279297,18438000,145.6647186279297
2021-12-23,145.80397585589387,147.27412246393868,145.6665461813083,145.8565216064453,13818000,145.8565216064453
2021-12-27,146.174697063167,147.12927807897233,145.96306204592517,146.7699432373047,13256000,146.7699432373047
2021-12-28,147.0777368128196,147.0777368128196,144.66005772106337,145.16807556152344,18624000,145.16807556152344
2021-12-29,145.14977958346628,145.89742980794733,144.23286062214189,145.22412109375,17022000,145.22412109375
2021-12-30,145.1700697507742,145.77721971730963,144.4846154226943,144.7264862060547,12978000,144.7264862060547
2021-12-31,144.27201616887373,145.08584014533076,143.41308814822392,143.41506958007812,17298000,143.41506958007812
2022-01-03,143.21284605562658,144.2779640188264,142.2483576073186,143.80661010742188,25214000,143.80661010742188
2022-01-04,144.27843445959797,145.32866878647042,142.55923255428652,143.1543426513672,22928000,143.1543426513672
2022-01-05,142.92090276677456,143.03688457937403,136.32158603124802,136.45045471191406,49642000,136.45045471191406
2022-01-06,136.29581666924227,138.46519694933468,135.56823799024903,136.34884643554688,29050000,136.34884643554688
2022-01-07,136.69975630347483,137.04644634112273,134.60225208111177,135.80712890625,19408000,135.80712890625
2022-01-10,133.91827931737623,137.42833253415026,131.97689981922537,137.3629150390625,34096000,137.3629150390625
2022-01-11,136.97285702161864,139.10307772603082,135.61781479375114,138.79380798339844,23502000,138.79380798339844
2022-01-12,140.31736065879366,141.56610118620915,139.87872313538554,140.4100341796875,23642000,140.4100341796875
2022-01-13,140.60086209913936,141.93410846613614,137.6999402879094,137.9150390625,26566000,137.9150390625
2022-01-14,136.29831843474676,139.96647839052636,136.29831843474676,138.56483459472656,23826000,138.56483459472656
2022-01-18,135.40618480160649,136.19075620188337,134.4317740759864,135.09938049316406,27382000,135.09938049316406
2022-01-19,135.74171655907278,137.1899465221498,134.31578148430233,134.46644592285156,20796000,134.46644592285156
2022-01-20,135.32092932478682,136.70670639851258,131.98087064123405,132.33970642089844,21930000,132.33970642089844
2022-01-21,131.84952625845187,133.58274972471543,128.86485464530188,128.95504760742188,41920000,128.95504760742188
2022-01-24,124.92607613713514,129.63556168164376,123.55264130598036,129.23260498046875,55148000,129.23260498046875
2022-01-25,127.31303119496705,128.20813925032962,125.27351011926257,125.62788391113281,36008000,125.62788391113281
2022-01-26,129.4511463974917,131.64678410935423,126.04220716942817,128.1104736328125,39630000,128.1104736328125
2022-01-27,130.21292882019375,131.45097559028127,127.81805884395568,127.99251556396484,30248000,127.99251556396484
2022-01-28,128.86384734239766,132.2048890688023,127.56976068807809,132.12460327148438,30518000,132.12460327148438
2022-01-31,133.02513798633672,134.65626443383368,131.1179573029971,134.5125274658203,34056000,134.5125274658203
2022-02-01,136.63038494626073,136.99218531478255,133.3921808953898,136.67349243164062,51204000,136.67349243164062
2022-02-02,150.53625540104753,150.7706995972964,144.28536811177133,146.74270629882812,89750000,146.74270629882812
2022-02-03,144.02516672471867,147.8144656178996,140.9621759586774,141.40377807617188,56930000,141.40377807617188
2022-02-04,141.76708117558874,143.2720617327576,138.59555018877185,141.76609802246094,49224000,141.76609802246094
2022-02-07,142.45303907428868,142.58933435287565,137.48682996377403,137.72373962402344,44610000,137.72373962402344
2022-02-08,137.7765198485632,138.61496794140365,135.67677707540824,137.99632263183594,34256000,137.99632263183594
2022-02-09,139.61876713024913,140.93294032091603,139.15015098484724,140.2167510986328,28628000,140.2167510986328
2022-02-10,138.28082189669502,140.1949454330574,136.84349738235358,137.3911590576172,33018000,137.3911590576172
2022-02-11,137.53738192726018,138.06597045201428,132.12361113942117,132.957763671875,38808000,132.957763671875
2022-02-14,132.19993596480086,134.9764664569521,132.13699903508123,134.11753845214844,26792000,134.11753845214844
2022-02-15,136.27004851278815,136.694800925324,134.35494179983246,135.2332000732422,26578000,135.2332000732422
2022-02-16,135.23813501422367,136.74039290746853,133.64533628581003,136.28590393066406,25610000,136.28590393066406
2022-02-17,134.96011011906668,135.64358314019836,131.046615627387,131.15219116210938,30968000,131.15219116210938
2022-02-18,131.8748171039847,132.65444247359721,129.16822656940113,129.3272705078125,31858000,129.3272705078125
2022-02-22,128.8489893712749,130.74800273735107,126.62459766865797,128.27157592773438,38906000,128.27157592773438
2022-02-23,129.93293092364752,130.5975575810972,126.38917050595404,126.46995544433594,26432000,126.46995544433594
2022-02-24,123.90753362032183,131.8742949430465,123.67409527557949,131.5139617919922,43166000,131.5139617919922
2022-02-25,132.35854068682184,134.2057645230196,130.6134286532408,133.34385681152344,26236000,133.34385681152344
2022-02-28,132.11963123209497,134.45504324053616,131.6644011185735,133.71209716796875,29676000,133.71209716796875
2022-03-01,133.30470738800227,134.92144999135238,132.21283249862506,132.9954376220703,24640000,132.9954376220703
2022-03-02,133.43182445231696,134.4302694393548,132.26634930376272,133.57382202148438,23966000,133.57382202148438
2022-03-03,134.79010324923786,135.51898276008464,132.264866764264,133.1342010498047,19780000,133.1342010498047
2022-03-04,132.21679733647423,133.02615927362388,129.26877475452406,130.96730041503906,24446000,130.96730041503906
2022-03-07,130.75121246260815,130.75121246260815,125.30522481766135,125.35924530029297,39178000,125.35924530029297
2022-03-08,125.14711457764885,130.0994533159502,124.76076566466169,126.16613006591797,35250000,126.16613006591797
2022-03-09,130.25159370279795,133.0256431974666,128.95106373491254,132.696044921875,32258000,132.696044921875
2022-03-10,130.3135451952608,132.37140547732028,130.2525897077912,131.52239990234375,24266000,131.52239990234375
2022-03-11,132.8283935007495,133.02714169352703,129.157753361994,129.33518981933594,26600000,129.33518981933594
2022-03-14,129.43183400562268,129.880877842223,125.30819493763482,125.6333236694336,30254000,125.6333236694336
2022-03-15,126.62506339210388,129.37654549318614,125.46181950796888,128.5272979736328,30292000,128.5272979736328
2022-03-16,129.85510288658125,132.60188138163636,128.07182955074146,132.5220947265625,32058000,132.5220947265625
2022-03-17,132.1558204008862,133.56192599177672,131.55907670847736,133.42413330078125,23994000,133.42413330078125
2022-03-18,132.71391320438985,135.716931938303,131.77023739531847,135.6059112548828,45900000,135.6059112548828
2022-03-21,135.65151444738288,136.38009146373915,133.4350485170163,135.28573608398438,26632000,135.28573608398438
2022-03-22,135.30704635130257,140.26334841545287,135.30704635130257,139.05152893066406,29776000,139.05152893066406
2022-03-23,137.92247449371632,138.80121670159508,136.95896936635887,137.2930145263672,25302000,137.2930145263672
2022-03-24,138.05533028790427,140.16076050530833,136.83299855785734,140.07699584960938,20544000,140.07699584960938
2022-03-25,140.51511892866688,140.71882825685037,138.4785701624108,140.28465270996094,19270000,140.28465270996094
2022-03-28,139.4549837958434,140.73569976062188,138.60612925355323,140.7094268798828,23774000,140.7094268798828
2022-03-29,141.9093209625373,142.902562649628,141.23871984723044,141.99803161621094,28678000,141.99803161621094
2022-03-30,141.62136605739948,142.22653463524617,140.92550538275776,141.39784240722656,21046000,141.39784240722656
2022-03-31,141.2035342411188,141.3978203988925,138.39876511845563,138.4290008544922,29516000,138.4290008544922
2022-04-01,138.78633444193875,139.71812144520786,137.58393836660474,139.47030639648438,23480000,139.47030639648438
2022-04-04,139.5937504452006,142.7848691519828,139.5937504452006,142.3871307373047,19076000,142.3871307373047
2022-04-05,142.1462361538845,142.33506204370642,139.71169203757032,139.8301544189453,19256000,139.8301544189453
2022-04-06,137.94529412841638,138.6262865681323,135.22587712535216,135.97714233398438,23574000,135.97714233398438
2022-04-07,135.42403213022075,136.49807420581897,133.67867783446346,135.27236938476562,19448000,135.27236938476562
2022-04-08,135.05922394412897,135.05922394412897,132.58355361703886,132.83929443359375,16434000,132.83929443359375
2022-04-11,131.73848603743775,131.77734327126717,128.4846729366765,128.662109375,24188000,128.662109375
2022-04-12,131.26616524949836,131.26616524949836,126.46103435019731,127.25255584716797,23004000,127.25255584716797
2022-04-13,127.50235729310955,129.51387364429752,127.31610269800372,129.14735412597656,19542000,129.14735412597656
2022-04-14,129.50766908592192,129.56788343045616,126.00058812210578,126.1408462524414,23484000,126.1408462524414
2022-04-18,126.29647964825858,127.58710250712714,125.47219654507639,126.84265899658203,14918000,126.84265899658203
2022-04-19,126.95765014528786,129.75969708694345,126.33762083819697,129.3902130126953,22720000,129.3902130126953
2022-04-20,130.13662212166267,130.77052900975002,126.7763030347718,127.12467956542969,22610000,127.12467956542969
2022-04-21,128.21953098292744,129.16865186782377,123.56060284897806,123.84558868408203,30158000,123.84558868408203
2022-04-22,123.9075488106107,124.35560195570865,118.0992614566477,118.56861877441406,46410000,118.56861877441406
2022-04-25,118.3857303796866,122.20059910321865,117.73125288061445,122.17284393310547,34522000,122.17284393310547
2022-04-26,121.67721514259868,121.67721514259868,118.1204240836614,118.46156311035156,49394000,118.46156311035156
2022-04-27,113.37342622036772,116.47309638579071,112.13559101242998,114.01526641845703,62238000,114.01526641845703
2022-04-28,116.09144379779701,119.38589886099847,114.13757083499824,118.36787414550781,36790000,118.36787414550781
2022-04-29,116.55041870142567,117.92033676833051,113.69162103382509,113.96173858642578,33694000,113.96173858642578
2022-05-02,112.91099942660051,116.31399489564099,112.40842667530683,116.13308715820312,30280000,116.13308715820312
2022-05-03,115.74452252287324,118.25737132172826,115.60772810067884,117.09709930419922,21216000,117.09709930419922
2022-05-04,116.97219646374067,122.06677508730426,114.72699230159225,121.50373840332031,33232000,121.50373840332031
2022-05-05,119.1698108537917,120.1737160552426,114.17584682734919,115.7261734008789,43090000,115.7261734008789
2022-05-06,114.5093958063995,116.47159538863771,113.14542217818914,114.649169921875,35310000,114.649169921875
2022-05-09,112.3132595752208,114.55291253289992,111.5678329131017,112.0956802368164,34520000,112.0956802368164
2022-05-10,115.0263375504496,115.6711573964267,112.39236460513584,113.58306884765625,31158000,113.58306884765625
2022-05-11,112.71672017478961,115.65134167624763,112.6567478305693,112.96502685546875,36502000,112.96502685546875
2022-05-12,110.95970892633386,113.85269759182013,109.15115331818228,112.1720199584961,41464000,112.1720199584961
2022-05-13,113.84179697431954,117.05298707630313,113.00368912356797,115.49720764160156,29738000,115.49720764160156
2022-05-16,114.37559071539216,115.58839331708974,113.33575500382982,113.78926086425781,23282000,113.78926086425781
2022-05-17,116.20297588287787,116.20297588287787,114.32949438938233,115.68157196044922,21576000,115.68157196044922
2022-05-18,114.23036743097917,114.68450854368932,111.16191630318002,111.41865539550781,27982000,111.41865539550781
2022-05-19,110.86356421733835,112.59479873083923,109.50256252013523,109.77763366699219,29192000,109.77763366699219
2022-05-20,111.10591146366372,111.56635230691289,105.4433353596284,108.3576431274414,37586000,108.3576431274414
2022-05-23,109.14171524138817,111.0266010902115,108.20027059542987,110.69055938720703,31558000,110.69055938720703
2022-05-24,105.44779045696747,105.465131763809,101.31472857496544,105.00023651123047,60386000,105.00023651123047
2022-05-25,104.22309876177823,105.61354202907413,103.30048514564724,104.91450500488281,37900000,104.91450500488281
2022-05-26,105.12364425886327,108.00301207214704,104.56606036747041,107.34951782226562,30288000,107.34951782226562
2022-05-27,108.82899155218449,111.88157629314202,108.59258102635842,111.81318664550781,29924000,111.81318664550781
2022-05-31,112.09071895866325,115.41590124986891,111.58864540545407,113.04232788085938,51302000,113.04232788085938
2022-06-01,113.92705452154186,116.37298849002956,112.55811953431186,113.13949584960938,28630000,113.13949584960938
2022-06-02,113.19002408732845,116.8675985497647,112.31771026455822,116.71692657470703,27472000,116.71692657470703
2022-06-03,114.97875676930337,115.34750722200333,112.67457125119873,113.562744140625,25052000,113.562744140625
2022-06-06,115.72220611092368,118.35499171853519,115.50987529854974,115.98786163330078,23786000,115.98786163330078
2022-06-07,114.63728810673697,116.71957631535234,114.11935544276633,116.20496368408203,26414000,116.20496368408203
2022-06-08,115.8550498917262,117.60908590745517,115.67686472294142,116.21338653564453,22544000,116.21338653564453
2022-06-09,115.32471733517964,117.31566293550569,113.863101382796,113.91365814208984,23142000,113.91365814208984
2022-06-10,111.79557985607693,112.50507607566507,109.89211225490057,110.45365905761719,31324000,110.45365905761719
2022-06-13,106.50695515709816,108.2639631611865,105.65650505020588,105.94243621826172,36756000,105.94243621826172
2022-06-14,105.95581239517377,107.50961018600047,105.42251235956631,106.25715637207031,25480000,106.25715637207031
2022-06-15,107.947761297908,111.08361911860895,107.17383823992468,109.42573547363281,33192000,109.42573547363281
2022-06-16,107.20430176364356,108.33532859473377,104.86790660547429,105.70403289794922,35314000,105.70403289794922
2022-06-17,105.60392092138662,108.29468989789292,104.70538707070985,106.92279052734375,43516000,106.92279052734375
2022-06-21,108.7432448960006,111.68827245888832,108.33831438297412,111.03602600097656,39010000,111.03602600097656
2022-06-22,110.191480562353,112.77519949441772,109.75660923316755,111.05486297607422,23922000,111.05486297607422
2022-06-23,111.96285912055217,112.20721049624011,110.05865025230416,111.6996841430664,24710000,111.6996841430664
2022-06-24,112.61015411373832,117.60065480888689,112.61015411373832,117.50202941894531,39122000,117.50202941894531
2022-06-27,117.89556131613155,118.20781078355382,114.98695540953214,115.603271484375,32840000,115.603271484375
2022-06-28,115.3341253352535,116.82646850636334,111.4612736345962,111.58766174316406,28232000,111.58766174316406
2022-06-29,111.16836332743853,112.67111291470273,110.57906133031314,111.27542114257812,18628000,111.27542114257812
2022-06-30,109.53377536139816,110.35682581937664,106.37215139594988,108.4166259765625,38046000,108.4166259765625
2022-07-01,107.39017690627625,108.84668808625155,106.16894940684787,108.12767791748047,31028000,108.12767791748047
2022-07-05,106.57487317310614,113.05582662718372,105.32092176882958,112.89167785644531,36398000,112.89167785644531
2022-07-06,113.09486934190865,115.33511210246648,111.26946422387864,114.2065658569336,28852000,114.2065658569336
2022-07-07,114.9941325173665,118.81444617007978,114.52426852238395,118.2633056640625,32184000,118.2633056640625
2022-07-08,116.5226633805522,119.38244419762943,116.48697492046105,119.11827850341797,29082000,119.11827850341797
2022-07-11,117.6130284439508,117.75626627398823,115.2186349286919,115.50411987304688,26718000,115.50411987304688
2022-07-12,115.81736400502207,116.81952971086906,113.61329370945828,113.84574890136719,24970000,113.84574890136719
2022-07-13,111.6545655420108,114.1505566644243,110.84569528577522,111.20651245117188,38958000,111.20651245117188
2022-07-14,109.85740938629277,111.0087648084066,108.37002737400046,110.46604919433594,32366000,110.46604919433594
2022-07-15,111.97574982101048,113.00418857105622,110.84522195510992,111.78146362304688,34330000,111.78146362304688
2022-07-18,112.44857244209587,113.79668707417552,108.34475534708503,108.94942474365234,33354000,108.94942474365234
2022-07-19,110.75352145818985,113.80659756716412,109.5342679086254,113.6182632446289,30992300,113.6182632446289
2022-07-20,113.06314954297346,115.31331470178468,112.27014582555807,113.69755554199219,26780100,113.69755554199219
2022-07-21,114.0841501547198,114.2031041194054,110.93194949907256,114.03459167480469,27267800,114.03459167480469
2022-07-22,110.83281665879618,112.19084605285283,106.65961151747119,107.41297149658203,44455300,107.41297149658203
2022-07-25,107.92842485010071,109.6135719931085,106.0747728243234,107.2642822265625,28289900,107.2642822265625
2022-07-26,106.4910996299295,106.7983879181494,103.84443631229767,104.51849365234375,36626600,104.51849365234375
2022-07-27,108.64212885084231,113.40018138089451,107.47244137836292,112.60717010498047,41474600,112.60717010498047
2022-07-28,111.81416692091813,113.69755547537365,110.87345579677698,113.58851623535156,23303800,113.58851623535156
2022-07-29,112.40891666679441,115.87832762834537,112.24040423514228,115.62059783935547,31336200,115.62059783935547
2022-08-01,114.52029974869387,116.09640753765837,113.6876447377057,114.47074127197266,22856200,114.47074127197266
2022-08-02,113.42993092373163,116.0567725668897,113.26141846625367,114.8870849609375,17911000,114.8870849609375
2022-08-03,115.32322749623319,118.37631124242762,115.13489316910209,117.74190521240234,25302800,117.74190521240234
2022-08-04,117.26610524151326,118.45561466494495,116.6812576883792,117.83112335205078,15757700,117.83112335205078
2022-08-05,115.90807135513276,117.82120410552957,115.68999287124562,117.18679809570312,15615700,117.18679809570312
2022-08-08,118.0789289553604,119.80371974952797,116.80020226844992,117.10749053955078,17061100,117.10749053955078
2022-08-09,116.95881424064035,117.16697802025072,115.54131154477439,116.47309875488281,15424300,116.47309875488281
2022-08-10,118.54481709303896,120.71567959659068,118.31683145637865,119.5955581665039,20497000,119.5955581665039
2022-08-11,121.01307011596187,121.27079237197104,118.50518254158219,118.77281951904297,16671600,118.77281951904297
2022-08-12,120.1011185443355,121.57809448242188,119.34775849235072,121.57809448242188,16121100,121.57809448242188
2022-08-15,121.14192580458801,122.18275219149204,120.50751978906892,121.80606842041016,15525000,121.80606842041016
2022-08-16,121.25095866148799,122.15102016338842,120.47282326458145,121.43930053710938,15626200,121.43930053710938
2022-08-17,119.87310964095225,121.08244842969269,119.14948628675452,119.26844024658203,17589200,119.26844024658203
2022-08-18,119.17922731035603,120.62646641792479,118.50517001451564,119.80371856689453,15652000,119.80371856689453
2022-08-19,118.82239038262048,118.95125151585124,116.64161290053308,117.08768463134766,20187000,117.08768463134766
2022-08-22,115.08532033327036,115.48182596931335,113.66781778924998,114.06432342529297,19316000,114.06432342529297
2022-08-23,113.32088836077709,114.91681820606638,113.30106648041874,113.76695251464844,14390700,113.76695251464844
2022-08-24,113.44974046229062,114.70567315488582,112.78559786374227,113.69755554199219,16051200,113.69755554199219
2022-08-25,114.14363157077688,116.75064358595978,114.04450704766384,116.67134094238281,14874700,116.67134094238281
2022-08-26,114.79784885733015,115.58094537412246,110.24796787156922,110.3272705078125,31698700,110.3272705078125
2022-08-29,109.81182839268085,110.98151599371998,108.85030457283722,109.37567138671875,20386100,109.37567138671875
2022-08-30,110.05963145521252,110.39666389459045,107.84912519007679,108.94942474365234,20548200,108.94942474365234
2022-08-31,110.65438922237533,110.79316506519726,108.09694328843096,108.1960678100586,25898000,108.1960678100586
2022-09-01,108.24560922776956,110.24795903753072,107.24444188560403,109.58381652832031,22784400,109.58381652832031
2022-09-02,110.36691188951569,110.69899072630288,107.18496741516641,107.73016357421875,20618100,107.73016357421875
2022-09-06,107.1899389855295,107.92842309870538,105.57914093299841,106.54066467285156,20565100,106.54066467285156
2022-09-07,106.8182206305124,110.01998742171664,106.67448364033939,109.51445007324219,22987200,109.51445007324219
2022-09-08,108.22580660094977,109.61357261997608,107.11559227318544,108.46370697021484,21660700,108.46370697021484
2022-09-09,109.08818655140887,111.02114089003324,109.03862051699693,110.80306243896484,21732900,110.80306243896484
2022-09-12,111.01123459928353,111.65555528198423,109.96050114186475,110.89228820800781,19732900,110.89228820800781
2022-09-13,107.93834732349077,108.41415565618937,104.08234486631787,104.38963317871094,33015000,104.38963317871094
2022-09-14,104.51848282804806,105.17271065823253,103.58669577611738,104.9447250366211,22115800,104.9447250366211
2022-09-15,104.09225828369381,105.28176775645835,102.40711104077447,102.99195861816406,26494900,102.99195861816406
2022-09-16,102.0700914824939,103.1208251572948,100.96483817950704,102.72431945800781,64540100,102.72431945800781
2022-09-19,101.64383421219546,103.11089525200045,101.47532177269501,102.9423828125,19738600,102.9423828125
2022-09-20,101.98085939074723,102.26832579217736,100.23624666600145,100.9400405883789,24001700,100.9400405883789
2022-09-21,101.34647009122014,102.585545700189,99.1161339950762,99.1359634399414,26596800,99.1359634399414
2022-09-22,98.5808409587637,100.79135491565997,98.54119719907884,99.69105529785156,21272700,99.69105529785156
2022-09-23,99.1855047673484,99.23507080821905,97.15342565782426,98.30328369140625,25657000,98.30328369140625
2022-09-26,97.74818497353722,99.56219325237977,97.52019176251478,97.9464340209961,22437900,97.9464340209961
2022-09-27,99.03683597366701,99.58202468785298,96.48928933679002,97.23273468017578,24225000,97.23273468017578
2022-09-28,97.16332894420692,100.5137935178554,96.9452580361271,99.85955810546875,24617000,99.85955810546875
2022-09-29,98.43216648936256,98.43216648936256,95.6764560638636,97.23273468017578,21921500,97.23273468017578
2022-09-30,96.87587017637254,98.62445324409393,95.19072316823332,95.30967712402344,26277800,95.30967712402344
2022-10-03,96.37032853486774,99.09629438698964,96.17207193526565,98.4321517944336,24840000,98.4321517944336
2022-10-04,100.1569470936632,101.82226479119078,100.1569470936632,101.51497650146484,22580900,101.51497650146484
2022-10-05,99.81001761168504,101.84209700635007,98.86831564201552,101.32664489746094,18475500,101.32664489746094
2022-10-06,100.61292030230133,102.82343409565132,100.61292030230133,101.34645080566406,17156200,101.34645080566406
2022-10-07,99.77035392820018,100.53362105624399,98.34293663005306,98.69979095458984,24249900,98.69979095458984
2022-10-10,98.97734917535044,99.11612502597963,97.01465782347097,97.8473129272461,16529900,97.8473129272461
2022-10-11,97.39134141558918,99.24500122159895,96.40008094316588,97.1930923461914,21617700,97.1930923461914
2022-10-12,97.41115091749141,98.77711360406128,96.81639622216805,97.4408950805664,17343400,97.4408950805664
2022-10-13,95.09159934817245,99.65139514210331,94.43736393061825,98.83856201171875,32812200,98.83856201171875
2022-10-14,99.74556454104261,100.40475352727451,96.18198266492067,96.33067321777344,22624800,96.33067321777344
2022-10-17,98.6502406222596,100.88057672442173,98.6403334625176,99.89923095703125,23311600,99.89923095703125
2022-10-18,103.03160020597203,103.30915188587447,99.77035284168623,100.5038833618164,21610500,100.5038833618164
2022-10-19,99.81991072144835,100.77052900077092,98.76422362834491,99.41349792480469,21573700,99.41349792480469
2022-10-20,99.93887940516855,102.09982751329851,99.09630952561194,99.65141296386719,25125100,99.65141296386719
2022-10-21,97.59949847549899,100.73188498240941,97.37151281768823,100.59310913085938,28988700,100.59310913085938
2022-10-24,101.19776963439958,102.198944746349,99.42342019062397,102.07008361816406,24680800,102.07008361816406
2022-10-25,102.39718795083361,104.18145188238475,102.11962872516887,104.012939453125,29910200,104.012939453125
2022-10-26,95.91436548674716,97.6788079186838,93.74350263076903,93.99131774902344,71504300,93.99131774902344
2022-10-27,93.48576480578146,94.33824934478491,91.09683120245622,91.79071044921875,54036500,91.79071044921875
2022-10-28,91.7213091262071,96.01346779585653,91.51611752977033,95.73591613769531,35696900,95.73591613769531
2022-10-31,94.94290932085073,95.50792738337242,93.55514340296992,93.83270263671875,29868700,93.83270263671875
2022-11-01,94.7545721637579,95.32455139624557,89.63967274773212,89.70906066894531,43220600,89.70906066894531
2022-11-02,90.11547983812552,90.50207076012538,86.24956305541087,86.30903625488281,43553600,86.30903625488281
2022-11-03,85.59037413154081,85.79358431359609,82.72067125020101,82.76032257080078,48510400,82.76032257080078
2022-11-04,84.76268876010099,85.97202779850555,83.14692928041853,85.9422836303711,40173300,85.9422836303711
2022-11-07,86.57666520331702,88.16268762781351,86.19998903699258,87.8752212524414,26899900,87.8752212524414
2022-11-08,88.38078018590487,89.61489453387718,86.88397487633817,88.13296508789062,30172000,88.13296508789062
2022-11-09,87.7711439227049,88.70788463010285,86.596502854161,86.63615417480469,26743900,86.63615417480469
2022-11-10,91.53297661707984,93.72366863447803,90.84901212175248,93.34698486328125,42371200,93.34698486328125
2022-11-11,93.88227044746247,96.50911198841588,93.33708177164883,95.8846206665039,30569100,95.8846206665039
2022-11-14,94.66536047479416,96.33067811340389,94.28174170277006,95.19072723388672,24170100,95.19072723388672
2022-11-15,97.8076498423476,99.54235532932894,96.17206887065062,97.85721588134766,31831000,97.85721588134766
2022-11-16,97.16333889449542,98.9773472007372,97.04637392103429,98.12486267089844,24660200,98.12486267089844
2022-11-17,96.33067400515527,98.61057566695783,96.25137136795684,97.6391372680664,21818700,97.6391372680664
2022-11-18,98.14469858156274,98.29338916056004,95.89453314077225,96.94527435302734,24969900,96.94527435302734
2022-11-21,96.70734575275361,97.85721125125055,94.83386452047446,94.99246978759766,18696900,94.99246978759766
2022-11-22,95.31959734153253,96.69545960633542,93.58489175714192,96.4793701171875,18868900,96.4793701171875
2022-11-23,96.489283517161,98.20317661751953,96.489283517161,97.95635223388672,17568900,97.95635223388672
2022-11-25,97.60443967110425,98.07529435346162,96.677613730978,96.74700164794922,8567800,96.74700164794922
2022-11-28,96.3505078312445,96.97500672322975,95.05195912763283,95.4088134765625,19974500,95.4088134765625
2022-11-29,95.16098405757155,95.5475749502882,93.56505444908879,94.60588073730469,20220000,94.60588073730469
2022-11-30,94.2886825357181,100.5633544921875,93.8426108627236,100.5633544921875,39888100,100.5633544921875
2022-12-01,100.51381329308808,101.69340811117851,99.79018982151027,100.39485931396484,21771500,100.39485931396484
2022-12-02,98.50153713808496,100.2659792334706,98.3032805436667,99.94877624511719,18821500,99.94877624511719
2022-12-05,98.94265750047664,100.86074392056751,98.48667863204723,98.99717712402344,19955500,98.99717712402344
2022-12-06,98.79890851513773,99.3341899642338,95.91434508484375,96.45953369140625,20877600,96.45953369140625
2022-12-07,95.92425727904724,96.45953875624959,94.1945128708793,94.31842041015625,26647900,94.31842041015625
2022-12-08,94.8537046929061,95.032131857251,92.98022324864279,93.12890625,25593200,93.12890625
2022-12-09,93.07934732249565,93.66418729226271,92.20703338424484,92.25659942626953,21885300,92.25659942626953
2022-12-12,92.27642361877358,93.05456663431485,91.09682892871942,92.74231719970703,27380900,92.74231719970703
2022-12-13,97.21290547402958,98.92778926449232,94.54641262325887,95.0123062133789,34788500,95.0123062133789
2022-12-14,94.70499052527312,96.37030778986893,93.11897588344718,94.47699737548828,26452900,94.47699737548828
2022-12-15,92.72249194173223,93.20820738464596,89.63967171819472,90.40293884277344,28298800,90.40293884277344
2022-12-16,90.40293520704711,90.94813139033161,89.22334060741055,90.06591033935547,48485500,90.06591033935547
2022-12-19,90.08573332228431,90.40293631570829,88.14782518386009,88.37085723876953,23020500,88.37085723876953
2022-12-20,87.9545436967806,88.99536263923198,87.2705715612289,88.84667205810547,21976800,88.84667205810547
2022-12-21,88.9457906439147,90.12043168723397,88.13295749496473,89.46124267578125,20336400,89.46124267578125
2022-12-22,88.15277475778188,88.40058982147039,86.18016896838178,87.48863220214844,23656100,87.48863220214844
2022-12-23,86.85423797026273,89.31255949882848,86.85423797026273,89.02509307861328,17815000,89.02509307861328
2022-12-27,88.52945070774416,88.71779257573928,86.76996981018546,87.16151428222656,15470900,87.16151428222656
2022-12-28,86.73527253731199,87.74635467243779,85.6151511688363,85.70436096191406,17879600,85.70436096191406
2022-12-29,86.26940424439489,88.58399671542895,86.22975291496623,88.17262268066406,18280700,88.17262268066406
2022-12-30,86.60145306836833,88.05365332499343,86.26938177893565,87.95452880859375,19190300,87.95452880859375
2023-01-03,89.04490718163771,90.74987596631902,88.24198126255878,88.9160385131836,20738500,88.9160385131836
2023-01-04,90.2146017196898,90.44258735280854,87.03265707482767,87.93470001220703,27046500,87.93470001220703
2023-01-05,87.30029145831648,87.43906729075256,85.80348633679509,86.01165008544922,23136100,86.01165008544922
2023-01-06,86.59650740864384,87.6968070355479,84.82215042077799,87.38951873779297,26612600,87.38951873779297
2023-01-09,88.4154549815944,90.0361675581435,87.80583206412219,88.02391052246094,22996700,88.02391052246094
2023-01-10,85.96210992890943,88.69302982534067,85.94228048421238,88.4600830078125,22855600,88.4600830078125
2023-01-11,89.27291953460006,91.64203155973657,88.95571647240197,91.45369720458984,25998800,91.45369720458984
2023-01-12,91.59245831528006,91.81053680341643,89.77845005056355,91.10674285888672,22754200,91.10674285888672
2023-01-13,90.72807399921969,92.16738742533943,90.13530075430361,91.98896026611328,18630700,91.98896026611328
2023-01-17,91.96912209011565,92.15746395216588,90.0460748413952,91.35454559326172,22935800,91.35454559326172
2023-01-18,92.12774813096642,92.77007993785357,90.60120613892585,90.9778823852539,19641600,90.9778823852539
2023-01-19,90.59129100162534,93.57498704342282,90.58137627966512,93.08927154541016,28707700,93.08927154541016
2023-01-20,95.11143170301396,98.55110647747289,95.07178794247635,98.4123306274414,53704800,98.4123306274414
2023-01-23,98.26364640457192,100.51381187765003,97.88697015339524,100.32546997070312,31791800,100.32546997070312
2023-01-24,98.6799660900805,100.20650029998431,97.83738878320011,98.34293365478516,27391400,98.34293365478516
2023-01-25,96.35050669621924,96.86596633314176,94.42944811773769,95.8846206665039,31000900,95.8846206665039
2023-01-26,97.42106678205593,98.34293921757886,95.97382756678526,98.29338073730469,24542100,98.29338073730469
2023-01-27,98.1843381492177,100.69222555971872,98.10503550822004,99.82982635498047,29020400,99.82982635498047
2023-01-30,97.88200609103939,98.54019685348891,96.66770611078012,97.09394836425781,24365100,97.09394836425781
2023-01-31,97.00474163761426,99.0368284468499,96.9353537133471,98.99717712402344,22306800,98.99717712402344
2023-02-01,98.86831598945277,101.29690864982399,97.55985248705612,100.54354858398438,26392600,100.54354858398438
2023-02-02,105.85670828603394,107.86896586407268,105.60889316435001,107.8491439819336,46622600,107.8491439819336
2023-02-03,102.60536825671008,107.07594730858385,102.39720447590433,104.30042266845703,36823400,104.30042266845703
2023-02-06,101.78755380938658,103.78494255824143,101.31670671493748,102.5656967163086,25573000,102.5656967163086
2023-02-07,102.72430258906685,107.72025542914791,102.6430185181117,107.09576416015625,33738800,107.09576416015625
2023-02-08,101.79253042910247,102.6747515587043,97.59454213182441,99.12603759765625,73546000,99.12603759765625
2023-02-09,99.66132986079087,99.73071779208692,93.03970953234416,94.62572479248047,97798600,94.62572479248047
2023-02-10,94.90327419343475,96.17208637046994,93.70384994599627,94.03096771240234,49325300,94.03096771240234
2023-02-13,94.17965349117293,94.51667839982301,93.22804440692262,94.16973876953125,43116600,94.16973876953125
2023-02-14,93.83270413051802,94.34320258273415,91.84026879928935,94.12016296386719,42513100,94.12016296386719
2023-02-15,93.9119909419692,96.48926599639654,93.53531478168179,96.2513656616211,36964500,96.2513656616211
2023-02-16,94.70502410955223,97.02456992777064,94.14000595670028,94.94292449951172,35642100,94.94292449951172
2023-02-17,94.23912925927901,94.91318665763302,92.63328463189292,93.76332092285156,31095100,93.76332092285156
2023-02-21,92.425116261961,92.59858985457676,91.19595550102949,91.24552154541016,28367200,91.24552154541016
2023-02-22,91.13051989855494,91.55279925466432,90.07582356811066,90.99769592285156,29891100,90.99769592285156
2023-02-23,91.32481190374311,91.32481190374311,89.22334483453814,90.27407836914062,32423700,90.27407836914062
2023-02-24,88.84665107871821,89.34228119029522,88.08338403448435,88.56909942626953,31295600,88.56909942626953
2023-02-27,89.30264631353921,89.6595006645851,88.82684555395585,89.31256103515625,22724300,89.31256103515625
2023-02-28,88.7574508834549,90.650754181734,88.73762144172767,89.51081085205078,30546900,89.51081085205078
2023-03-01,89.37203926226681,90.40294339963894,89.06474340260571,89.71897888183594,26323900,89.71897888183594
2023-03-02,89.07465760706769,91.67176250353135,88.98544024100104,91.50324249267578,23328600,91.50324249267578
2023-03-03,91.92947601868929,93.28750532145524,91.85018094415247,93.19828796386719,30242500,93.19828796386719
2023-03-06,93.53532820361315,95.45837572267853,93.47585500206395,94.74466705322266,28288200,94.74466705322266
2023-03-07,94.58606029439431,95.250202910419,93.02383756044904,93.34698486328125,24101500,93.34698486328125
2023-03-08,93.5799305490023,95.39889235296232,93.5799305490023,93.82279205322266,25395200,93.82279205322266
2023-03-09,93.66418993238995,95.08169255928668,91.54785449463071,91.85018920898438,24438900,91.85018920898438
2023-03-10,91.69158305364057,92.36564039913816,90.0064434712548,90.21460723876953,32850100,90.21460723876953
2023-03-13,89.7734936016514,92.26651270978687,89.15395589957565,90.85892486572266,31508600,90.85892486572266
2023-03-14,92.2565973145623,94.00121758841422,91.9691309153747,93.42628479003906,32303900,93.42628479003906
2023-03-15,92.72250356852918,96.4000789371665,92.22687334263115,95.7061996459961,38367300,95.7061996459961
2023-03-16,95.72601935244823,101.07882718306936,95.03214007704344,100.18669128417969,54499500,100.18669128417969
2023-03-17,99.95869251931546,102.58553402388534,99.86948271572791,101.56453704833984,76140300,101.56453704833984
2023-03-20,100.17676250708118,101.68348238329911,99.90912555632339,101.0391616821289,26033900,101.0391616821289
2023-03-21,101.08874259028913,105.03395489042475,100.9697886153917,104.91500091552734,33122800,104.91500091552734
2023-03-22,104.22110836575092,106.57039802251852,103.29923597514247,103.30915069580078,32336900,103.30915069580078
2023-03-23,104.96455268231041,106.16496745494507,104.48875197288588,105.3313217163086,31385800,105.3313217163086
2023-03-24,104.81586127872438,105.2321963495059,103.8246009855876,105.13306427001953,25236200,105.13306427001953
2023-03-27,104.39953694723744,104.47883958815314,101.73304425749664,102.15928649902344,25393400,102.15928649902344
2023-03-28,102.09981025870542,102.09981025870542,99.40358104960605,100.4741439819336,24913500,100.4741439819336
2023-03-29,101.82226310610606,101.92138762734015,100.14703071520003,101.00942993164062,26148300,101.00942993164062
2023-03-30,100.55345561642191,100.72196806638749,99.41350466405403,100.43450164794922,25009800,100.43450164794922
2023-03-31,100.82109252996227,103.27942160453397,100.55345555445932,103.09107971191406,28108000,103.09107971191406
2023-04-03,101.77269730842954,104.03276967394318,101.4852309022593,103.99312591552734,20719900,103.99312591552734
2023-04-04,103.92371946788067,105.17270948226911,103.68581912890231,104.20127868652344,20377200,104.20127868652344
2023-04-05,105.19254857927487,105.60887610138671,103.19217991608376,104.03276824951172,21864200,104.03276824951172
2023-04-06,104.84560019078181,108.67186561172926,103.89895233761352,107.94824981689453,34684200,107.94824981689453
2023-04-10,106.45143861128447,107.02637137656859,104.6770818401104,106.0152816772461,19741500,106.0152816772461
2023-04-11,105.98555439849378,106.28293552743423,104.3598880357762,105.19255065917969,18721300,105.19255065917969
2023-04-12,106.45145596616659,106.64673287749031,104.05260756330016,104.30042266845703,22761600,104.30042266845703
2023-04-13,105.53949953381044,107.31881019636876,105.50976293084888,107.24446868896484,21650700,107.24446868896484
2023-04-14,106.74883694884414,108.62231853585376,106.64970485676449,108.50336456298828,20758700,108.50336456298828
2023-04-17,104.50856841095069,105.7773803203206,104.39952917848463,105.48991394042969,29043400,105.48991394042969
2023-04-18,106.06484520683229,106.11441124369735,103.86424627381494,104.20127868652344,17641400,104.20127868652344
2023-04-19,103.30418514554717,104.80099026700557,102.89281878973186,104.1021499633789,16732000,104.1021499633789
2023-04-20,103.73539661467376,105.95383623820902,103.7254818936634,104.97447204589844,22515300,104.97447204589844
2023-04-21,105.16279458189105,105.70799073560947,104.56308637551618,104.984375,22379000,104.984375
2023-04-24,105.12315547265155,106.38205269770543,104.4391834609859,105.84677124023438,21410900,105.84677124023438
2023-04-25,105.67826810525544,106.50101602316074,103.64618133215754,103.69574737548828,31408100,103.69574737548828
2023-04-26,104.63743176882296,106.08467085670995,102.36744484109471,103.5371322631836,37068200,103.5371322631836
2023-04-27,104.31033273269752,108.19607159300429,103.507406685193,107.42288970947266,38235200,107.42288970947266
2023-04-28,106.85785769181943,107.34357309547151,105.11323753888385,107.27418518066406,23957900,107.27418518066406
2023-05-01,106.77856859091963,107.73017764148547,106.5604900988223,106.7686538696289,20926300,106.7686538696289
2023-05-02,106.7190973620145,106.78848528689979,103.5867108952689,105.05377960205078,20343100,105.05377960205078
2023-05-03,105.29167518125442,107.18497850984541,104.69692048608978,105.19255065917969,17116300,105.19255065917969
2023-05-04,105.2321986629842,105.37097450205701,103.78495194799751,104.29049682617188,19780600,104.29049682617188
2023-05-05,104.3995304108784,105.50974462604046,103.82360692856399,105.28670501708984,20710600,105.28670501708984
2023-05-08,104.87038281844224,107.47244113559259,104.86542923946352,107.29401397705078,17266000,107.29401397705078
2023-05-09,107.82930580714213,109.6284458649774,106.78352577579433,106.99665069580078,24782400,106.99665069580078
2023-05-10,107.60130196893009,112.51795184686223,107.53191405470845,111.29869842529297,47533500,111.29869842529297
2023-05-11,114.8474375181161,117.40489132035786,113.92556498766695,115.87834930419922,57115100,115.87834930419922
2023-05-12,115.97745427183342,117.22644435847515,115.53139016510502,116.88941192626953,31293800,116.88941192626953
2023-05-15,115.47192681661164,117.75678243883246,115.46201965734396,115.93782043457031,22107900,115.93782043457031
2023-05-16,115.8089551966483,120.14075833628856,115.8089551966483,119.04045867919922,32370100,119.04045867919922
2023-05-17,119.12966302964531,121.21130814488535,118.41595440437081,120.41830444335938,26659600,120.41830444335938
2023-05-18,120.49761358802154,122.81716689097757,120.42822566150285,122.44048309326172,27014500,122.44048309326172
2023-05-19,123.11453828519082,125.37362006448755,121.64747713271785,122.17284393310547,30268900,122.17284393310547
2023-05-22,122.43057568775541,125.93963845617114,122.37109492034716,124.76995086669922,29760200,124.76995086669922
2023-05-23,123.83816805537447,124.32388355727183,121.97460113594998,122.2125015258789,24477900,122.2125015258789
2023-05-24,120.81481994417501,121.67721925126311,119.69469836733214,120.57691955566406,23087900,120.57691955566406
2023-05-25,124.11570623796197,124.87898093472371,121.82589727310922,123.26322174072266,33812700,123.26322174072266
2023-05-26,122.98071020410131,124.8987964437034,122.21248196740044,124.33377838134766,25154700,124.33377838134766
2023-05-30,125.18627079099284,125.27548059258994,121.81598408085841,123.55068969726562,27230700,123.55068969726562
2023-05-31,122.61891164548352,123.80842869406501,122.02415690255121,122.29180145263672,41548800,122.29180145263672
2023-06-01,122.42066647547684,123.9472084872315,122.22241740910542,123.28306579589844,25017700,123.28306579589844
2023-06-02,123.401998094208,125.63729500983469,123.26322225107968,124.13553619384766,19367500,124.13553619384766
2023-06-05,123.52093499228307,126.87139176917562,123.2929418170913,125.52327728271484,22672500,125.52327728271484
2023-06-06,125.49355051299511,127.75363031447755,124.8690592562988,126.79210662841797,19450100,126.79210662841797
2023-06-07,126.46003335664938,128.41777855519717,121.55825133575857,121.86554718017578,34179300,121.86554718017578
2023-06-08,121.51364417181618,122.64864146168156,120.9436725187558,121.597900390625,24815000,121.597900390625
2023-06-09,121.4888619960866,123.19879209258669,121.35008615676428,121.79615783691406,20304500,121.79615783691406
2023-06-12,122.31656630116841,123.65972738918312,121.28070106113655,123.26322174072266,22255700,123.26322174072266
2023-06-13,124.55186046543808,124.7600242246858,122.7626352889941,123.34252166748047,19287700,123.34252166748047
2023-06-14,122.71803585822775,123.69938149918744,121.0923694693327,123.29296112060547,24659600,123.29296112060547
2023-06-15,122.79733236674737,125.05741237137997,122.06380180779765,124.69064331054688,24517100,124.69064331054688
2023-06-16,125.59268823497007,125.59268823497007,122.70812443619545,122.97576141357422,56699200,122.97576141357422
2023-06-20,122.45535912478051,124.08102560205782,121.75651871642499,122.7676010131836,22698000,122.7676010131836
2023-06-21,122.15797115936775,122.33144474758176,119.80372780263806,120.20023345947266,22612000,120.20023345947266
2023-06-22,119.60547736671288,122.85184896022785,118.55473625389503,122.78742218017578,20781900,122.78742218017578
2023-06-23,120.97342375032582,122.36118986447458,120.79499657046789,121.94485473632812,29573100,121.94485473632812
2023-06-26,120.40442822167743,121.64746647255262,117.95006218807043,118.04918670654297,23185000,118.04918670654297
2023-06-27,116.81012162569162,118.84716204531384,115.888256716111,117.96990203857422,27221700,117.96990203857422
2023-06-28,116.92907723251989,120.21014677450165,116.57222287936405,120.02181243896484,19753100,120.02181243896484
2023-06-29,119.04043856517106,119.85327922199814,118.16813227674153,118.96114349365234,18517500,118.96114349365234
2023-06-30,120.04162662558682,120.9634990516996,119.82354813900069,119.91276550292969,23871800,119.91276550292969
2023-07-03,119.26846251368465,119.96234183543392,118.65883942652512,119.50636291503906,13888300,119.50636291503906
2023-07-05,119.01072664409193,122.2918038607223,119.01072664409193,121.55826568603516,17830300,121.55826568603516
2023-07-06,119.58564912785926,120.09119402860756,118.20779783360021,119.87311553955078,17732500,119.87311553955078
2023-07-07,119.83346449720223,120.68594901311299,119.04045318291247,119.09001922607422,20997700,119.09001922607422
2023-07-10,118.02937208629082,118.02937208629082,115.62060908196992,115.84860229492188,32960100,115.84860229492188
2023-07-11,115.73955724562396,117.1917499863888,114.81768484420216,116.6812515258789,18286600,116.6812515258789
2023-07-12,118.25736668219044,119.90285498487366,117.95998554229132,118.57456970214844,22059600,118.57456970214844
2023-07-13,120.4777815342303,124.23961267522864,120.00197324776718,123.73902893066406,31535900,123.73902893066406
2023-07-14,124.03639946912824,125.97926876295887,123.80841383368184,124.6014175415039,20499800,124.6014175415039
2023-07-17,124.95827848684898,126.16761733536083,123.4119147462424,123.9670181274414,20675300,123.9670181274414
2023-07-18,123.81338468145152,123.89764091175645,122.22241590223548,122.99559783935547,21045800,122.99559783935547
2023-07-19,123.69937503867098,124.37343235223162,121.39965142111987,121.70693969726562,22313800,121.70693969726562
2023-07-20,121.05271986958647,123.61016589263339,117.64773533453855,118.4853515625,27541700,118.4853515625
2023-07-21,119.8136482637292,120.23989054177105,118.02937650385246,119.25853729248047,56514600,119.25853729248047
2023-07-24,120.86041488691326,122.27196566691242,120.31918151935425,120.81481170654297,22276100,120.81481170654297
2023-07-25,120.8148149445869,122.60900141294452,120.46787531679952,121.71686553955078,31820800,121.71686553955078
2023-07-26,129.22068885334926,130.2218562766415,127.58511546496895,128.5268096923828,46216900,128.5268096923828
2023-07-27,130.64811033360834,132.43238189553338,128.05099806691618,128.73497009277344,35931600,128.73497009277344
2023-07-28,129.8253697136488,132.8982828598072,129.77580367088507,131.8475341796875,26971000,131.8475341796875
2023-07-31,131.8475384434933,132.66037921989317,130.9752395894599,131.94667053222656,18381900,131.94667053222656
2023-08-01,129.71136190894757,131.75831684200816,129.60728381289942,130.73731994628906,22154300,130.73731994628906
2023-08-02,128.70524891625976,129.28018177318555,126.7326428039432,127.51573944091797,22705800,127.51573944091797
2023-08-03,127.24807148662843,128.63584489044868,126.65827799967063,127.64458465576172,15018100,127.64458465576172
2023-08-04,128.4673441083417,130.77696735409975,127.19357096122604,127.41659545898438,20521900,127.41659545898438
2023-08-07,128.37814016328684,130.9058574289848,128.29883750931356,130.7869110107422,17621000,130.7869110107422
2023-08-08,129.83527490327583,130.7868914834383,128.99271269079944,130.68775939941406,16836000,130.68775939941406
2023-08-09,131.03469153585635,131.31224318876477,128.3731602523479,129.01251220703125,17745200,129.01251220703125
2023-08-10,130.816649783184,131.48773507973087,128.89856313006237,129.07203674316406,17855700,129.07203674316406
2023-08-11,128.07282152951012,129.30000843355853,127.62477594477717,129.03236389160156,15205500,129.03236389160156
2023-08-14,128.71516514703526,130.7571590899967,128.45742777045336,130.6778564453125,17526200,130.6778564453125
2023-08-15,130.43992531761194,130.8364384705286,128.68440738588893,129.1314697265625,14769200,129.1314697265625
2023-08-16,128.1501332282757,129.75398867829156,127.33730762939605,127.98162078857422,17548400,127.98162078857422
2023-08-17,129.30990193556374,131.33306455250042,128.71515483622414,129.31982421875,23665600,129.31982421875
2023-08-18,127.93205069638165,128.69532535533384,125.89005691762934,126.9903564453125,23627200,126.9903564453125
2023-08-21,126.73263668761777,128.1303098755545,126.04867217552805,127.80319213867188,21851100,127.80319213867188
2023-08-22,128.00144573148012,129.80553158903305,127.79823555754405,128.55654907226562,15557900,128.55654907226562
2023-08-23,129.70643169419316,132.89829144892593,129.36939165687684,132.04580688476562,26497000,132.04580688476562
2023-08-24,133.54951575537146,133.79038822894879,129.16120498525896,129.2801513671875,18680400,129.2801513671875
2023-08-25,129.0026096181027,130.2515921004189,126.9209570221445,129.5478057861328,20678100,129.5478057861328
2023-08-28,130.92567283304214,132.0755385041884,129.70642680050648,130.63819885253906,16715500,130.63819885253906
2023-08-29,131.8356374226288,136.09507999385735,131.81778941321838,134.3058624267578,30803300,134.3058624267578
2023-08-30,134.38514655837096,136.0504563596158,133.84093360061632,135.73324584960938,21773400,135.73324584960938
2023-08-31,135.85223130255977,137.19042367330252,135.62424566169528,136.1496124267578,28147900,136.1496124267578
2023-09-01,137.22017538347723,137.3688735246666,134.7519465693334,135.60443115234375,16671600,135.60443115234375
2023-09-05,135.24756847535383,136.16943336723784,134.37525450205308,135.5152130126953,17730200,135.5152130126953
2023-09-06,135.81753237152992,136.2784647910127,133.51285514868383,134.18690490722656,15814300,134.18690490722656
2023-09-07,133.4236513032612,135.3863425926654,132.78924527408853,135.00965881347656,16976000,135.00965881347656
2023-09-08,134.68256768276234,136.31319554193806,134.68256768276234,136.00094604492188,17810700,136.00094604492188
2023-09-11,136.17935476745046,137.05563159851593,135.3566068435059,136.5362091064453,17180800,136.5362091064453
2023-09-12,135.93154723146802,136.4370846042188,134.7420226183988,134.8808135986328,15212900,134.8808135986328
2023-09-13,134.71227150442587,136.4965431063944,133.75074778351595,136.2982940673828,16394900,136.2982940673828
2023-09-14,137.18050635036207,138.3303718784946,135.86212839360462,137.7752685546875,19064600,137.7752685546875
2023-09-15,137.58692345177175,138.14202676253095,135.98107158801173,137.09129333496094,48958800,137.09129333496094
2023-09-18,136.42716635742156,138.70705305450159,136.42716635742156,137.74554443359375,16233600,137.74554443359375
2023-09-19,137.04173591447164,137.95865471330762,136.2982906925125,137.61666870117188,15479100,137.61666870117188
2023-09-20,137.61666039411023,137.6265675513162,133.34433119654796,133.41371154785156,21473500,133.41371154785156
2023-09-21,131.23295678664977,132.02596808965254,129.94431530994933,130.2119598388672,22058400,130.2119598388672
2023-09-22,130.52917052997012,131.84754876103784,129.36939760311375,130.10293579101562,17348700,130.10293579101562
2023-09-25,129.62713399070734,131.06445862598295,128.89359580853846,131.014892578125,14650000,131.014892578125
2023-09-26,129.7698743529857,130.2565805806717,127.06968180632316,128.31866455078125,20378800,128.31866455078125
2023-09-27,128.30876101329426,130.56883373398065,128.249287803608,130.3111114501953,18764200,130.3111114501953
2023-09-28,129.5478290690914,133.00731831761533,129.5478290690914,131.9665069580078,18201400,131.9665069580078
2023-09-29,132.90816834635464,133.71108668173298,130.1722956618377,130.69766235351562,23237300,130.69766235351562
2023-10-02,131.0000282204524,134.17701989078594,130.91081840688267,133.98867797851562,19210400,133.98867797851562
2023-10-03,133.75072298558632,134.05802633332596,131.6542174767271,132.13497924804688,19628700,132.13497924804688
2023-10-04,132.49185063104667,135.37642163188747,132.26384987981876,135.07904052734375,22848000,135.07904052734375
2023-10-05,134.94027425498027,135.3070357388226,133.27991016862984,134.80149841308594,15922900,134.80149841308594
2023-10-06,133.76064775698683,137.96954055384634,133.76064775698683,137.51751708984375,20826700,137.51751708984375
2023-10-09,136.78400993441136,138.74670103147935,135.50527571744075,138.2808074951172,16599100,138.2808074951172
2023-10-10,138.29071722404535,139.50997826762912,137.2201542988026,137.98342895507812,19554900,137.98342895507812
2023-10-11,138.62774087050317,140.97702263404233,138.6178185885248,140.46156311035156,20146300,140.46156311035156
2023-10-12,140.91757089456675,141.13564937526945,138.23124876887368,139.06390380859375,18173100,139.06390380859375
2023-10-13,139.42075161178633,140.104723621523,136.76418133531337,137.3688507080078,19438700,137.3688507080078
2023-10-16,138.5088089430675,139.67354291701528,138.10240368177273,139.26217651367188,17345600,139.26217651367188
2023-10-17,138.80618068372837,140.01551947792626,137.3183070583131,139.75779724121094,17424000,139.75779724121094
2023-10-18,139.51989810529398,140.74906641830466,137.4927724487628,138.062744140625,18304900,138.062744140625
2023-10-19,138.5782217343304,139.77269245885785,137.38871215247113,137.765380859375,21831200,137.765380859375
2023-10-20,137.3787595900788,137.8248236942881,135.05425300627036,135.54493713378906,24970300,135.54493713378906
2023-10-23,135.0393907621647,137.80501555805037,133.9291840307185,136.69479370117188,20780700,136.69479370117188
2023-10-24,137.9437691883623,139.48022548030156,137.53734888767212,138.89537048339844,26535200,138.89537048339844
2023-10-25,128.6358633530218,128.96298109247005,124.98801730058946,125.56295013427734,58796100,125.56295013427734
2023-10-26,123.38218014319017,124.36352579733216,121.25096882341393,122.3611831665039,33907400,122.3611831665039
2023-10-27,122.94600918733391,123.35242952519297,120.39847061439922,122.32151794433594,37367700,122.32151794433594
2023-10-30,123.37225899254629,125.44399700189938,122.79732618969078,124.65098571777344,24165600,124.65098571777344
2023-10-31,125.16643404055745,125.45390043344618,122.8419350029773,124.20491790771484,21123400,124.20491790771484
2023-11-01,124.24456429420401,126.6235905635554,123.83319791852936,126.455078125,26536600,126.455078125
2023-11-02,128.42769929992053,128.95306611945972,126.99037469692777,127.45626831054688,24091700,127.45626831054688
2023-11-03,127.9617940500733,129.5874604076053,127.88249140757996,129.23060607910156,19529400,129.23060607910156
2023-11-06,129.0819319083161,130.41021722872426,128.79445791893266,130.30117797851562,15360400,130.30117797851562
2023-11-07,130.8265465822956,132.11518815915264,129.99389145587122,131.2428741455078,19223800,131.2428741455078
2023-11-08,131.2032238852174,132.37290386791256,131.0049748352357,132.09535217285156,15093600,132.09535217285156
2023-11-09,132.1944807262997,132.78924298577664,130.36064303077296,130.53907775878906,17976500,130.53907775878906
2023-11-10,130.38047909922955,133.0965380382454,129.72624360564106,132.88836669921875,20872900,132.88836669921875
2023-11-13,132.19447895572532,132.9379242073977,131.6096389878468,132.47203063964844,16409900,132.47203063964844
2023-11-14,134.46444687325533,136.04056216621103,133.91926583605587,134.24636840820312,22317300,134.24636840820312
2023-11-15,135.44580205783043,135.64405108582213,134.14725353023894,135.18807983398438,15840900,135.18807983398438
2023-11-16,135.76302488993875,137.66624295668237,134.89071093731067,137.48780822753906,17615100,137.48780822753906
2023-11-17,136.61552388397578,136.79394350660203,134.29596291179467,135.7432098388672,25565300,135.7432098388672
2023-11-20,134.31578181657258,137.21522146020882,134.30587465790438,136.71463012695312,19569400,136.71463012695312
2023-11-21,136.73445850619305,137.75049434008739,136.5015117131212,137.40850830078125,17648100,137.40850830078125
2023-11-22,137.88433734918357,139.86685828806222,137.78520525206588,138.79629516601562,17306400,138.79629516601562
2023-11-24,138.3204644817207,138.45627574277992,136.2685633942913,137.0120086669922,8828600,137.0120086669922
2023-11-27,136.36768988071788,138.4096837258101,136.33793815563348,136.84349060058594,17886400,136.84349060058594
2023-11-28,136.4271702101053,137.44816718601172,135.84231509370323,137.40850830078125,17046900,137.40850830078125
2023-11-29,137.7703155720554,138.44932646818887,135.103822902957,135.20790100097656,21014700,135.20790100097656
2023-11-30,135.2078939737662,135.76301242702735,131.62944381532944,132.74957275390625,29913500,132.74957275390625
2023-12-01,132.15484619140625,132.33326580644277,130.9970396237393,132.15484619140625,24268000,132.15484619140625
2023-12-04,130.14654059904797,130.30116789390306,128.2690811838875,129.48834228515625,24117100,129.48834228515625
2023-12-05,129.23059078281761,132.37288388319715,128.59618484339447,131.23294067382812,19235100,131.23294067382812
2023-12-06,131.73848005913922,132.1449003883007,130.1623799050906,130.2813262939453,16360600,130.2813262939453
2023-12-07,135.4061676915051,138.7764467773536,135.03939108258524,137.239990234375,38419400,137.239990234375
2023-12-08,134.47438511479612,136.78402358663217,134.38517531180534,135.44581604003906,23016100,135.44581604003906
2023-12-11,132.65046729061874,133.611975914673,131.7285872999396,133.52276611328125,24502900,133.52276611328125
2023-12-12,132.1052691556284,133.36415889148236,131.66911218791142,132.47203063964844,26584000,132.47203063964844
2023-12-13,133.3691355525454,133.60208236352648,131.7880739233103,132.79916381835938,25414500,132.79916381835938
2023-12-14,133.59217483571874,133.85485824946784,129.91459191779703,132.035888671875,29619100,132.035888671875
2023-12-15,131.75831518059928,133.6516259538092,131.470856353328,132.67027282714844,58594000,132.67027282714844
2023-12-18,132.69011372626323,137.17061483354962,132.6009039230718,135.9910125732422,25699800,135.9910125732422
2023-12-19,136.79391906897746,137.55719372209188,136.24872288818145,136.89305114746094,20661000,136.89305114746094
2023-12-20,139.10356521965628,141.82754972090044,138.19160752261357,138.43942260742188,33507300,138.43942260742188
2023-12-21,139.53973296226616,140.78871564097312,139.24533152286742,140.56072998046875,18101500,140.56072998046875
2023-12-22,140.8878315607238,141.99803825880454,140.81347493772975,141.47267150878906,18513500,141.47267150878906
2023-12-26,141.73042857086685,142.68700649267558,141.2546277441139,141.57183837890625,11170100,141.57183837890625
2023-12-27,141.58170861587152,142.06743160168645,139.81824966799448,140.203857421875,17288400,140.203857421875
2023-12-28,140.6102678937165,141.02659536998868,139.59719680540556,140.0452423095703,12192500,140.0452423095703
2023-12-29,139.45048815403555,140.19889450140815,138.67730634997346,139.69830322265625,14881000,139.69830322265625
2024-01-02,138.37994513747063,139.38607374573135,136.53620035836758,138.3402862548828,20071900,138.3402862548828
2024-01-03,137.38868804237762,139.85691658836782,137.2201604755854,139.13330078125,18974300,139.13330078125
2024-01-04,138.6277663308711,139.4058942121626,136.80383578715845,136.8335723876953,18253300,136.8335723876953
2024-01-05,137.14283738911672,137.59682718360355,135.65396564431214,136.18923950195312,15439500,136.18923950195312
2024-01-08,136.79393131688138,139.41085809357833,136.67498491239655,139.30181884765625,17645300,139.30181884765625
2024-01-09,138.83593579639043,141.5519948665153,138.5682912405603,141.3140869140625,19579700,141.3140869140625
2024-01-10,141.27441622899556,143.26188276132598,141.21494303357457,142.54322814941406,16641900,142.54322814941406
2024-01-11,143.62866761212564,145.37824146351068,140.97208210205216,142.41436767578125,17471100,142.41436767578125
2024-01-12,143.07853286547123,143.4750461294407,142.10710183825628,142.9794158935547,13998700,142.9794158935547
2024-01-16,142.17645725363013,144.5653982014382,141.80573292045227,142.82078552246094,19198900,142.82078552246094
2024-01-17,141.66101901714404,142.15664918783554,139.28198512256546,141.6411895751953,17884500,141.6411895751953
2024-01-18,142.1863828331688,144.31264045636914,142.09717303440206,143.72283935546875,18876800,143.72283935546875
2024-01-19,145.02631636729132,146.74615342009713,144.5257402513544,146.67677307128906,27181000,146.67677307128906
2024-01-22,147.41032769509755,148.70391514242215,146.2901987020772,146.4190673828125,21829200,146.4190673828125
2024-01-23,146.42896807050465,147.55900417155925,145.90360133824257,147.3805694580078,14113600,147.3805694580078
2024-01-24,148.9764919060088,150.24531890383446,148.53042783180328,149.03598022460938,19245000,149.03598022460938
2024-01-25,150.4138375057145,153.40743260474687,149.89837793468038,152.29722595214844,21495100,152.29722595214844
2024-01-26,151.53394997542952,152.76311813381363,151.46456962297142,152.44590759277344,19494500,152.44590759277344
2024-01-29,152.2972307859903,153.84359442274217,151.5835221651153,153.4867401123047,20909300,153.4867401123047
2024-01-30,152.6639884722658,153.68498533855714,151.43978143592582,151.71238708496094,26578900,151.71238708496094
2024-01-31,144.11935124295863,144.31760030102478,140.31291487652766,140.56072998046875,43908600,140.56072998046875
2024-02-01,142.43418408080373,143.3560488293971,141.01667409452162,141.46275329589844,25526900,141.46275329589844
2024-02-02,139.65868824249114,142.62256251903412,136.96245853032548,142.2855224609375,42136100,142.2855224609375
2024-02-05,142.78112429140046,145.38814367187132,142.6522707400995,143.66334533691406,29254400,143.66334533691406
2024-02-06,144.68437164885762,145.45755353484284,143.2569542822901,144.13917541503906,21517700,144.13917541503906
2024-02-07,144.8429526728496,145.7152665919054,143.9409172797519,145.39805603027344,21436100,145.39805603027344
2024-02-08,145.68554975530893,146.3199558392007,145.14035348194082,145.93336486816406,18241300,145.93336486816406
2024-02-09,146.65698474756667,149.37800504594722,146.1415250637003,148.9071502685547,21877700,148.9071502685547
2024-02-12,148.23306371426781,149.27389009021647,147.26163282191752,147.43014526367188,17236100,147.43014526367188
2024-02-13,144.79342375500485,146.7461929606756,143.84180705096725,145.09078979492188,18138500,145.09078979492188
2024-02-14,146.08203533172977,146.53802175538772,144.28289534694625,145.8540496826172,16651800,145.8540496826172
2024-02-15,143.19746641562028,143.49483239867624,140.64001308331868,142.6820068359375,26724300,142.6820068359375
2024-02-16,142.9496725290305,143.21730195343935,140.28317956599855,140.5210723876953,21865100,140.5210723876953
2024-02-20,139.70821667493294,142.07632969777012,139.5694408502944,140.9571990966797,18625600,140.9571990966797
2024-02-21,141.39337634203244,142.72166158678172,140.66976051846495,142.5828857421875,16440800,142.5828857421875
2024-02-22,144.84296877555562,144.92227142477998,142.75140866924403,144.0499725341797,23024700,144.0499725341797
2024-02-23,143.7030224304543,144.67941453648643,143.524587691947,144.0202178955078,14519400,144.0202178955078
2024-02-26,142.19632078346268,142.582911787266,137.52749213179456,137.5373992919922,33513000,137.5373992919922
2024-02-27,138.19160777857735,139.26217076198412,137.28955723810049,138.87557983398438,22364000,138.87557983398438
2024-02-28,137.88431512221896,138.06273471774827,135.44580810529465,136.22889709472656,30628700,136.22889709472656
2024-02-29,137.1408849883067,138.7268925830936,136.36770307169343,138.55838012695312,35485000,138.55838012695312
2024-03-01,138.38984166740377,138.7764325530701,136.7691366323855,136.8732147216797,28551500,136.8732147216797
2024-03-04,135.34669113925463,135.43591607241564,131.69886005257868,133.0271453857422,43571500,133.0271453857422
2024-03-05,131.57990521026304,132.84871725696593,130.40030296557063,132.61080932617188,28447600,132.61080932617188
2024-03-06,133.0667838561324,133.5624139902615,130.79678937157965,131.40145874023438,23175200,131.40145874023438
2024-03-07,132.71983701818613,134.63297720556133,131.50059112053717,134.05804443359375,24107300,134.05804443359375
2024-03-08,133.85485540242,137.7703310643451,133.6219085970361,135.098876953125,26495200,135.098876953125
2024-03-11,135.87207114702375,138.756627433927,135.87207114702375,137.72572326660156,22536400,137.72572326660156
2024-03-12,137.0417280683041,139.05398514382955,137.00208431392602,138.39974975585938,19019700,138.39974975585938
2024-03-13,138.83590196801708,140.94729104595734,138.78633593265394,139.53970336914062,19637000,139.53970336914062
2024-03-14,141.05635717869322,143.46511267739785,140.2484775370133,143.07852172851562,36117900,143.07852172851562
2024-03-15,142.15665858409102,143.07852350230291,139.8965860663864,140.927490234375,41039500,140.927490234375
2024-03-18,148.06456369569878,151.59344836130646,146.84531761751043,147.18234252929688,47676700,147.18234252929688
2024-03-19,147.67797669242347,148.31238277148202,145.7251924079676,146.6272430419922,17748400,146.6272430419922
2024-03-20,147.48962032713732,148.45114407345028,146.37445243712375,148.37184143066406,17730000,148.37184143066406
2024-03-21,149.0062719972135,149.98264898003012,146.71644774619688,147.44007873535156,19843900,147.44007873535156
2024-03-22,148.9269611242915,151.22667728180076,148.77826299583788,150.44358825683594,19252900,150.44358825683594
2024-03-25,149.63073046892126,150.13230488415985,147.49952699930483,149.8289794921875,15114700,149.8289794921875
2024-03-26,149.9181895707631,151.8610509820764,149.71001828540767,150.37416076660156,19312700,150.37416076660156
2024-03-27,150.81533179795352,151.35556695106817,148.81794251149168,150.61212158203125,16622000,150.61212158203125
2024-03-28,150.67158376635552,151.33572643237886,150.00744110033216,150.92930603027344,21105600,150.92930603027344
2024-04-01,150.50307861482872,155.62789341740714,150.32464386543003,155.13226318359375,24469800,155.13226318359375
2024-04-02,153.39752952395162,154.62669772587404,152.11881040798872,154.5077362060547,17598100,154.5077362060547
2024-04-03,153.56606286340192,155.18182219247618,152.7849552165056,155.00338745117188,17266200,155.00338745117188
2024-04-04,153.72467892204847,154.8150563880418,150.55264837257786,150.61212158203125,24184800,150.61212158203125
2024-04-05,150.3543466588456,153.48673266226265,149.76058274028622,152.5946044921875,16297300,152.5946044921875
2024-04-08,152.66896237878643,155.28588910082973,152.6441869201805,154.775390625,16641500,154.775390625
2024-04-09,155.97483024941258,158.49262501440663,155.27102870905213,156.75791931152344,21521500,156.75791931152344
2024-04-10,156.50016769088134,156.77771934123584,154.83484266332374,156.28208923339844,16339200,156.28208923339844
2024-04-11,156.95618047864298,159.71188339783848,156.54976005250114,159.384765625,17841700,159.384765625
2024-04-12,158.01185391610946,160.28679459040544,157.2138965994434,157.79873657226562,16989800,157.79873657226562
2024-04-15,158.8792051533479,159.42440136223684,154.78529513302007,154.96372985839844,21140900,154.96372985839844
2024-04-16,154.27975761360125,155.85585791287042,153.694917647271,154.63661193847656,15413200,154.63661193847656
2024-04-17,155.81622996471168,157.29419660901019,154.77044234212494,155.50894165039062,16237800,155.50894165039062
2024-04-18,155.55353438414494,157.09989811937365,154.8447868597372,156.0838623046875,14016100,156.0838623046875
2024-04-19,156.3713272147928,156.60923515460206,152.5648909304448,154.35906982421875,21479900,154.35906982421875
2024-04-22,154.64650230340214,157.79375654380567,154.29957029980665,156.56954956054688,17243900,156.56954956054688
2024-04-23,157.20399117091563,159.0774728168216,156.58445338952566,158.52236938476562,16115400,158.52236938476562
2024-04-24,157.69960415178363,159.97950596308132,157.43197474980064,159.69204711914062,19485700,159.69204711914062
2024-04-25,152.01966875653784,156.89666724994652,151.43284742229648,156.56954956054688,36197800,156.56954956054688
2024-04-26,174.4519296162936,174.87816434366184,169.9020327186937,172.17202758789062,56500800,172.17202758789062
2024-04-29,169.2775603759258,169.88222988792856,165.59997725365952,166.43263244628906,35914600,166.43263244628906
2024-04-30,165.91713874203646,168.38536698394836,163.06230449792292,163.20108032226562,29420800,163.20108032226562
2024-05-01,164.72762482687668,167.33464418373774,163.4588128880878,164.1229705810547,25223200,164.1229705810547
2024-05-02,165.21336736547428,167.05711229565978,164.24193641851772,166.98773193359375,17041100,166.98773193359375
2024-05-03,168.05825782488054,168.36556121084215,163.53811345935839,167.51307678222656,22767100,167.51307678222656
2024-05-06,167.74107947622002,168.41512926140294,166.42270138121285,168.3457489013672,15147900,168.3457489013672
2024-05-07,168.63321065643325,171.9539389727334,168.514264251218,171.4682159423828,21102400,171.4682159423828
2024-05-08,169.2577031653874,170.40657051209982,169.03169895380995,169.66412353515625,14569900,169.66412353515625
2024-05-09,169.65420976164222,170.93294413546204,168.44487087535623,170.08045959472656,11937700,170.08045959472656
2024-05-10,168.2069649236253,169.84253838981095,166.4425227766186,168.8017120361328,18740500,168.8017120361328
2024-05-13,164.39755496461115,169.45595337156058,164.31130974822378,169.40638732910156,19648600,169.40638732910156
2024-05-14,170.0903737651256,171.269976098362,168.93060087563532,170.42739868164062,18729500,170.42739868164062
2024-05-15,170.79415842112346,172.52490114080777,170.52651389606083,172.3603515625,20958200,172.3603515625
2024-05-16,173.0740568008917,174.79884006624093,172.5288606033374,173.89678955078125,17247300,173.89678955078125
2024-05-17,174.01575623428218,175.94374973614293,173.45073057857905,175.74053955078125,16546400,175.74053955078125
2024-05-20,175.76035594599398,178.3772824521741,175.67610729333714,176.9003143310547,17495100,176.9003143310547
2024-05-21,176.84083481333153,178.2484377763249,175.7603646960069,177.9708709716797,14706000,177.9708709716797
2024-05-22,176.84084930610737,177.28891001821344,175.23501229827983,176.44435119628906,16189400,176.44435119628906
2024-05-23,177.21750331635036,178.33763222022472,173.01455448159984,173.53001403808594,14928400,173.53001403808594
2024-05-24,174.97728231744108,175.75442704863116,173.6688113870053,174.7889404296875,11403600,174.7889404296875
2024-05-28,174.20409996736032,176.9498802562141,174.14461164078753,176.46417236328125,15655300,176.46417236328125
2024-05-29,175.26475409299957,176.67234208762207,174.71955783177125,175.84959411621094,15023800,175.84959411621094
2024-05-30,175.1457862001414,175.1457862001414,171.7160188800634,172.0431365966797,18826300,172.0431365966797
2024-05-31,171.88454821575706,172.89563806420742,169.47579269126953,172.43966674804688,28085200,172.43966674804688
2024-06-03,172.36035594451104,174.32304721885995,170.94284576689097,172.8956298828125,20742800,172.8956298828125
2024-06-04,172.92536138054135,173.65889946920606,171.70611541091074,173.59942626953125,14066600,173.59942626953125
2024-06-05,174.99213306999124,176.41458911847658,173.75800376494186,175.5224609375,15233900,175.5224609375
2024-06-06,175.87931744664135,177.1481446158565,175.6612540840396,176.79129028320312,14255800,176.79129028320312
2024-06-07,176.90030426011884,177.85190559431985,174.2536261811355,174.4122314453125,14716300,174.4122314453125
2024-06-10,175.10693045082377,177.11155926219143,173.0526943334875,175.2855682373047,17099800,175.2855682373047
2024-06-11,176.36725547203804,177.03215383697466,174.10461128780346,176.83367919921875,14402400,176.83367919921875
2024-06-12,178.38182405076157,180.69409095849537,176.4268175910606,178.19326782226562,18600400,178.19326782226562
2024-06-13,176.48633240462576,177.1512307513976,175.31532147400654,175.39471435546875,15956900,175.39471435546875
2024-06-14,174.51350471049312,177.36958956162167,174.51350471049312,177.0123291015625,12361600,177.0123291015625
2024-06-17,175.63288737998164,178.55051157567502,175.14662677579585,177.419189453125,15272900,177.419189453125
2024-06-18,177.42910340002112,177.54820029698303,174.2832342014271,175.10691833496094,15640300,175.10691833496094
2024-06-20,175.36497237449527,177.37951974774097,175.11687525815813,176.35736083984375,16753200,176.35736083984375
2024-06-21,177.13139255285805,181.12276628974172,176.70465771104568,178.88790893554688,58903200,178.88790893554688
2024-06-24,179.90017042739453,180.69408418689807,178.8581595644615,179.4138946533203,18198300,179.4138946533203
2024-06-25,179.76619471407545,184.33613889740573,179.72649069957316,184.1674346923828,18797000,184.1674346923828
2024-06-26,182.7979527200758,184.51478052923957,182.58955962174272,183.95904541015625,13375700,183.95904541015625
2024-06-27,184.23191976466768,186.0727957170214,184.0383967886534,185.4376678466797,13025700,185.4376678466797
2024-06-28,184.30637637214596,185.15983100885668,181.92960189469738,182.0238800048828,23032400,182.0238800048828
2024-07-01,183.0757903026091,183.9292448507834,181.3391107685162,183.08572387695312,11815900,183.08572387695312
2024-07-02,182.07350664528548,185.5270141451925,181.6666237543443,185.18960571289062,12555500,185.18960571289062
2024-07-03,184.88195388983746,186.19189864656363,183.9739100635362,185.96365356445312,7409100,185.96365356445312
2024-07-05,185.89421937532865,190.79660580032652,185.89421937532865,190.4989013671875,14303400,190.4989013671875
2024-07-08,189.9084095240103,190.22001487481134,187.87897708549795,189.03013610839844,12097600,189.03013610839844
2024-07-09,190.29044364263603,191.39199518676847,188.7820092888144,188.99041748046875,10198500,188.99041748046875
2024-07-10,189.29807710432445,191.83858884866817,189.1690617736268,191.19354248046875,12052900,191.19354248046875
2024-07-11,189.88358620561152,190.94544902508252,185.39800169660828,185.8743438720703,16452000,185.8743438720703
2024-07-12,185.4972406571167,187.2537723910623,184.72317890506855,185.35830688476562,14449100,185.35830688476562
2024-07-15,185.07051117167492,188.45454397934785,185.07051117167492,186.757568359375,12186000,186.757568359375
2024-07-16,187.52171364663334,188.89119930453398,183.71093078546045,184.08804321289062,12760100,184.08804321289062
2024-07-17,183.27428289618683,183.82009954606394,180.23757680750992,181.22996520996094,17376600,181.22996520996094
2024-07-18,182.14296023259445,182.64908800777448,176.85354338730252,177.85585021972656,17877200,177.85585021972656
2024-07-19,178.99707242469538,180.58489975819873,177.49857154640128,178.0245361328125,14485900,178.0245361328125
2024-07-22,180.96201840623203,182.89717262519915,180.5154315426945,181.95440673828125,16303900,181.95440673828125
2024-07-23,182.44066289225518,183.8101636028194,181.934550306572,182.20249938964844,23772600,182.20249938964844
2024-07-24,174.05502619977898,176.59553845066563,172.24888692311478,173.04278564453125,31250700,173.04278564453125
2024-07-25,172.92367446263643,173.86644039100563,167.7632579376176,167.87242126464844,28967900,167.87242126464844
2024-07-26,167.48538358749235,168.5472312320818,164.60249668487512,167.39605712890625,25150100,167.39605712890625
2024-07-29,169.20221358987143,170.84958188427728,168.42815188867243,169.82742309570312,13768900,169.82742309570312
2024-07-30,170.52207892842762,171.63354894959585,168.82508831722515,170.55184936523438,13681400,170.55184936523438
2024-07-31,173.58857822803412,174.57104820170923,170.41293835612595,171.83204650878906,15650200,171.83204650878906
2024-08-01,170.6709511230792,174.3427851386435,169.2121389779332,171.1373748779297,17177800,171.1373748779297
2024-08-02,166.90980150334516,168.91443024023945,165.12349941812474,167.11819458007812,18907800,167.11819458007812
2024-08-05,156.17216759025874,164.6769439873793,155.4080393763875,159.4172821044922,34907800,159.4172821044922
2024-08-06,159.71995490631787,161.114259367224,156.92637919696486,159.31802368164062,36146500,159.31802368164062
2024-08-07,161.99748068038102,163.53567051802347,159.0203156124621,159.52642822265625,19334200,159.52642822265625
2024-08-08,161.1083106687582,164.2402945475346,160.79670528730148,162.59292602539062,15733600,162.59292602539062
2024-08-09,160.41462901894477,164.26013411355729,159.7050597963025,164.13111877441406,13549200,164.13111877441406
2024-08-12,164.7315045669186,165.4311401931017,162.3051228479513,162.7020721435547,12435000,162.7020721435547
2024-08-13,163.92768290024955,165.2723650035769,163.51584835824895,164.66700744628906,12717600,164.66700744628906
2024-08-14,162.96007556133293,163.70436672310095,158.31569083772638,160.79666137695312,22515900,160.79666137695312
2024-08-15,160.97532467484004,162.27535102087091,160.26080383474527,161.92800903320312,18392500,161.92800903320312
2024-08-16,162.1661752149307,165.67922312285262,161.8386852598682,163.48605346679688,16853100,163.48605346679688
2024-08-19,165.72885692637598,167.18766903408562,164.82577988014722,167.11819458007812,13100800,167.11819458007812
2024-08-20,167.45562353659287,169.1129103422226,167.37623064772708,167.6739501953125,12622500,167.6739501953125
2024-08-21,165.71895219988247,167.356387080216,165.30215086930022,166.3540802001953,15269600,166.3540802001953
2024-08-22,167.75331306192018,168.13042546492176,163.77384139486225,164.2303466796875,19123800,164.2303466796875
2024-08-23,165.28227196034598,166.6716095028355,164.39904699205402,166.1555633544922,14281600,166.1555633544922
2024-08-26,166.8750573458864,168.0907390993711,165.05403325193555,166.65176391601562,11990300,166.65176391601562
2024-08-27,166.33418917161066,166.96435023621518,164.89522928968893,165.11355590820312,13718200,165.11355590820312
2024-08-28,165.51052319189097,166.1158806742367,162.03716406362884,163.2478790283203,15208700,163.2478790283203
2024-08-29,164.7959911326264,166.35404796078464,160.74902892306426,162.15623474121094,17133800,162.15623474121094
2024-08-30,162.97001594158164,164.02194516906894,162.16618380143169,163.85324096679688,18498800,163.85324096679688
2024-09-03,162.07191447337993,162.136422142404,156.6534671297475,157.40272521972656,26533100,157.40272521972656
2024-09-04,156.8717774597525,159.17907722822045,156.2416163407417,156.60879516601562,17410700,156.60879516601562
2024-09-05,156.57901088690292,159.7893873586122,156.32099540311944,157.3927764892578,14139500,157.3927764892578
2024-09-06,157.48209519381007,158.00805975950254,150.77850766073584,150.97203063964844,24999100,150.97203063964844
2024-09-09,152.66133000352892,153.66495624716177,147.26555960142852,148.59710693359375,28057700,148.59710693359375
2024-09-10,150.4950554479833,151.33970198649348,148.60008200807764,149.0641326904297,20401800,149.0641326904297
2024-09-11,150.13731419670663,151.51854909084332,147.76238469779315,151.1906280517578,18991500,151.1906280517578
2024-09-12,153.8338722598281,154.62883104293255,152.53213464425113,154.55926513671875,20980800,154.55926513671875
2024-09-13,155.37607972822212,158.2707066144771,155.1256697723983,157.3714141845703,16733900,157.3714141845703
2024-09-16,157.33169139611283,158.23595725653453,156.61622996397466,157.98753356933594,14157600,157.98753356933594
2024-09-17,159.08058949166997,160.5711316223217,158.4048843371456,159.26939392089844,12064800,159.26939392089844
2024-09-18,159.83580730660975,160.6108880020177,158.65330812288826,159.79605102539062,16756500,159.79605102539062
2024-09-19,163.7807786862612,163.94970497705023,161.49726398871067,162.2107391357422,17548200,162.2107391357422
2024-09-20,163.48264443124424,163.7111899501448,162.15108210627048,163.6018829345703,46362700,163.6018829345703
2024-09-23,164.297469761265,165.55946621205064,161.9225401547121,162.0417938232422,15648400,162.0417938232422
2024-09-24,163.2143697623092,163.51248123274706,161.00836610867987,162.60821533203125,18774100,162.60821533203125
2024-09-25,161.9424479076517,163.18157941883987,161.7486701374648,161.9623260498047,13607900,161.9623260498047
2024-09-26,163.98944299378118,164.45648073818896,162.4690912428634,162.79701232910156,18234500,162.79701232910156
2024-09-27,162.8765142550433,165.91721784138522,162.79701685351148,164.247802734375,13604300,164.247802734375
2024-09-30,163.74101062749995,166.30474476008433,163.60189397670442,166.1358184814453,14070100,166.1358184814453
2024-10-01,167.79529084648613,169.3653303219186,164.85394780689333,167.35806274414062,18629500,167.35806274414062
2024-10-02,166.70222552220392,167.8151739508929,165.20175191074588,166.25506591796875,12745000,166.25506591796875
2024-10-03,164.77445049834296,166.85126863191192,164.32727578566707,166.1556854248047,11004300,166.1556854248047
2024-10-04,168.27224245186738,168.48092499253468,165.90725957890515,167.49716186523438,11422100,167.49716186523438
2024-10-07,168.07353533639653,168.82873791450402,163.09512992183807,163.35348510742188,14034700,163.35348510742188
2024-10-08,164.38689534795753,165.0526840930647,163.273962214483,164.6551971435547,11723900,164.6551971435547
2024-10-09,163.81555600030646,165.211696015321,160.1041052253633,162.03187561035156,19666400,162.03187561035156
2024-10-10,161.08784709361515,163.2749731131795,160.62080937546463,162.15109252929688,12900500,162.15109252929688
2024-10-11,162.30016682626191,164.22793708496354,161.47539835668448,163.482666015625,10946000,163.482666015625
2024-10-14,163.87017904399764,166.5630829011903,163.7409938948254,165.3011016845703,9981800,165.3011016845703
2024-10-15,166.08611789934602,168.02381937255288,165.00299440439662,165.84762573242188,14829300,165.84762573242188
2024-10-16,164.98312975972647,166.22524813421248,164.1742668836848,165.68865966796875,9968500,165.68865966796875
2024-10-17,166.32463151811177,166.8711514986138,163.33360062715198,163.47271728515625,15113400,163.47271728515625
2024-10-18,163.8304349366838,165.32097693755154,163.7111964286391,164.00930786132812,13091300,164.00930786132812
2024-10-21,163.54228408519845,165.17194287179123,163.26900893088214,164.7545928955078,11384000,164.7545928955078
2024-10-22,163.66149980904757,166.41403813393225,163.63169018364903,165.7681427001953,11958600,165.7681427001953
2024-10-23,165.38060326279148,166.54323941624745,162.6012420708838,163.44290161132812,12754300,163.44290161132812
2024-10-24,163.5522034832088,164.00930970681912,161.7436870530128,163.49258422851562,12764400,163.49258422851562
2024-10-25,164.3223340804208,166.34449132743282,164.188175588151,165.9370880126953,14566400,165.9370880126953
2024-10-28,169.51437755878808,169.53028310313923,164.7446399008579,167.278564453125,20858300,167.278564453125
2024-10-29,168.3169589050581,170.7763591714636,167.596539398161,170.06089782714844,28916100,170.06089782714844
2024-10-30,181.25985860515516,182.63114701645532,174.6368747654501,175.02938842773438,49698300,175.02938842773438
2024-10-31,173.61833422412218,177.29500147629722,171.47195009458156,171.60113525390625,32801900,171.60113525390625
2024-11-01,170.45835404925796,172.7239915411113,169.23611401538898,171.5613555908203,21752900,171.5613555908203
2024-11-04,170.1602873152299,170.8359924388659,168.41634825006253,169.6038055419922,16194000,169.6038055419922
2024-11-05,169.7528636413451,171.0118731000074,169.29575741798732,170.32920837402344,12518300,170.32920837402344
2024-11-06,174.24436063400395,177.51360931765646,173.93630256002064,177.20556640625,27061500,177.20556640625
2024-11-07,177.98066575845232,181.4287877245001,177.76205170231373,181.13067626953125,16730400,181.13067626953125
2024-11-08,180.85244303087092,181.20024225557705,178.43777208602387,178.72593688964844,15021500,178.72593688964844
2024-11-11,178.93461790765363,180.93691218879795,178.85512050947833,180.8226318359375,12503400,180.8226318359375
2024-11-12,180.23635335036778,182.86466497040556,179.84881301567367,182.16412353515625,14065800,182.16412353515625
2024-11-13,181.00148088274037,181.46356043501584,178.98428188436048,179.35195922851562,13969700,179.35195922851562
2024-11-14,178.616611559511,179.30723661242334,174.92006628530106,176.23175048828125,17925800,176.23175048828125
2024-11-15,174.53251408564262,174.77100624154022,171.65576405309244,172.79354858398438,21708900,172.79354858398438
2024-11-18,173.8518736008048,175.79454873249418,173.32024324975703,175.68524169921875,18662800,175.68524169921875
2024-11-19,174.13010315299093,179.03398440356642,174.0118502005661,178.4477081298828,15392900,178.4477081298828
2024-11-20,177.7024409876409,177.98067431563484,174.22450922513764,176.21189880371094,15729800,176.21189880371094
2024-11-21,174.34870629164894,174.47291812977846,164.26766926353412,168.1728973388672,38839400,168.1728973388672
2024-11-22,166.1060058346279,167.20403420711378,164.66515158559497,165.5197296142578,24497000,165.5197296142578
2024-11-25,166.93075637326217,169.38518317564495,166.34446505305178,168.36166381835938,21395700,168.36166381835938
2024-11-26,168.42132472227146,170.41367233917006,168.36169030209123,169.544189453125,14937500,169.544189453125
2024-11-27,169.60380336720524,170.06090959871608,168.60017718317584,169.74293518066406,12433400,169.74293518066406
2024-11-29,168.98769673500956,169.79258691349247,167.68595926980132,169.4149932861328,9250700,169.4149932861328
2024-12-02,169.24609624600703,172.50541379659245,169.19640847624146,171.88931274414062,16593400,171.88931274414062
2024-12-03,172.02840699487012,173.2208526636113,171.42225267287142,171.92904663085938,15721500,171.92904663085938
2024-12-04,171.6905785967272,175.31755838830836,171.66076896707642,174.97970581054688,18239800,174.97970581054688
2024-12-05,176.2019374960595,176.58947779179547,172.9127955635688,173.21090698242188,16145500,173.21090698242188
2024-12-06,172.78365328206635,175.72399577360784,172.45573218499814,175.377197265625,13319500,175.377197265625
2024-12-09,174.8051452045689,177.1181033334023,174.49177384380053,176.1829833984375,19887800,176.1829833984375
2024-12-10,183.57949799625823,187.05639634280428,181.72414933394035,185.5641632080078,34317400,185.5641632080078
2024-12-11,185.73328807862885,195.8705279817249,185.2955639139752,195.69146728515625,41664500,195.69146728515625
2024-12-12,195.28358411282017,195.68648585481125,192.27921707668364,192.62741088867188,25197800,192.62741088867188
2024-12-13,191.7121377948164,193.33368719296925,190.26963387517674,190.38902282714844,18883200,190.38902282714844
2024-12-16,193.358593781121,199.60109609130157,193.10490930009604,197.13394165039062,32248600,197.13394165039062
2024-12-17,197.50200683673464,201.82948852957173,195.6715380333291,196.09930419921875,24129500,196.09930419921875
2024-12-18,195.81082440955737,197.66119401544614,188.29991495415683,189.1654052734375,27638400,189.1654052734375
2024-12-19,192.2792232852004,193.59239580503976,188.53869747861356,188.71775817871094,26981200,188.71775817871094
2024-12-20,186.04164333057025,193.12974956909466,185.40495790370446,191.96084594726562,45319700,191.96084594726562
2024-12-23,193.0253312102281,195.47260025991622,190.6377642376675,194.97518920898438,15235900,194.97518920898438
2024-12-24,195.15425226177604,196.64648543262288,194.18728504562904,196.54701232910156,6809800,196.54701232910156
2024-12-26,195.72128547038113,197.13393088682756,194.85578000934456,196.0794219970703,7907900,196.0794219970703
2024-12-27,195.45270397585065,195.78099709844378,190.97799296779937,193.0352783203125,14693000,193.0352783203125
2024-12-30,189.87671356058155,192.7766131193924,189.37432357435688,191.6922607421875,12209500,191.6922607421875
2024-12-31,191.44854157562307,192.24936605997945,188.59837086504533,189.45391845703125,14355200,189.45391845703125
2025-01-02,190.49349766533388,192.199613809401,187.73287259466875,189.64292907714844,17545200,189.64292907714844
2025-01-03,191.7271031302285,193.492906357984,190.35922268682373,192.1300048828125,12875000,192.1300048828125
2025-01-06,194.1395345935375,198.52670387508945,194.0500042440645,196.93499755859375,19483300,196.93499755859375
2025-01-07,197.24338737454207,201.09334414857855,194.92544999701238,195.69146728515625,16966800,195.69146728515625
2025-01-08,192.94573445227036,196.6166302624817,192.74677307730784,194.37828063964844,14335300,194.37828063964844
2025-01-10,194.40813428616252,196.59673988513126,190.60792173173346,192.16978454589844,20753800,192.16978454589844
2025-01-13,190.3591916148729,191.49328806291552,187.683118064548,191.2943115234375,13169100,191.2943115234375
2025-01-14,191.5032340964964,192.2692512832205,188.65804258272874,190.0607452392578,13651200,190.0607452392578
2025-01-15,193.34365058627267,196.7757832517554,192.32892795463997,195.96002197265625,12894900,195.96002197265625
2025-01-16,194.8110326665957,195.9600509657404,193.29393505181625,193.4033660888672,13449600,193.4033660888672
2025-01-17,197.02451063588327,197.7805699314551,194.29869274589717,196.527099609375,22109100,196.527099609375
2025-01-21,199.4717618084452,202.78452102376292,198.40731011895576,198.59632873535156,19005200,198.59632873535156
2025-01-22,199.51155913723645,201.0734218150751,198.16854333839012,198.99424743652344,15477400,198.99424743652344
2025-01-23,198.94452311750496,200.89438114994874,195.80089675793687,198.54660034179688,15170800,198.54660034179688
2025-01-24,198.81521049963683,201.5211279313994,198.74954276629634,200.85458374023438,12732400,200.85458374023438
2025-01-27,193.18448601479813,197.6412843107571,191.70219577463513,192.76666259765625,24970200,192.76666259765625
2025-01-28,193.64210831596336,196.20875105775642,191.6126779883814,196.04959106445312,15939200,196.04959106445312
2025-01-29,196.34803046612717,197.43239807765912,194.17932560262406,196.1590118408203,12287800,196.1590118408203
2025-01-30,198.72564570444456,202.18564878993757,198.43914254242208,201.58079528808594,14571500,201.58079528808594
2025-01-31,202.66015128699303,206.00773263635563,202.52585578754483,204.535400390625,17060300,204.535400390625
2025-02-03,201.16794160209164,204.15738678532384,200.61582263854754,201.5907440185547,16719500,201.5907440185547
2025-02-04,203.44110556464975,207.61935506351793,203.20234281222488,206.63449096679688,28285400,206.63449096679688
2025-02-05,192.10014141176407,193.54263032942174,188.9266566850494,192.29910278320312,43666400,192.29910278320312
2025-02-06,190.00105713400717,192.82634793947418,189.5036461395329,192.3090362548828,20816600,192.3090362548828
2025-02-07,191.7420150229491,192.01558502568938,184.14157486525048,186.17100524902344,29565700,186.17100524902344
2025-02-10,188.08104189834265,189.0062342371054,186.63855305725247,187.22549438476562,16606000,187.22549438476562
2025-02-11,185.86756511226048,187.82238659460495,185.11646968488623,186.10134887695312,13028100,186.10134887695312
2025-02-12,184.27088725533045,185.86260863474703,182.67918105569393,184.4698486328125,17632300,184.4698486328125
2025-02-13,184.96725044916784,187.01659655647276,183.92269947449384,186.90716552734375,12729300,186.90716552734375
2025-02-14,185.86258806839624,187.1757451582964,185.1463150448949,185.90237426757812,12714200,185.90237426757812
2025-02-18,186.46945931853924,186.80769519386456,182.62944535456967,184.83795166015625,19796000,184.83795166015625
2025-02-19,185.2209272059834,186.38984606394857,184.53947658106588,186.16104125976562,13120500,186.16104125976562
2025-02-20,185.53429425933842,186.15107901275192,183.6441386202967,185.67356872558594,12063800,185.67356872558594
2025-02-21,186.32021104897444,186.4992869075997,180.1921188897077,180.63978576660156,19520800,180.63978576660156
2025-02-24,182.84830204185678,184.13161585087974,179.94342337867946,180.25181579589844,18734000,180.25181579589844
2025-02-25,179.22216694157265,179.82403003732153,175.85469973438364,176.4515838623047,20832500,176.4515838623047
2025-02-26,176.02878053946148,177.15789800922562,172.6911419050031,173.79539489746094,23637200,173.79539489746094
2025-02-27,175.0289848591496,175.67561308631582,168.8730228102201,169.3286590576172,25930500,169.3286590576172
2025-02-28,169.41819064055986,171.6067960175819,167.51807696614574,171.3282470703125,30049800,171.3282470703125
2025-03-03,172.83042177439185,174.09384996447216,166.77195943877518,167.78668212890625,24122000,167.78668212890625
2025-03-04,167.0704003657119,174.2579798317073,166.67246247866916,171.71621704101562,30711400,171.71621704101562
2025-03-05,171.4277501758378,174.8399826650256,170.04493289539997,174.08392333984375,18848000,174.08392333984375
2025-03-06,171.6565597779171,175.81490895167096,171.6147698411596,173.30796813964844,19082400,173.30796813964844
2025-03-07,172.34495662578817,175.98400504395343,171.35808883384823,174.8399658203125,16395300,174.8399658203125
2025-03-10,169.47177260480427,169.7605929808429,164.89535637752135,167.1312713623047,28990700,167.1312713623047
2025-03-11,166.00583577190864,167.9728537301256,162.5797620234785,165.3086700439453,23705900,165.3086700439453
2025-03-12,167.78859691329288,168.84430713944147,164.81068498341878,168.3164520263672,19880100,168.3164520263672
2025-03-13,167.30057559363973,167.44000873488667,163.40640172128795,164.063720703125,15206200,164.063720703125
2025-03-14,164.64636206004445,167.56948859750952,163.84461009622345,166.94203186035156,18611100,166.94203186035156
2025-03-17,166.64823727610516,167.77865640165328,165.13936542573015,165.89630126953125,17839100,165.89630126953125
2025-03-18,165.28875604475374,165.76681035604642,158.157712114234,162.01205444335938,24616800,162.01205444335938
2025-03-19,163.2519975054181,167.45293904413415,162.39050594352113,165.60743713378906,24955700,165.60743713378906
2025-03-20,163.16239481198508,166.35443377962133,162.4801677759252,164.3824462890625,19981500,164.3824462890625
2025-03-21,162.71920370917795,165.7967023536815,162.37061322836445,165.5775909423828,29882100,165.5775909423828
2025-03-24,168.58038739665923,169.81039290328442,166.76277186100938,169.24269104003906,18742800,169.24269104003906
2025-03-25,170.48765181597193,172.210665738712,169.8602101974201,172.0911407470703,13841600,172.0911407470703
2025-03-26,170.60716747637557,171.244578340995,166.18611076415286,166.4639892578125,22498000,166.4639892578125
2025-03-27,166.0357341858343,166.76277738476176,163.18730108651417,163.41636657714844,21571200,163.41636657714844
2025-03-28,161.70332475947822,163.14745709835745,154.71072555268628,155.42880249023438,34866500,155.42880249023438
2025-03-31,154.1838591136328,156.49448302721146,151.5943840899133,155.59811401367188,33591600,155.59811401367188
2025-04-01,154.67188905757027,159.43255503540883,154.6270728846267,158.23741149902344,20111400,158.23741149902344
2025-04-02,156.32517424283495,159.62675379666416,155.89690549651638,158.2174835205078,17113300,158.2174835205078
2025-04-03,152.21683745841872,154.06133649183442,151.5644727449145,152.01266479492188,28416100,152.01266479492188
2025-04-04,149.29370816580848,152.47080831875712,146.94325281731616,147.1424560546875,39832200,147.1424560546875
2025-04-07,142.81003813516674,154.30335627650962,142.08299497921362,148.63638305664062,47823000,148.63638305664062
2025-04-08,152.95383964213912,153.81534648973863,144.62268287612036,145.9871368408203,35304400,145.9871368408203
2025-04-09,145.73816486569785,161.2153060890066,145.22026376925504,160.40858459472656,46479500,160.40858459472656
2025-04-10,158.1178807531074,159.3827484216451,151.58441547470102,154.74159240722656,35270500,154.74159240722656
2025-04-11,154.95573747217279,159.213440999718,154.95573747217279,158.7552947998047,22582000,158.7552947998047
2025-04-14,161.65352396559663,163.36656852683146,159.2731910876245,160.81692504882812,18255900,160.81692504882812
2025-04-15,160.91653392939605,161.39458830381662,157.00740563751106,158.0382080078125,15690800,158.0382080078125
2025-04-16,154.84118578647085,157.5402163845334,153.28749780872553,154.87106323242188,16921500,154.87106323242188
2025-04-17,155.97657051648838,156.434716671676,150.28965868848178,152.73971557617188,19513400,152.73971557617188
2025-04-21,150.35440218598697,150.44901916404316,147.7997741726159,149.25387573242188,16147800,149.25387573242188
2025-04-22,150.45900148257337,153.98467719094523,150.25979822914624,153.2775421142578,15910300,153.2775421142578
2025-04-23,157.2713109719998,159.37277734174148,155.7176230772282,157.0820770263672,18575700,157.0820770263672
2025-04-24,157.88382900283386,161.05595982379364,157.45059082083137,160.81692504882812,30787500,160.81692504882812
2025-04-25,166.4241411890917,167.55952965377435,162.34071827033415,163.18728637695312,35148100,163.18728637695312
2025-04-28,163.59561566802935,164.28282727151932,159.7313193539243,161.7630615234375,20871200,161.7630615234375
2025-04-29,161.38957177670633,162.02199790955103,158.74531171993084,161.40451049804688,15955200,161.40451049804688
2025-04-30,159.21342500394488,160.72129376483562,156.51936392224943,160.2392578125,20639500,160.2392578125
2025-05-01,161.86266428242843,163.27691902559422,160.27908375995273,162.13156127929688,21904300,162.13156127929688
2025-05-02,164.28782092891186,166.02575819757342,162.9980605401917,165.1393585205078,16844900,165.1393585205078
2025-05-05,163.84959235508165,166.42414359888113,163.8047761883749,165.37838745117188,15309300,165.37838745117188
2025-05-06,163.29685485815608,166.0656096677416,162.47021004852107,164.53182983398438,10691900,164.53182983398438
2025-05-07,165.39830770319665,166.31458477625367,148.88536663239546,152.18197631835938,78729800,152.18197631835938
2025-05-08,155.28936674953536,156.77334579137747,153.47673579360423,155.12005615234375,38387500,155.12005615234375
2025-05-09,154.92086597342728,155.79729639404246,153.20782146453058,153.75559997558594,22871000,153.75559997558594
2025-05-12,158.4565159583647,159.79109259540746,157.2514031940014,158.9345703125,31884900,158.9345703125
2025-05-13,159.27317989421834,161.40452376405077,156.94264799111681,160.2392578125,24944300,160.2392578125
2025-05-14,160.65756033705904,167.65912546103155,160.27909242860437,166.13531494140625,31769200,166.13531494140625
2025-05-15,166.46398594371732,166.8324845808578,163.1773300646456,164.73101806640625,22717600,164.73101806640625
2025-05-16,168.24672534220952,169.95976971274536,166.2747380587591,166.75279235839844,36271400,166.75279235839844
2025-05-19,165.04475721501143,167.27071830038446,164.74596753432272,167.1910400390625,21374700,167.1910400390625
2025-05-20,167.08148579226153,168.99371848950767,163.59564161354652,164.6513671875,33563300,164.6513671875
2025-05-21,164.28282949470022,173.82408342915107,164.2230746061224,169.37216186523438,45567600,169.37216186523438
2025-05-22,172.64886244595763,177.40952770515509,171.18480689584123,171.28439331054688,45024100,171.28439331054688
2025-05-23,169.5912949526665,170.51255679496953,168.5754161256522,168.90408325195312,24963600,168.90408325195312
2025-05-27,170.60715313028052,173.5850498768435,170.51752079679463,173.27630615234375,24341300,173.27630615234375
2025-05-28,173.27632085153758,175.76620941784861,172.3152275122392,172.6787567138672,25999200,172.6787567138672
2025-05-29,174.29219459507527,174.6905706753204,171.08521699876005,172.2604522705078,21174700,172.2604522705078
2025-05-30,171.7126561446979,172.73848888329863,167.84336009554892,172.15087890625,36258300,172.15087890625
2025-06-02,168.3264234555339,170.37012596378605,167.9678788892252,169.68092346191406,24742900,169.68092346191406
2025-06-03,168.18200445138862,169.1132202654776,166.0058292615901,167.03167724609375,25386700,167.03167724609375
2025-06-04,167.5993838493575,168.89412898875253,167.1163448426358,168.70489501953125,18508700,168.70489501953125
2025-06-05,170.92586104829266,171.66287351594346,168.6650532300248,169.12318420410156,25375400,169.12318420410156
2025-06-06,171.60312601424715,175.11884751526102,171.60312601424715,174.2125244140625,22258100,174.2125244140625
2025-06-09,175.36920837444498,177.40838344678272,175.15981486637153,177.12420654296875,18817600,177.12420654296875
2025-06-10,177.25382807443742,181.92550045360693,175.97249863835316,179.49742126464844,32908000,179.49742126464844
2025-06-11,180.71393825540056,181.23246180117897,177.4931400308658,178.2808837890625,18994400,178.2808837890625
2025-06-12,176.97463731379557,177.62279562613722,175.60854313516973,176.46609497070312,17345900,176.46609497070312
2025-06-13,173.08572718916088,177.83516488025438,173.07576114200484,175.37918090820312,20873200,175.37918090820312
2025-06-16,175.40411009338223,177.73744330231764,175.3193606510868,177.43331909179688,18132500,177.43331909179688
2025-06-17,176.4960009711626,178.20611393906023,175.4390217048858,176.725341796875,17656100,176.725341796875
2025-06-18,176.77519493381817,177.31765222631788,172.34783537554478,173.48458862304688,32531800,173.48458862304688
2025-06-20,174.36708892589806,174.86566520888314,165.79656140415713,167.2523956298828,55402600,167.2523956298828
2025-06-23,166.84357512657374,168.00026054280318,162.8649308992626,165.53729248046875,36975600,165.53729248046875
2025-06-24,167.2075235754851,168.76806975687913,166.4347364323062,167.2623748779297,27310300,167.2623748779297
2025-06-25,168.16976896218105,172.86636409735513,168.0810330981547,171.00169372558594,23627400,171.00169372558594
2025-06-26,172.89128129298544,174.152678600943,170.37347730849507,173.9333038330078,25909100,173.9333038330078
2025-06-27,174.13275544724416,178.330759180761,172.21822436859895,177.76239013671875,74053100,177.76239013671875
2025-06-30,180.2702403650563,181.0629748734639,175.00028510770912,176.88490295410156,43964600,176.88490295410156
2025-07-01,176.3015380338959,176.71536483629342,174.16265690586334,176.40625,25778500,176.40625
2025-07-02,176.04229660403004,179.42264316852956,175.58859036409876,179.24813842773438,19325900,179.24813842773438
2025-07-03,179.30797160007916,180.2552634412392,177.6826081403371,180.035888671875,13287400,180.035888671875
2025-07-07,179.6220622581476,179.82648034893307,176.1370190978773,177.0543975830078,20991400,177.0543975830078
2025-07-08,178.27092688927698,178.28089293698707,173.42476501767194,174.66123962402344,24108600,174.66123962402344
2025-07-09,175.60852437791746,179.7666484059067,173.38487860127222,177.15411376953125,31288000,177.15411376953125
2025-07-10,176.16694359935292,179.07862729251107,175.23959900796677,178.191162109375,24693700,178.191162109375
2025-07-11,177.40341900651282,182.09003308540355,177.03546641829647,180.79373168945312,23975700,180.79373168945312
2025-07-14,181.55157606315228,184.203990340659,180.19643695394902,182.28945922851562,20990400,182.28945922851562
2025-07-15,183.41623298699918,184.88204837684916,181.8706435714378,182.57862854003906,23911600,182.57862854003906
2025-07-16,183.7951562789434,184.8072654587967,182.55868170023993,183.24671936035156,21152600,183.24671936035156
2025-07-17,182.59360912811604,184.6597003678229,180.98320215483517,184.17408752441406,21654400,184.17408752441406
2025-07-18,186.0885941142983,186.82649243957306,184.2039765036521,185.41053771972656,21033400,185.41053771972656
2025-07-21,186.56725704377217,190.71540028494329,186.5173963708382,190.605712890625,24665000,190.605712890625
2025-07-22,191.87210315551704,192.80942904222442,187.9582761229891,191.56298828125,26212900,191.56298828125
2025-07-23,191.8122616415566,192.80941417343925,189.6384612100756,190.9646759033203,34068100,190.9646759033203
2025-07-24,197.54589455449943,198.40344636594713,191.40343112437813,192.64987182617188,45252100,192.64987182617188
2025-07-25,192.38063967306033,194.71896368694811,191.5829297825064,193.52737426757812,31101800,193.52737426757812
2025-07-28,193.85641861722297,194.2652547885067,191.3086861013837,192.86923217773438,25553500,192.86923217773438
2025-07-29,192.74958939416115,196.10002254359046,192.44047454062365,195.87066650390625,31891600,195.87066650390625
2025-07-30,195.74105428582791,197.91483960451836,195.00315589990151,196.8778076171875,21150500,196.8778076171875
2025-07-31,196.0401927171234,196.26953353783088,191.53305903886246,192.3108367919922,27852000,192.3108367919922
2025-08-01,189.2396045493179,191.07236832994607,188.1626779989125,189.40911865234375,21236700,189.40911865234375
2025-08-04,190.63064182040998,195.52167386173045,190.37636305120955,195.19261169433594,23386000,195.19261169433594
2025-08-05,194.98818991202364,198.13420493112548,194.12067207868012,194.7638397216797,19010200,194.7638397216797
2025-08-06,194.6940404711256,196.81798032699237,193.91326525690266,196.35928344726562,15383700,196.35928344726562
2025-08-07,197.14704524438545,197.80515439006194,194.6641298180053,196.71826171875,14660600,196.71826171875
2025-08-08,197.416259260937,202.85073766140218,197.33648523042044,201.51455688476562,24379900,201.51455688476562
2025-08-11,200.9810638173645,201.58435203185698,199.23107153514874,201.0558624267578,16690200,201.0558624267578
2025-08-12,201.51953670048817,204.54589820462374,200.8265084062007,203.5786590576172,19854000,203.5786590576172
2025-08-13,204.39631813928864,204.845033727696,198.07437484974005,202.45187377929688,19573000,202.45187377929688
2025-08-14,201.98320217166057,204.8350588484687,201.74887073226878,203.2396240234375,17777100,203.2396240234375
2025-08-15,204.13707666196314,206.73964549503341,201.50958510061872,204.3265380859375,21111400,204.3265380859375
2025-08-18,204.48609075472882,205.55303612354803,202.8308137889139,203.7082977294922,13000200,203.7082977294922
2025-08-19,203.3244011339479,203.70829941015938,200.3578660416823,201.91343688964844,13476600,201.91343688964844
2025-08-20,201.10571211053593,201.59432232086678,196.89774249140027,199.61996459960938,13971700,199.61996459960938
2025-08-21,200.14845791183663,202.78093999390543,199.82936179748154,200.04873657226562,11768900,200.04873657226562
2025-08-22,203.37924258904317,208.6342256189113,201.55445158058532,206.13137817382812,25723700,206.13137817382812
2025-08-25,206.41056953451064,210.4889196480279,205.3635563561227,208.56442260742188,22788800,208.56442260742188
2025-08-26,207.77668190384477,207.86643720129274,205.86215074219382,207.35787963867188,23051000,207.35787963867188
2025-08-27,205.87213986987481,208.97328517564355,205.8023318820089,207.61715698242188,15249000,207.61715698242188
2025-08-28,207.24818932023632,212.2937789587124,207.00888243799457,211.76528930664062,20915700,211.76528930664062
2025-08-29,210.66842253634155,214.72682548432343,210.36927372964016,212.92198181152344,24682200,212.92198181152344
2025-09-02,208.39491024343394,211.76428641121737,206.37069184883856,211.38636779785156,28900100,211.38636779785156
2025-09-03,225.8351154891725,231.13997459873178,224.47898735115547,230.4419708251953,72250300,230.4419708251953
2025-09-04,229.49964084428723,232.10720020502256,226.11430372222992,231.9975128173828,32196000,231.9975128173828
2025-09-05,231.99751875750673,235.4576393653349,231.71831725733676,234.5003662109375,26127700,234.5003662109375
2025-09-08,235.32873581763147,237.9336306885174,233.2727680706754,233.70193481445312,23128800,233.70193481445312
2025-09-09,233.73188999346144,240.1193644961195,232.92347691738414,239.47064208984375,22854800,239.47064208984375
2025-09-10,238.78197848839386,241.60644426204072,237.64420916870392,239.09136962890625,19990100,239.09136962890625
2025-09-11,239.67024304096682,242.09549744985415,236.11720946779278,240.30899047851562,21308600,240.30899047851562
2025-09-12,240.32895441337703,241.9487806264288,238.03345058625408,240.90782165527344,14536600,240.90782165527344
2025-09-15,244.66045674238666,252.25557067635967,244.5007660792978,251.2675018310547,29935200,251.2675018310547
2025-09-16,251.83640041639592,252.73463376812833,249.22651032925336,250.9281768798828,24493500,250.9281768798828
2025-09-17,250.96810297309426,251.45713469310198,246.0976443107254,249.3612518310547,20491300,249.3612518310547
2025-09-18,251.36731345678214,253.64285211495618,249.6207367971961,251.83639526367188,21166400,251.83639526367188
2025-09-19,252.90429521414327,256.1978580599402,251.5749001290136,254.74070739746094,41616800,254.74070739746094
2025-09-22,254.28159202417987,255.80859778310395,250.31935701525043,252.38531494140625,20079000,252.38531494140625
2025-09-23,253.15878923661495,254.2716135136843,250.59880455040593,251.8463592529297,17521100,251.8463592529297
2025-09-24,251.6567409307806,252.465169210253,246.73639225090292,247.34519958496094,16958500,247.34519958496094
2025-09-25,244.36105019347215,246.83121478968334,241.17728790642323,246.08767700195312,17379800,246.08767700195312
2025-09-26,247.30029966360988,249.63072353115038,246.15753518831568,246.69647216796875,16594600,246.69647216796875
2025-09-29,247.7893233809348,251.15572628312094,242.72425403895525,243.88198852539062,23157200,243.88198852539062
2025-09-30,242.5845309216633,243.19833335962917,239.1023575820505,243.07357788085938,22541200,243.07357788085938
2025-10-01,240.70820538398718,246.6665283113266,238.73208285012265,245.05967712402344,23967700,245.05967712402344
2025-10-02,245.15948907619045,247.15058167045217,242.6294442783024,245.94793701171875,20657500,245.94793701171875
2025-10-03,244.75028083348028,246.6345880461835,241.9956853826143,245.9678955078125,19941400,245.9678955078125
2025-10-06,245.29920341478498,251.7066427694446,245.20938312792492,251.0179901123047,18309000,251.0179901123047
2025-10-07,248.4430272638954,251.05791228547747,246.32717935405861,246.6465606689453,13811200,246.6465606689453
2025-10-08,245.71837051628768,246.7762944646119,244.61054133420603,244.97982788085938,14136500,244.97982788085938
2025-10-09,244.5806064331981,245.07463323132637,239.21112602039744,241.73619079589844,19375700,241.73619079589844
2025-10-10,241.6862837352197,244.36103373708602,236.2219879862294,237.02542114257812,22449100,237.02542114257812
2025-10-13,240.55849921146196,244.5107594146721,240.2790481619253,244.16143798828125,12465000,244.16143798828125
2025-10-14,241.28209772688697,247.5398217507458,240.70621533424085,245.7084197998047,17705400,245.7084197998047
2025-10-15,247.59969690234325,252.26553937260695,246.3072168107861,251.2176055908203,16048100,251.2176055908203
2025-10-16,251.9711151399471,257.07609924459695,250.17962841163254,251.38726806640625,18946000,251.38726806640625
2025-10-17,250.8583192068179,254.38141265847207,248.1037085285355,253.2935333251953,17653800,253.2935333251953
2025-10-20,254.730720175168,257.3755454382386,254.10196292360385,256.5172119140625,13726800,256.5172119140625
2025-10-21,254.75068259010632,254.88043315871175,244.1913772492023,250.84832763671875,27836400,250.84832763671875
2025-10-22,254.51113980291018,256.6768929861004,249.96106769580882,252.03599548339844,19650200,252.03599548339844
2025-10-23,253.20371774019742,255.3594960774361,252.27354929291647,253.23365783691406,13241300,253.23365783691406
2025-10-24,256.79662410065674,261.9964535508816,255.5989899714157,260.0003662109375,18406000,260.0003662109375
2025-10-27,264.8408796912386,270.27024022649704,264.421718365036,269.4019470214844,22987700,269.4019470214844
2025-10-28,269.6714336408872,270.8491179569037,266.6473622943728,267.9048767089844,20101200,267.9048767089844
2025-10-29,268.084518803547,275.430136689206,267.9048782372746,274.6317138671875,26287900,274.6317138671875
2025-10-30,291.149338690232,291.3589193601236,279.9013960238178,281.3485412597656,48570000,281.3485412597656
2025-10-31,282.651007876155,285.7250001291056,276.98014610019925,281.26873779296875,29932800,281.26873779296875
2025-11-03,281.86755274284974,285.38065607049083,279.82154461028614,283.564208984375,19691800,283.564208984375
2025-11-04,276.52303396227904,281.2827177201756,276.3234130003011,277.5160827636719,18123700,277.5160827636719
2025-11-05,278.83347249108255,286.1391601752395,277.33640684061817,284.1929626464844,20063200,284.1929626464844
2025-11-06,285.1760461917381,288.2450432279728,281.0691054763307,284.7818298339844,23103800,284.7818298339844
2025-11-07,283.65401936749936,283.9434605971931,275.20058717815346,279.1528625488281,21991100,279.1528625488281
2025-11-10,284.70701038582297,290.8898692555018,282.98537855082736,290.0215759277344,19508200,290.0215759277344
2025-11-11,287.63622797404787,291.7681133620935,287.3168466563392,291.1692810058594,14156700,291.1692810058594
2025-11-12,291.5135987132187,291.7880546515022,283.8236850599058,286.8677062988281,16998800,286.8677062988281
2025-11-13,282.43140406714,282.95540141720784,277.4561704506044,278.573974609375,18060200,278.573974609375
2025-11-14,271.3631268988507,278.6039400444266,270.87909024198706,276.4382019042969,18330500,276.4382019042969
2025-11-17,285.839743672837,293.94385460993595,283.67400564199863,285.04132080078125,34286100,285.04132080078125
2025-11-18,287.9206557340323,288.8688095426974,278.46421494061445,284.4025573730469,29702200,284.4025573730469
2025-11-19,287.1222246159708,303.654822395168,287.1072697972532,292.4168395996094,43123600,292.4168395996094
2025-11-20,304.14388799780994,306.2897067467055,288.6043676402575,289.41278076171875,34801400,289.41278076171875
2025-11-21,296.28925176883206,303.3653785062888,293.7841521372714,299.0638122558594,43670600,299.0638122558594
2025-11-24,310.4016170398079,319.1744002550105,308.7947506575406,317.8470153808594,55311800,317.8470153808594
2025-11-25,326.1606884500195,328.02705586506585,317.1942849998955,323.00689697265625,50899300,323.00689697265625
2025-11-26,320.1524948095306,324.3542507562828,316.57951134155564,319.6534729003906,29839600,319.6534729003906
2025-11-28,322.7972661019505,326.24052904498996,316.31997224508586,319.4937438964844,19695800,319.4937438964844
2025-12-01,316.85397476893087,319.00475802970755,313.3658164150799,314.5035705566406,28520600,314.5035705566406
2025-12-02,316.28007786122015,317.97676452439663,313.6053277555434,315.40179443359375,24668200,315.40179443359375
2025-12-03,315.4117804706808,321.4100334471199,313.66520382303423,319.9927978515625,32285100,319.9927978515625
2025-12-04,322.41304312234007,322.4669231064659,314.9726102211733,317.76715087890625,20831600,317.76715087890625
2025-12-05,319.3739921709227,323.1964862382524,319.35404226124786,321.45989990234375,15719900,321.45989990234375
2025-12-08,320.61104175996445,320.8107929430465,311.5029486020491,314.0396423339844,22006900,314.0396423339844
2025-12-09,312.69140162718145,318.293090499111,312.2120170689398,317.3353271484375,14151300,317.3353271484375
2025-12-10,316.2067963622882,321.44994495209085,314.98838728040494,320.5810852050781,22764500,320.5810852050781
2025-12-11,320.68095545193773,321.5697781115332,309.47559686198167,313.2906188964844,25912100,313.2906188964844
2025-12-12,314.384191403608,315.72743733563,306.5593944963072,310.11474609375,21264800,310.11474609375
2025-12-15,312.2170002056079,312.2919145159097,305.34097591001495,308.91632080078125,22028900,308.91632080078125
2025-12-16,305.6006464692463,311.4380195138882,303.4334650759046,307.3283996582031,21285200,307.3283996582031
2025-12-17,308.60674262731374,308.79149875866017,297.0618312050489,297.6710205078125,29120400,297.6710205078125
2025-12-18,302.6645051874067,304.8616463852272,300.2376836446455,303.3536071777344,21040500,303.3536071777344
2025-12-19,302.87421730733627,308.58675384401073,301.9454382853998,308.2072448730469,45234400,308.2072448730469
2025-12-22,310.8188320764369,311.29321825822973,306.1898713767453,310.9236755371094,14091400,310.9236755371094
2025-12-23,310.7289841005398,315.8872219232364,310.34447676582494,315.2680358886719,13961400,315.2680358886719
2025-12-24,315.7374107235817,315.87724264961207,312.9111173503096,315.258056640625,6138200,315.258056640625
2025-12-26,315.50771928299366,316.14686819703024,313.31057822091293,314.5489501953125,6730900,314.5489501953125
2025-12-29,312.41177786022433,314.5589660191107,311.4929650481145,313.979736328125,12317700,313.979736328125
2025-12-30,313.000999413296,317.28540943965805,312.8412045581068,314.1394958496094,11052500,314.1394958496094
2025-12-31,312.9610408855354,314.97842425011913,311.7925848269269,313.3904724121094,10821500,313.3904724121094
2026-01-02,317.17553493261676,322.4925921245844,310.2445893355621,314.90850830078125,22043700,314.90850830078125
2026-01-05,317.2803943893332,318.8333576971289,314.8375721951358,316.9058837890625,19934000,316.9058837890625
2026-01-06,316.89590376555594,321.1403574586827,311.9323884629541,314.1394958496094,18989900,314.1394958496094
2026-01-07,314.1594883653292,326.0389542255147,314.08957240180337,322.00921630859375,24681800,322.00921630859375
2026-01-08,328.8352904632479,330.10862036359265,321.56976069270803,325.58453369140625,21789600,325.58453369140625
2026-01-09,327.06260864018543,331.04742232785975,325.8242366201649,328.7104797363281,17917700,328.7104797363281
2026-01-12,326.0738959562766,334.00353617058494,325.0851977244808,332.2957763671875,23893800,332.2957763671875
2026-01-13,334.842443176996,340.7547307187532,333.9136641838289,335.9909362792969,24616700,335.9909362792969
2026-01-14,334.5478107597875,336.5901553278728,330.7078579636465,335.87109375,17839300,335.87109375
2026-01-15,337.61382063072415,337.68873494454425,330.85766500986597,332.7252197265625,16424900,332.7252197265625
2026-01-16,334.49790980660475,334.8025044691476,327.74175393116076,329.9089050292969,21868600,329.9089050292969
2026-01-20,320.82075024052295,327.66181662107743,320.4712313964823,321.73956298828125,27169900,321.73956298828125
2026-01-21,320.67598013932434,332.290808151728,319.12301669075015,327.95147705078125,22791700,327.95147705078125
2026-01-22,333.8287821334127,334.7725256981915,328.4508000741002,330.4082336425781,19902100,330.4082336425781
2026-01-23,332.2208964370305,333.59410211341356,327.54201262517483,328.00140380859375,19110600,328.00140380859375
2026-01-26,327.7717128570099,335.9110710528279,327.06261745942396,333.1546630859375,18502500,333.1546630859375
2026-01-27,335.19198786494,337.77360575319784,333.3144364997522,334.56280517578125,16080900,334.56280517578125
2026-01-28,336.17071194822404,337.18940036194795,331.69657781901543,335.8411560058594,17538500,335.8411560058594
2026-01-29,339.9058450626567,341.84331577646435,326.29362750773345,338.2180480957031,24548300,338.2180480957031
2026-01-30,334.02353024324157,339.8459393190057,332.2059284569407,338.0882263183594,21740200,338.0882263183594
2026-02-02,336.1107810155394,344.71455893391885,335.5715076740309,344.44989013671875,22775200,344.44989013671875
2026-02-03,348.0602055415327,349.6930511556747,338.14813929481124,340.2554016113281,25786500,340.2554016113281
2026-02-04,343.3063846149433,343.800733734723,328.94014812343124,332.90496826171875,36991100,332.90496826171875
2026-02-05,312.79126924034074,332.2098940118301,306.5194661993319,330.8975830078125,51842000,330.8975830078125
2026-02-06,326.9228291868256,330.2085444197576,319.732212669293,322.6783752441406,33877000,322.6783752441406
2026-02-09,320.82077417447744,327.3122917175226,317.28541579501643,323.9766540527344,26103300,323.9766540527344
2026-02-10,320.49122633441056,321.21028797646636,314.2493823852293,318.2142028808594,25281900,318.2142028808594
2026-02-11,318.5437226409867,320.6260234898432,309.7252599216724,310.9236755371094,24008100,310.9236755371094
2026-02-12,311.94236944068,316.06698440393103,307.74783851722964,308.96624755859375,28194000,308.96624755859375
2026-02-13,307.5830680236357,308.48691626632296,303.5034074415816,305.6206359863281,20236000,305.6206359863281
2026-02-17,300.24765706433305,304.49211049817023,296.51251731768605,302.4248046875,23750800,302.4248046875
2026-02-18,302.0373377837931,305.51079587835017,301.58593178171805,303.5433654785156,15847700,303.5433654785156
2026-02-19,302.1251671400422,305.63059595669705,300.27760597580755,303.163818359375,13448600,303.163818359375
2026-02-20,304.4022187611668,316.3466327070812,304.0227402687717,314.4890441894531,33663100,314.4890441894531
2026-02-23,318.7235232646917,319.0380841366731,309.5854400242665,311.2832336425781,17641200,311.2832336425781
2026-02-24,310.23461833809165,311.962341120562,305.69053796389596,310.5142517089844,15040700,310.5142517089844
2026-02-25,311.71267438325657,313.25067319659894,308.95626646698753,312.6214904785156,20209100,312.6214904785156
2026-02-26,312.39679526824995,312.59154811608227,302.01537127964497,306.7491760253906,22380000,306.7491760253906
2026-02-27,303.54334418120766,311.6727051893538,303.1948006205073,311.0235595703125,33389200,311.0235595703125
2026-03-02,302.5696161295488,307.7378808552178,300.6671034421218,305.9601745605469,21854400,305.9601745605469
2026-03-03,298.03054247338764,303.54332729400136,296.31178027781107,303.163818359375,20361100,303.163818359375
2026-03-04,302.28999979339955,305.06137237929244,300.40744992717754,303.05401611328125,20015600,303.05401611328125
2026-03-05,302.80432345436964,302.97408452968756,297.68101344342887,300.5173034667969,22643900,300.5173034667969
2026-03-06,295.6856162816382,299.9380551922433,294.864698015099,297.91070556640625,17598000,297.91070556640625
2026-03-09,293.95810054029374,306.3156537788302,293.7532067591801,305.8259582519531,19632700,305.8259582519531
2026-03-10,305.6910336876566,308.9640578626859,305.12637106289316,306.7453918457031,14386400,306.7453918457031
2026-03-11,306.11574664278464,310.8818905063814,305.6560318751311,308.2344970703125,13376700,308.2344970703125
2026-03-12,306.02581398501115,308.4543755816348,300.6590487824004,303.0276184082031,15610200,303.0276184082031
2026-03-13,306.4705694514694,307.075216570357,299.59970423366394,301.2786865234375,16857500,301.2786865234375
2026-03-16,303.41739386063404,305.3862101461126,301.62846198721604,304.2369079589844,14822000,304.2369079589844
2026-03-17,304.4867681271186,309.86350667991195,304.1669532729026,309.2239074707031,14423600,309.2239074707031
2026-03-18,307.7197987713232,310.56308876859424,305.36123291378533,306.1157531738281,13848400,306.1157531738281
2026-03-19,303.0276083402022,306.495522328792,300.8189462117848,305.5461120605469,15399700,305.5461120605469
2026-03-20,303.8871134611093,304.1869208156099,296.5715090190732,298.61029052734375,34763500,298.61029052734375
2026-03-23,300.3492505237287,303.18753879791194,297.8507541028747,298.84014892578125,22204100,298.84014892578125
2026-03-24,296.03182484480067,296.9213041605432,288.6812683049409,289.02606201171875,27411200,289.02606201171875
2026-03-25,291.97425966938914,294.48275961254154,287.1971361576211,289.4158020019531,22343000,289.4158020019531
2026-03-26,286.01787071952646,286.34268744484854,278.8821505013807,280.5711364746094,29281200,280.5711364746094
2026-03-27,277.2331315119547,278.92211737858287,273.3155065603785,273.5953369140625,25703300,273.5953369140625
2026-03-30,275.2743430238678,276.0938571665062,271.37169284977546,272.9757385253906,22752300,272.9757385253906
2026-03-31,277.37306812768094,286.8773271197116,276.59353851793674,286.68743896484375,31625100,286.68743896484375
2026-04-01,289.8056019553753,297.80576171350253,289.2958989360971,294.7226257324219,24403600,294.7226257324219
2026-04-02,288.8161565344196,295.7220036805807,287.3970277745505,294.2828674316406,13433400,294.2828674316406
2026-04-06,294.52274605218776,298.2454810135183,293.6132897699338,297.48095703125,10121700,297.48095703125
2026-04-07,299.9594938576911,303.9171035550764,295.2473028799287,303.7471923828125,17317700,303.7471923828125
2026-04-08,317.63882755519,319.1979173516329,312.5169099892079,314.5506896972656,20887500,314.5506896972656
2026-04-09,313.00163791186503,317.23907805281584,309.2838740431667,316.1797180175781,14606800,316.1797180175781
2026-04-10,318.03358841229215,319.3078153785124,314.3508074416827,315.53009033203125,11997600,315.53009033203125
2026-04-13,315.23030679320124,319.2378742739686,313.50133630699344,319.01800537109375,12212800,319.01800537109375
2026-04-14,321.87130162031684,330.4411565240312,320.95684339258287,330.38116455078125,18557500,330.38116455078125
2026-04-15,330.3611774124935,334.79850934948115,328.462326295132,334.2688293457031,15104100,334.2688293457031
2026-04-16,335.64798864456304,337.1770671128283,331.4505027908985,332.56982421875,13949600,332.56982421875
2026-04-17,334.22884980226,339.7805014284534,333.0895513147008,339.19586181640625,19683800,339.19586181640625
2026-04-20,338.3563758313641,338.9560210703948,334.4287467895101,335.1982727050781,12897300,335.1982727050781
2026-04-21,335.3831540609058,336.9672227230362,329.43174911178386,330.271240234375,14623800,330.271240234375
2026-04-22,334.6835958687374,337.8266933540505,332.7597353449777,337.5268859863281,12954200,337.5268859863281
2026-04-23,339.3707589505945,339.9553985352305,334.8584600686641,337.5468444824219,13442100,337.5468444824219
2026-04-24,337.516865979281,343.48327630328015,333.84906002833503,342.1141052246094,18260900,342.1141052246094
2026-04-27,343.6731704622599,350.688937144481,340.6050096635064,348.31036376953125,17443000,348.31036376953125
2026-04-28,346.7113473864688,349.6895354514848,344.0729206585439,347.2909851074219,18502300,347.2909851074219
2026-04-29,345.27221882647495,353.1874381893852,342.22403497775565,347.1011047363281,22232200,347.1011047363281
2026-04-30,371.0316955643996,382.3998535192728,362.87159825964693,381.71026611328125,44570500,381.71026611328125
2026-05-01,377.7526634694606,383.15941312113796,375.0342982758103,382.989501953125,28047900,382.989501953125
2026-05-04,382.0900629369803,383.94892960999147,376.5433826561863,379.41168212890625,18275000,379.41168212890625
2026-05-05,381.6402985876544,388.72603026067463,380.1212238542502,384.0388488769531,15432500,384.0388488769531
2026-05-06,389.3556636937157,396.14158814851396,386.86717115178936,394.90234375,23097300,394.90234375
2026-05-07,396.8211765082595,397.11601249324696,390.0752364541107,395.0622253417969,15153600,395.0622253417969
2026-05-08,394.032860955436,398.13040116879216,393.43324621625237,396.8111877441406,13762500,396.8111877441406
2026-05-11,390.4550091226855,394.09280386567815,385.99770027578,386.537353515625,16314900,386.537353515625
2026-05-12,384.7684247628253,386.2075610512266,379.49160187176113,383.5891418457031,17103900,383.5891418457031
2026-05-13,381.67528465785847,399.6894366024174,381.3504679441929,398.79998779296875,18160100,398.79998779296875
2026-05-14,393.55314996386056,398.8639490394177,392.4917770286838,396.9311218261719,13805400,396.9311218261719
2026-05-15,392.97848723377916,395.6418928419125,389.5255787505654,393.08343505859375,15801900,393.08343505859375
2026-05-18,391.8891422596936,404.2267181336527,390.66487298033206,392.87353515625,18592800,392.87353515625
2026-05-19,393.063429089017,393.1264099838384,382.7696364443794,384.6684875488281,25559400,384.6684875488281
2026-05-20,384.8084179824556,390.46501731409904,379.7714408586532,384.6684875488281,16488100,384.6684875488281
2026-05-21,381.7802360746463,388.4462070831433,379.25175905431604,383.2393493652344,16837600,383.2393493652344
2026-05-22,383.0294961863553,384.6385132044718,378.0325034604433,379.1518249511719,13382800,379.1518249511719
2026-05-26,380.76583200111435,385.15820799010294,378.911967276954,384.6085205078125,16150900,384.6085205078125
2026-05-27,382.5347809021544,389.49058591164453,381.7702264112071,384.5985107421875,16893100,384.5985107421875
2026-05-28,383.6291059052824,389.76542753221133,381.0206903760399,385.88775634765625,20795400,385.88775634765625
2026-05-29,380.9957121529665,381.4204443301482,374.07485900677307,376.2035827636719,48018600,376.2035827636719
2026-06-01,372.35092462272263,374.37470057389226,369.4876270555196,372.35589599609375,19091900,372.35589599609375
2026-06-02,362.94155828091095,369.56757513109494,354.78646296524,358.1744384765625,34648600,358.1744384765625
2026-06-03,358.1194663498822,362.28196979782444,354.16685855422884,355.466064453125,43031000,355.466064453125
2026-06-04,355.226213908984,369.63752354949486,354.58658421381983,369.0478820800781,37746200,369.0478820800781
2026-06-05,363.16143521275876,368.97794185707363,361.41248782137086,365.5400085449219,23411500,365.5400085449219
2026-06-08,362.4849853515625,363.3800048828125,357.8900146484375,361.1700134277344,18739000,361.1700134277344
2026-06-09,364.885009765625,369.6919860839844,354.7200012207031,362.2900085449219,19873600,362.2900085449219
2026-06-10,361.04998779296875,366.30999755859375,352.80999755859375,353.32000732421875,19878600,353.32000732421875
2026-06-11,353.04998779296875,358.010009765625,343.6300048828125,356.55999755859375,28771800,356.55999755859375
2026-06-12,361.1000061035156,364.77301025390625,353.3399963378906,358.1600036621094,17637100,358.1600036621094
2026-06-15,365.989990234375,370.6499938964844,364.6499938964844,367.1099853515625,17268600,367.1099853515625
2026-06-16,367.4649963378906,373.6000061035156,365.32000732421875,371.1000061035156,16492800,371.1000061035156
2026-06-17,367.04998779296875,370.1499938964844,360.2300109863281,362.1000061035156,16003500,362.1000061035156
2026-06-18,363.8900146484375,369.0,356.6080017089844,367.4599914550781,29339100,367.4599914550781
2026-06-22,357.135009765625,358.20001220703125,340.94000244140625,348.7799987792969,32211200,348.7799987792969
2026-06-23,340.1050109863281,348.7200012207031,339.7149963378906,346.0799865722656,21820900,346.0799865722656
2026-06-24,348.7200012207031,352.8299865722656,341.5,345.0400085449219,23898400,345.0400085449219
2026-06-25,336.9200134277344,343.19000244140625,335.8999938964844,342.19000244140625,27687600,342.19000244140625
2026-06-26,340.9800109863281,344.1199951171875,333.69000244140625,334.69000244140625,82484600,334.69000244140625
2026-06-29,339.95001220703125,351.9700012207031,338.80999755859375,351.2799987792969,25565700,351.2799987792969
2026-06-30,350.9599914550781,355.3900146484375,348.1099853515625,353.3299865722656,21278400,353.3299865722656
2026-07-01,354.614990234375,359.55999755859375,353.2300109863281,357.8900146484375,19546800,357.8900146484375
2026-07-02,356.1499938964844,360.989990234375,350.32000732421875,356.17999267578125,15532900,356.17999267578125
2026-07-06,358.19500732421875,365.67999267578125,354.19000244140625,364.8999938964844,22652700,364.8999938964844
2026-07-07,367.2349853515625,370.8900146484375,362.4200134277344,363.6199951171875,16443900,363.6199951171875
2026-07-08,362.2099914550781,364.9800109863281,354.70001220703125,358.7099914550781,14710400,358.7099914550781
2026-07-09,351.0849914550781,356.7300109863281,348.6600036621094,356.239990234375,17217400,356.239990234375
2026-07-10,354.9540100097656,355.67999267578125,350.70001220703125,355.0299987792969,11618500,355.0299987792969
2026-07-13,353.989990234375,355.75,349.82000732421875,350.6700134277344,10563600,350.6700134277344
