Date,Open,High,Low,Close,Adj Close,Volume
2004-08-16,2.468896622228008,2.6930730354388173,2.3691540780448865,2.674062728881836,1356284704,2.674062728881836
2004-08-23,2.734303031787097,2.801703841376892,2.5570360570942983,2.6207334995269775,1125298143,2.6207334995269775
2004-08-30,2.5992540111289717,2.604439434706994,2.44272611214286,2.4691431522369385,794237881,2.4691431522369385
2004-09-06,2.4938328536200953,2.630856758849117,2.4592686375137496,2.600489377975464,474118476,2.600489377975464
2004-09-13,2.6325845902228697,2.900707483291626,2.628387518676178,2.900707483291626,967075300,2.900707483291626
2004-09-20,2.887374745240584,3.06390035146174,2.8829309406353647,2.9584789276123047,866054062,2.9584789276123047
2004-09-27,2.951812797899791,3.333504509913303,2.908360974796506,3.273263692855835,1675817921,3.273263692855835
2004-10-04,3.3391833819713153,3.453492657225678,3.2648695318884964,3.400411605834961,1337566807,3.400411605834961
2004-10-11,3.3823882232278044,3.5922450772108796,3.293507879055916,3.557926654815674,1317046178,3.557926654815674
2004-10-18,3.535460370312725,4.448212029120893,3.4465800097168593,4.257119655609131,3169567955,4.257119655609131
2004-10-25,4.355133798100754,4.936558725938548,4.260080854578609,4.706705093383789,4193142236,4.706705093383789
2004-11-01,4.778549474345275,4.977295272091947,4.161325545829791,4.1810760498046875,2878854358,4.1810760498046875
2004-11-08,4.2200858316212955,4.685966155948575,4.0803457459465475,4.493391990661621,2594954205,4.493391990661621
2004-11-15,4.45512472914743,4.6494269992262165,4.091703091205172,4.182311058044434,3065475247,4.182311058044434
2004-11-22,4.060595439391884,4.444755481063209,3.982578447791687,4.428954601287842,1868682124,4.428954601287842
2004-11-29,4.452901967060251,4.518081232531423,4.382537987290237,4.453889846801758,1540183428,4.453889846801758
2004-12-06,4.422534651459529,4.461296880836138,4.159350235911913,4.237861156463623,1310409395,4.237861156463623
2004-12-13,4.250699940801263,4.461049336417894,4.183545854655713,4.44598913192749,1739977509,4.44598913192749
2004-12-20,4.493392610960763,4.656339858645707,4.490182710227369,4.639057159423828,918325255,4.639057159423828
2004-12-27,4.6699193131603804,4.93483184629884,4.66868422689358,4.759787082672119,1064005261,4.759787082672119
2005-01-03,4.873602611355864,5.027662250696283,4.634613657898561,4.785957336425781,2324146943,4.785957336425781
2005-01-10,4.802004365199158,4.938040614893948,4.703248998056998,4.937053680419922,1572504121,4.937053680419922
2005-01-17,4.961741453081358,5.068645169128209,4.644488829459154,4.648438930511475,1714012549,4.648438930511475
2005-01-24,4.658561810951399,4.806942775620771,4.352417859486952,4.69929838180542,2241385892,4.69929838180542
2005-01-31,4.782006661608993,5.3525677567353025,4.706458434558507,5.045437812805176,3575046111,5.045437812805176
2005-02-07,5.067657903530284,5.095802551565075,4.573631508478775,4.626712322235107,2959475417,4.626712322235107
2005-02-14,4.514379014507163,4.933844676287321,4.46870445393063,4.887182235717773,4006063638,4.887182235717773
2005-02-21,4.851382435006452,4.910634895077982,4.499070484707102,4.588938236236572,2604024073,4.588938236236572
2005-02-28,4.592147990964908,4.687693448334669,4.49339168818151,4.589678764343262,1557728948,4.589678764343262
2005-03-07,4.636095625014157,4.687201160762252,4.373651368508009,4.3896989822387695,1889564103,4.3896989822387695
2005-03-14,4.402784629017184,4.4538906349077125,4.260576242710639,4.44500207901001,1767624750,4.44500207901001
2005-03-21,4.425991475983399,4.497589131641899,4.376120086985027,4.425498008728027,869872320,4.425498008728027
2005-03-28,4.485492393493652,4.562521975465516,4.385748663493919,4.44500207901001,1381065241,4.44500207901001
2005-04-04,4.442780773551581,4.816817614673502,4.440064340257261,4.741516590118408,1480508587,4.741516590118408
2005-04-11,4.767193283562465,4.809410730062118,4.559064963870132,4.5674591064453125,1486189801,4.5674591064453125
2005-04-18,4.557089549815293,5.530328883568146,4.530178569464446,5.328126430511475,3267754608,5.328126430511475
2005-04-25,5.377751903063151,5.5485993606770005,5.3510876522666075,5.43157434463501,2618971893,5.43157434463501
2005-05-02,5.482185034396907,5.675499875398117,5.436757689289031,5.629578590393066,2164265907,5.629578590393066
2005-05-09,5.629084614205916,5.733518624458532,5.548104475227757,5.659698486328125,1594959977,5.659698486328125
2005-05-16,5.67056228591335,5.966583061735739,5.6431578390727815,5.96510124206543,1753841279,5.96510124206543
2005-05-23,6.00337089073038,6.56850107363898,5.992260786583581,6.56726598739624,3782926388,6.56726598739624
2005-05-30,6.6519484093093775,7.231151767410816,6.650467535005234,6.91933012008667,3781517125,6.91933012008667
2005-06-06,6.971917733248526,7.396567555193558,6.863533139048502,6.974633693695068,4082745988,6.974633693695068
2005-06-13,6.908467345700517,7.0163580051304875,6.602571059956687,6.920317649841309,2676996570,6.920317649841309
2005-06-20,6.816377370728379,7.357313455124847,6.708733440520411,7.338796615600586,3150107284,7.338796615600586
2005-06-27,7.379532712793302,7.6350641363682525,7.14054378590688,7.190661907196045,3190317439,7.190661907196045
2005-07-04,7.2116476735477475,7.347436712756575,7.123014059541525,7.313612937927246,1350001241,7.313612937927246
2005-07-11,7.317809886262,7.573340830544289,7.182761518459084,7.436070442199707,1798684735,7.436070442199707
2005-07-18,7.4066904035364285,7.846153704852982,7.316082444508246,7.465943813323975,3064074014,7.465943813323975
2005-07-25,7.465697521088463,7.487917728323653,7.085487607080794,7.104498386383057,1645444498,7.104498386383057
2005-08-01,7.113385196941553,7.399777213766068,7.112891257057476,7.2178192138671875,1206882801,7.2178192138671875
2005-08-08,7.248681437794604,7.299293024850831,6.928217958939363,7.15288782119751,1254319942,7.15288782119751
2005-08-15,7.154863038530244,7.228189247629702,6.789466606511585,6.9129109382629395,1468800867,6.9129109382629395
2005-08-22,6.943525412553224,7.036850754609133,6.7487296825582535,7.001297950744629,1178789894,7.001297950744629
2005-08-29,6.968214905458793,7.159554948210354,6.968214905458793,7.121532917022705,879508304,7.121532917022705
2005-09-05,7.135111378564571,7.388913758813865,7.043268339391643,7.384222984313965,912029746,7.384222984313965
2005-09-12,7.449896052081964,7.790109071853729,7.355089848072426,7.411627292633057,2208575370,7.411627292633057
2005-09-19,7.431379024072804,7.88121170565161,7.424219023168559,7.785912036895752,1875917142,7.785912036895752
2005-09-26,7.888125527203528,7.923923643561147,7.544948380268322,7.813070297241211,1587126727,7.813070297241211
2005-10-03,7.743202127267682,7.932072474840187,7.604202698560458,7.727400302886963,1662090660,7.727400302886963
2005-10-10,7.735301460787255,7.772581871720504,7.1765892367092246,7.3113908767700195,1706685186,7.3113908767700195
2005-10-17,7.344969411177382,8.55300096468959,7.272383398259647,8.391780853271484,2347136792,8.391780853271484
2005-10-24,8.477451374070187,8.862106291543169,8.448318842436144,8.842848777770996,1455651766,8.842848777770996
2005-10-31,8.893953227689671,9.67289026521347,8.87593127597827,9.639313697814941,2310134617,9.639313697814941
2005-11-07,9.754611224190793,9.813123957062725,9.318356903184478,9.638572692871094,1772559176,9.638572692871094
2005-11-14,9.6810365371278,9.986685565232255,9.652150746174016,9.880770683288574,1660833967,9.880770683288574
2005-11-21,9.855094904151358,10.58539516438525,9.71486135735802,10.582184791564941,1399473984,10.582184791564941
2005-11-28,10.61181222110013,10.646870136749937,9.765967805743653,10.312582015991211,2625371790,10.312582015991211
2005-12-05,10.29530017277987,10.307645362436947,9.851145602925929,10.102726936340332,2153401337,10.102726936340332
2005-12-12,10.236788154124788,10.677980060762632,10.121244015062151,10.61996078491211,1771438994,10.61996078491211
2005-12-19,10.670572399594787,11.016465531190153,10.372082375439897,10.639217376708984,2223707877,10.639217376708984
2005-12-26,10.662177837668924,10.662177837668924,10.21481479031451,10.24246597290039,1138395051,10.24246597290039
2006-01-02,10.431582185168404,11.616159694770676,10.325420559587462,11.496665000915527,2287453921,11.496665000915527
2006-01-09,11.515182004738824,11.729976385268365,11.380132687294964,11.511232376098633,1954430329,11.511232376098633
2006-01-16,11.43247359042325,11.601347161226599,9.745724040834519,9.862256050109863,3389055576,9.862256050109863
2006-01-23,10.057793171669038,11.214470998567108,10.017056597745537,10.702421188354492,3144707119,10.702421188354492
2006-01-30,10.597246303274723,10.853271676633215,9.19836871434699,9.420076370239258,3527849868,9.420076370239258
2006-02-06,9.512906807450006,9.626228444146301,8.718662744017958,8.95246696472168,2951445432,8.95246696472168
2006-02-13,8.558185134902532,9.187752963905035,8.340674776970946,9.104058265686035,3330617353,9.104058265686035
2006-02-20,9.047025322905489,9.412421712957155,8.983327404644083,9.317615509033203,1373051315,9.317615509033203
2006-02-27,9.41316195774609,9.814851822284341,8.357461671797392,9.336874008178711,3693926039,9.336874008178711
2006-03-06,9.404276687356658,9.465751179689027,8.185628941196104,8.332527160644531,2581644504,8.332527160644531
2006-03-13,8.41720847156827,8.69965036155288,8.212043351227475,8.389062881469727,2546722094,8.389062881469727
2006-03-20,8.452020416949715,9.137140087318464,8.332525723981963,9.031224250793457,2025563960,9.031224250793457
2006-03-27,9.063073326546592,9.850898511670776,9.011473857782557,9.628697395324707,3462132464,9.628697395324707
2006-04-03,9.61709567083147,10.235307176476118,9.577592761333792,10.02767276763916,2122859285,10.02767276763916
2006-04-10,10.050385478436846,10.347145511185294,9.887931720149764,9.928915023803711,1324835264,9.928915023803711
2006-04-17,9.96076444046433,11.127811695027601,9.896326312290501,10.791548728942871,2328760169,10.791548728942871
2006-04-24,10.84833416963439,10.97918524982756,10.27801925874325,10.318509101867676,1663909451,10.318509101867676
2006-05-01,10.331590789675031,10.355540018314098,9.589194007385753,9.734859466552734,1696523239,9.734859466552734
2006-05-08,9.754857322665753,10.164694105030662,9.22256316183921,9.236883163452148,1582983254,9.236883163452148
2006-05-15,9.281323447189537,9.426494494102208,8.902100541781289,9.13541030883789,1724768714,9.13541030883789
2006-05-22,9.081837054409855,9.526979472438283,9.017645665053765,9.415138244628906,1565959684,9.415138244628906
2006-05-29,9.339343800623391,9.556607423891238,9.05542049946397,9.367982864379883,1002210503,9.367982864379883
2006-06-05,9.287495167042964,9.762757967252877,9.237377049802289,9.544013977050781,1656048096,9.544013977050781
2006-06-12,9.587712931367466,9.684247213391282,9.335391436701999,9.645978927612305,1306498792,9.645978927612305
2006-06-19,9.649683732697818,10.116304271175316,9.542533278070962,9.995575904846191,1270508393,9.995575904846191
2006-06-26,10.042237649459699,10.352825164794922,9.900522748543578,10.352825164794922,975041047,10.352825164794922
2006-07-03,10.370354248107919,10.564162076347298,10.261721507054625,10.380475997924805,677381511,10.380475997924805
2006-07-10,10.454296826270031,10.49849050653977,9.841269629419656,9.961999893188477,1196106560,9.961999893188477
2006-07-17,9.98989855498984,10.147168096140001,9.324777425334272,9.631414413452148,1893490765,9.631414413452148
2006-07-24,9.698320612864517,9.724738126384628,9.331196110786781,9.582283020019531,1168515528,9.582283020019531
2006-07-31,9.579321200224012,9.608206997926539,8.970984750251777,9.229971885681152,1147424770,9.229971885681152
2006-08-07,9.171951529353588,9.497352516691102,9.0855399347428,9.097884178161621,884482879,9.097884178161621
2006-08-14,9.171952265057289,9.628697816245989,9.102082215718347,9.464763641357422,1106214880,9.464763641357422
2006-08-21,9.334899212699407,9.363538274779643,9.190715077114666,9.215404510498047,713821588,9.215404510498047
2006-08-28,9.273422689003,9.496612629752002,9.25836248465275,9.347243309020996,734791895,9.347243309020996
2006-09-04,9.378599114223274,9.515129789942872,9.300828859077528,9.328727722167969,591159537,9.328727722167969
2006-09-11,9.338849312010217,10.123710827441679,9.326751802229374,10.119514465332031,1322695272,10.119514465332031
2006-09-18,10.122476843779626,10.337023530829885,9.696344272949585,9.968911170959473,1842444145,9.968911170959473
2006-09-25,10.01335147368346,10.152597142486876,9.888918329130238,9.92249584197998,1016664479,9.92249584197998
2006-10-02,9.922498088292171,10.416524102259926,9.830901289703261,10.381712913513184,1160521676,10.381712913513184
2006-10-09,10.487873669926792,10.81006428668664,10.428373054911589,10.549595832824707,1263670862,10.549595832824707
2006-10-16,10.559472186092579,11.359394887924552,10.287893146735835,11.34877872467041,1553766150,11.34877872467041
2006-10-23,11.413214695436196,12.145983233311144,11.366060217862215,11.732196807861328,1870500916,11.732196807861328
2006-10-30,11.722816167826812,11.9040330295432,11.481851956966217,11.648255348205566,1141028885,11.648255348205566
2006-11-06,11.696892530141406,11.893663054154914,11.569249956281098,11.691460609436035,1025007634,11.691460609436035
2006-11-13,11.724790483747032,12.340780314432934,11.706026440160509,12.314610481262207,1226162797,12.314610481262207
2006-11-20,12.304981658070224,12.665440563758297,12.163020021811263,12.467928886413574,794382421,12.467928886413574
2006-11-27,12.378308219328384,12.388430915238029,11.777378555053051,11.870455741882324,1310754685,11.870455741882324
2006-12-04,11.924771646896989,12.156847770774984,11.834657157768207,11.952176094055176,887008310,11.952176094055176
2006-12-11,11.972174142418782,12.070435562476572,11.777130758566638,11.858110427856445,885153384,11.858110427856445
2006-12-18,11.9126731611961,11.918350869849311,11.167806187273898,11.247798919677734,1201004850,11.247798919677734
2006-12-25,11.271009305292456,11.568758201608002,11.223359461281898,11.36877727508545,481044338,11.36877727508545
2007-01-01,11.505059786248978,12.035872692337412,11.384331412639396,12.028219223022461,902016353,12.028219223022461
2007-01-08,12.04056263060321,12.467928886413574,11.880331362711162,12.467928886413574,1115613979,12.467928886413574
2007-01-15,12.530885853375771,12.665440756515137,12.017108939912502,12.091422080993652,1010906979,12.091422080993652
2007-01-22,12.159316403644763,12.455583902039459,11.783797316342605,12.241777420043945,1123961151,12.241777420043945
2007-01-29,12.295107762180825,12.492866191168096,11.796636803324718,11.887739181518555,1730763100,11.887739181518555
2007-02-05,11.788982426762564,11.801327615776714,11.393959066458663,11.40358829498291,1027191790,11.40358829498291
2007-02-12,11.373714992090552,11.607519210052121,11.233974897157694,11.602334022521973,1033270488,11.602334022521973
2007-02-19,11.566038851869202,11.95538445861824,11.473208410572584,11.619121551513672,776286849,11.619121551513672
2007-02-26,11.673684347064723,11.733430747621645,10.83055591583252,10.83055591583252,1468837001,10.83055591583252
2007-03-05,10.789572047918165,11.49271463352249,10.789078580691555,11.183114051818848,1235148351,11.183114051818848
2007-03-12,11.173486619794158,11.239652822539512,10.83845735331862,10.88413143157959,1102633507,10.88413143157959
2007-03-19,10.943385020113418,11.44062035257168,10.878699220759843,11.402105331420898,972009725,11.402105331420898
2007-03-26,11.370504848309848,11.505059758427107,11.2334816565309,11.311498641967773,819532337,11.311498641967773
2007-04-02,11.30162185806579,11.708743665703617,11.162376183036116,11.641096115112305,660261581,11.641096115112305
2007-04-09,11.677388211563851,11.677882624153623,11.412228973097529,11.512219429016113,616546337,11.512219429016113
2007-04-16,11.565793102336825,12.159316950922975,11.558139633664526,11.911932945251465,1490750835,11.911932945251465
2007-04-23,11.85317344548178,11.974149487580455,11.74083780648054,11.826261520385742,818524576,11.826261520385742
2007-04-30,11.829718742261582,11.884035114866391,11.45987828988299,11.63146686553955,718936688,11.63146686553955
2007-05-07,11.656650016024809,11.673437355522072,11.381614821821955,11.52332878112793,660285670,11.52332878112793
2007-05-14,11.492221570245716,11.732691372379705,11.292980861810257,11.611716270446777,919529753,11.611716270446777
2007-05-21,11.592210965366348,11.972915268290572,11.522835332654791,11.937609672546387,986909366,11.937609672546387
2007-05-28,11.974151597623624,12.56125480213803,11.924773670433542,12.354362487792969,1051410227,12.354362487792969
2007-06-04,12.292883536309695,12.998741108601388,12.284983334304204,12.72691535949707,1703300549,12.72691535949707
2007-06-11,12.690624572584097,12.795059074903088,12.312142735796419,12.489903450012207,1160192447,12.489903450012207
2007-06-18,12.497062751970244,12.961461752849475,12.449165232825147,12.961215019226074,1009481656,12.961215019226074
2007-06-25,13.059971458495474,13.208352917643966,12.82493354828102,12.904926300048828,1115630040,12.904926300048828
2007-07-02,12.973806317860658,13.440675502548402,12.941957827522975,13.317230224609375,523928479,13.317230224609375
2007-07-09,13.406110525873355,13.644852245238111,13.33228990656648,13.6322603225708,785886695,13.6322603225708
2007-07-16,13.586340425432565,13.79076444261867,12.57903002972807,12.841227531433105,1843186918,12.841227531433105
2007-07-23,12.813820708546764,12.838263406607359,12.316831155614983,12.638035774230957,1199129849,12.638035774230957
2007-07-30,12.663465264366632,12.849126158330995,12.418550491333008,12.418550491333008,762571632,12.418550491333008
2007-08-06,12.418551605871944,13.006642627056332,12.406207361737806,12.733336448669434,911656352,12.733336448669434
2007-08-13,12.826905336729954,12.832089578229418,11.862060706109478,12.345470428466797,1057850275,12.345470428466797
2007-08-20,12.405218381350718,12.745679562065304,12.245727320250946,12.714818954467773,606665440,12.714818954467773
2007-08-27,12.700746687902534,12.77530750991317,12.487433651536852,12.720991134643555,553169673,12.720991134643555
2007-09-03,12.715315139398834,13.080958351555415,12.705439175653085,12.822216987609863,573987413,12.822216987609863
2007-09-10,12.869866373572965,13.091820780853055,12.613101724120042,13.054293632507324,544890757,13.054293632507324
2007-09-17,12.99948244247884,13.845326903522778,12.938748157174947,13.828290939331055,1022891732,13.828290939331055
2007-09-24,13.850510718920981,14.116905507744388,13.825822231760277,14.005311012268066,645189297,14.005311012268066
2007-10-01,14.07197210157541,14.734623938016362,14.063083073678158,14.666481971740723,952103390,14.666481971740723
2007-10-08,14.689936162111726,15.835750999360572,14.664012116426235,15.736501693725586,1517831962,15.736501693725586
2007-10-15,15.763166676452268,16.257439358791572,15.10940197471131,15.917224884033203,1890170367,15.917224884033203
2007-10-22,15.768104507504072,16.763069693519775,15.709097355977544,16.655179977416992,1204967648,16.655179977416992
2007-10-29,16.73344390080264,17.621011953629573,16.593210326518538,17.560029983520508,1172875810,17.560029983520508
2007-11-05,17.454851752962668,18.44858313856408,16.324590661376522,16.392732620239258,2147772316,16.392732620239258
2007-11-12,16.238922063361162,16.677151235348717,15.2088989789071,15.643671989440918,1717529682,15.643671989440918
2007-11-19,15.54392973554073,16.746035930845853,15.270129120449022,16.707027435302734,1008574267,16.707027435302734
2007-11-26,16.79343567130785,17.55533579503998,16.054246382899496,17.109453201293945,1514238542,17.109453201293945
2007-12-03,17.06032003746611,17.72667651469956,16.717390623393122,17.649398803710938,864331629,17.649398803710938
2007-12-10,17.677054040379574,17.894563418123536,16.818371947140836,17.034399032592773,998476559,17.034399032592773
2007-12-17,16.986009116032875,17.264006987198634,16.109550853154605,17.2005558013916,1079149814,17.2005558013916
2007-12-24,17.15858554444566,17.67730090706734,17.11093665079442,17.34473991394043,387992861,17.34473991394043
2007-12-31,17.24697473844009,17.34375482844248,16.171276554360208,16.220653533935547,614109237,16.220653533935547
2008-01-07,16.145104181890975,16.35101047718902,15.369129785415863,15.757733345031738,1196202919,15.757733345031738
2008-01-14,16.07597688099064,16.230530457307648,14.764251023483974,14.819555282592773,1498881195,14.819555282592773
2008-01-21,13.875939809323295,14.751657884522126,12.81357390466069,13.983831405639648,1719786108,13.983831405639648
2008-01-28,14.09665888381755,14.146777945287653,12.591372193957358,12.737037658691406,2108316980,12.737037658691406
2008-02-04,12.568413028241753,12.782219526739919,12.061054968980873,12.756543159484863,1877193910,12.756543159484863
2008-02-11,12.851102467441153,13.35772035639784,12.666181752784272,13.076266288757324,1237814305,13.076266288757324
2008-02-18,13.20711643529982,13.210079129390532,12.2839961644625,12.53705883026123,971881246,12.53705883026123
2008-02-25,12.4913823461747,12.504962147981331,11.032265019929685,11.632946968078613,2320437090,11.632946968078613
2008-03-03,11.641096098984528,11.670968827721989,10.523425914723298,10.69896411895752,1772808107,10.69896411895752
2008-03-10,10.587370649614208,11.093741810905076,10.197532447202247,10.811793327331543,1516358460,10.811793327331543
2008-03-17,10.566631376065487,11.048314029304246,10.174571640905407,10.703902244567871,1253392478,10.703902244567871
2008-03-24,10.824384803689075,11.499628568724008,10.72266626601758,10.815744400024414,1125370413,10.815744400024414
2008-03-31,10.75550128341199,11.797129229045174,10.665880267480814,11.630724906921387,1172944064,11.630724906921387
2008-04-07,11.777377954035817,11.98501232237107,11.233727386224498,11.293968200683594,1035093296,11.293968200683594
2008-04-14,11.286807695024994,13.5221469840988,10.887834738524186,13.317475318908691,1912722581,13.317475318908691
2008-04-21,13.316981256337243,13.846312719389303,13.092310944909164,13.432278633117676,1148255874,13.432278633117676
2008-04-28,13.477215049752575,14.873870168257984,13.307354540386331,14.351451873779297,1198844785,14.351451873779297
2008-05-05,14.785235497690802,14.80078916847119,14.104807541009844,14.151716232299805,1089311760,14.151716232299805
2008-05-12,14.189985536413003,14.595871806150342,14.04580140033305,14.321330070495605,924251385,14.321330070495605
2008-05-19,14.283803532722008,14.53884008793151,13.277975425572421,13.446106910705566,999492353,13.446106910705566
2008-05-26,13.45449994893241,14.564515694709792,13.42709455693712,14.462797164916992,641840794,14.462797164916992
2008-06-02,14.381322980913732,14.518100370316654,13.840882793401688,13.998644828796387,802753682,13.998644828796387
2008-06-09,14.024815994167124,14.213439600459884,13.44215594435736,14.109992980957031,981047475,14.109992980957031
2008-06-16,13.986300472013841,14.297380499332807,13.443390116829832,13.490792274475098,885430417,13.490792274475098
2008-06-23,13.464376053196533,13.771507426937443,12.71704069009901,13.037503242492676,945037004,13.037503242492676
2008-06-30,13.146134358072237,13.34142352801464,12.764195475466188,13.257975578308105,616249229,13.257975578308105
2008-07-07,13.38882622788572,13.719164691770494,12.824189168480741,13.178969383239746,909584614,13.178969383239746
2008-07-14,13.30735356972257,13.333524349201271,11.8060173258561,11.883294105529785,1418007190,11.883294105529785
2008-07-21,11.87243227048774,12.276096066168954,11.495184099584565,12.146479606628418,891790167,12.146479606628418
2008-07-28,12.149195239626351,12.149195239626351,11.418649096595392,11.550980567932129,615357899,11.550980567932129
2008-08-04,11.557399407796337,12.239556396675944,11.403834676779766,12.221285820007324,640808939,12.221285820007324
2008-08-11,12.158577347622785,12.60767039219273,12.14154138215275,12.595078468322754,685953521,12.595078468322754
2008-08-18,12.587423507936162,12.591373136442034,11.832681452939704,12.112160682678223,649376935,12.112160682678223
2008-08-25,12.00155479518859,12.270416911905247,11.414450752935917,11.438151359558105,665986961,11.438151359558105
2008-09-01,11.770960231747555,11.904528208254918,10.865121653147334,10.9680757522583,795325945,10.9680757522583
2008-09-08,11.159905722886425,11.182619392982867,10.03310179117858,10.805373191833496,1404191601,10.805373191833496
2008-09-15,10.468122019239434,11.40803050789142,10.134820848443717,11.089049339294434,1657405162,11.089049339294434
2008-09-22,11.212000563372134,11.212000563372134,10.394796164574936,10.641932487487793,970275250,10.641932487487793
2008-09-29,10.35726935343161,10.494786003534196,9.399336960062609,9.552409172058105,1367578879,9.552409172058105
2008-10-06,9.23318010848159,9.282804760486579,7.660986922120381,8.196737289428711,2118880426,8.196737289428711
2008-10-13,8.784086476770714,9.739796183549538,7.639752739952985,9.197626113891602,2164105307,9.197626113891602
2008-10-20,9.375635144605141,9.475132126879506,8.017496137192813,8.37671947479248,1322269684,8.37671947479248
2008-10-27,8.266113739593491,9.184296568249009,8.038728369748972,8.872228622436523,1584914464,8.872228622436523
2008-11-03,8.828281442837035,9.193183424840237,8.032060763460468,8.175504684448242,1345303697,8.175504684448242
2008-11-10,8.0979815214751,8.13353384990249,6.912910524605358,7.654074192047119,2048834859,7.654074192047119
2008-11-17,7.480756617040931,7.657530368832986,6.105581234771309,6.4791259765625,1756495190,6.4791259765625
2008-11-24,6.647751816709707,7.319044972570074,6.147799558168312,7.232879638671875,1194380112,7.232879638671875
2008-12-01,7.077834142219392,7.095115895409175,6.482830309234421,7.011420726776123,1158867499,7.011420726776123
2008-12-08,7.159555338887943,7.851093033302886,6.962290369459421,7.79578971862793,1291723615,7.79578971862793
2008-12-15,7.752581614710463,8.135014424601426,7.532850227718837,7.657776832580566,1203024393,7.657776832580566
2008-12-22,7.618028028481583,7.641235168520026,7.175354833701277,7.415578842163086,464771573,7.415578842163086
2008-12-29,7.412121858597668,7.945403458501759,7.198808840500238,7.933059215545654,563813419,7.933059215545654
2009-01-05,7.925159440854766,8.41400068722533,7.73752276711907,7.778753280639648,953556818,7.778753280639648
2009-01-12,7.809367622321512,7.9152839424724295,7.080549085940551,7.398543834686279,978196830,7.398543834686279
2009-01-19,7.385457123087415,8.195749186146378,6.980805976775599,8.016507148742676,1163243842,8.016507148742676
2009-01-26,8.020210726369696,8.698663832697369,7.914295367190561,8.357955932617188,1171783731,8.357955932617188
2009-02-02,8.25327577989463,9.22898438453663,8.196737856176258,9.166521072387695,1320262188,9.166521072387695
2009-02-09,9.166520894371677,9.406497230469988,8.677678249022714,8.830750465393066,1084433544,8.830750465393066
2009-02-16,8.55497485529666,8.883090898102738,8.270805761385297,8.553494453430176,919862997,8.553494453430176
2009-02-23,8.567070439519659,8.702613205720763,8.136248069111463,8.344623565673828,1155583236,8.344623565673828
2009-03-02,8.229573761009492,8.411531765996887,7.264729053252804,7.618274688720703,1360913991,7.618274688720703
2009-03-09,7.406196529545869,8.084649192393446,7.146221552551585,8.009593963623047,1126430371,8.009593963623047
2009-03-16,8.04835588093853,8.394248003782156,7.865657698291725,8.1513090133667,944350438,8.1513090133667
2009-03-23,8.235252790347992,8.86728980440143,8.222167400151235,8.584354400634766,873417559,8.584354400634766
2009-03-30,8.457205992067665,9.177383610486078,8.296727988801988,9.129487037658691,735883973,9.129487037658691
2009-04-06,9.060851448850459,9.242316005552567,8.772238318692608,9.19664192199707,526293311,9.19664192199707
2009-04-13,9.16775481476316,9.871143236262442,8.990734306636426,9.684001922607422,1297858526,9.684001922607422
2009-04-20,9.533644067505984,9.707208402303728,9.280335617992204,9.616106033325195,707461838,9.616106033325195
2009-04-27,9.488956616256147,9.968169004858382,9.419827728068585,9.719799041748047,627447043,9.719799041748047
2009-05-04,9.830405034097232,10.125685583892874,9.69041917249873,10.05655574798584,606328180,10.05655574798584
2009-05-11,9.944716844824855,10.171854524311202,9.49759959693952,9.628697395324707,607813727,9.628697395324707
2009-05-18,9.745477915501946,10.015574683379796,9.51512984316915,9.715109825134277,518399834,9.715109825134277
2009-05-25,9.676840946472442,10.30097770690918,9.628696697261155,10.30097770690918,459949566,10.30097770690918
2009-06-01,10.338012555767422,11.04436368065264,10.333075047084558,10.969802856445312,674426477,10.969802856445312
2009-06-08,10.850800334418446,10.885858245942417,10.399238174152083,10.488860130310059,622167328,10.488860130310059
2009-06-15,10.406399890651675,10.406399890651675,10.160991633500366,10.371588706970215,707481913,10.371588706970215
2009-06-22,10.294065889558622,10.57255821391057,9.92225058359565,10.500713348388672,633686343,10.500713348388672
2009-06-29,10.517501239145002,10.561940707510619,10.043719729272283,10.085197448730469,385102067,10.085197448730469
2009-07-06,10.036065268695229,10.304433914492863,9.776337025814929,10.231107711791992,608885730,10.231107711791992
2009-07-13,10.274810470374534,11.005109039340807,10.250367766514863,10.622429847717285,968701372,10.622429847717285
2009-07-20,10.613294313622198,11.122133738216878,10.455778997735965,11.029056549072266,634910915,11.029056549072266
2009-07-27,11.012266679324963,11.176696199317675,10.662918350595211,10.938447952270508,525277517,10.938447952270508
2009-08-03,11.078928137062153,11.342606037210464,11.051770421284878,11.285327911376953,480839575,11.285327911376953
2009-08-10,11.23693684861194,11.47345606617892,11.168795831719335,11.356925010681152,380067266,11.356925010681152
2009-08-17,11.147070051139387,11.507282247231299,10.82759442851481,11.486296653747559,593644817,11.486296653747559
2009-08-24,11.538388785496503,11.711211975292075,11.374948090442755,11.474198341369629,423690165,11.474198341369629
2009-08-31,11.35174051190651,11.525302950500512,11.17397982066381,11.389020919799805,381544783,11.389020919799805
2009-09-07,11.46284081146053,11.685288649762823,11.254219508719878,11.656649589538574,372976788,11.656649589538574
2009-09-14,11.616407202135223,12.279552505141384,11.60504989265451,12.13364028930664,591235822,12.13364028930664
2009-09-21,12.041795651131716,12.51730514996002,12.004268513027471,12.158821105957031,499424977,12.158821105957031
2009-09-28,12.217089794961444,12.38151742679898,11.914895942162353,11.96377944946289,501641254,11.96377944946289
2009-10-05,12.039574623537685,12.918501131282543,11.933164380222802,12.745678901672363,674237771,12.745678901672363
2009-10-12,12.922699577495619,13.696205680501166,12.821474512083006,13.575228691101074,986094321,13.575228691101074
2009-10-19,13.645345929096294,13.809774509864335,13.349325136989071,13.670035362243652,628804110,13.670035362243652
2009-10-26,13.720894305676051,13.866312104560935,13.189833752673538,13.236249923706055,592042836,13.236249923706055
2009-11-02,13.25994976099899,13.62287787575782,13.04170018120811,13.60608959197998,465313596,13.60608959197998
2009-11-09,13.713487565604611,14.159123456959485,13.683367157439307,14.123324394226074,431752270,14.123324394226074
2009-11-16,14.196156152579526,14.289481016276518,14.057898355703356,14.071724891662598,395063264,14.071724891662598
2009-11-23,14.232943888442671,14.493905825462502,14.096660898246693,14.313676834106445,280989283,14.313676834106445
2009-11-30,14.335157128159826,14.685740100640727,14.248251113277577,14.443294525146484,387482958,14.443294525146484
2009-12-07,14.423541046139079,14.68376275946995,14.344290399882823,14.579081535339355,334428840,14.579081535339355
2009-12-14,14.698576193502324,14.822515873612527,14.590932275643581,14.724993705749512,528915101,14.724993705749512
2009-12-21,14.754373149503994,15.295309651216716,14.706477523288495,15.269632339477539,296442993,15.269632339477539
2009-12-28,15.348144091470594,15.455046866999087,15.258029600673899,15.306666374206543,233194807,15.306666374206543
2010-01-04,15.478749062222942,15.541952575212921,14.544519122569936,14.863253593444824,806138321,14.863253593444824
2010-01-11,14.923493388423536,14.923493388423536,14.168999022349949,14.319601058959961,1133729628,14.319601058959961
2010-01-18,14.349228788452486,14.57686182718519,13.205141042461634,13.579179763793945,830119874,13.579179763793945
2010-01-25,13.49474204929337,13.575969399825192,12.976767853343478,13.083671569824219,807390998,13.083671569824219
2010-02-01,13.198723311675895,13.383890754666849,12.898998674217646,13.117002487182617,637572857,13.117002487182617
2010-02-08,13.146875869941374,13.38142122948001,13.0281223157682,13.162182807922363,517054811,13.162182807922363
2010-02-15,13.254766364954534,13.45573515192162,13.191316120527757,13.350807189941406,424549374,13.350807189941406
2010-02-22,13.513506382649267,13.517209277519799,12.838263603610756,13.006148338317871,509996453,13.006148338317871
2010-03-01,13.06540384704075,14.015187518959625,13.029357101597142,13.929763793945312,673719837,13.929763793945312
2010-03-08,13.943836153662803,14.524026024433727,13.739411198666023,14.308244705200195,730913413,14.308244705200195
2010-03-15,13.990744881031555,14.108511503395489,13.72706698660375,13.825822830200195,721831498,13.825822830200195
2010-03-22,13.729781989702635,14.122089376142952,13.324635947447502,13.892234802246094,911339167,13.892234802246094
2010-03-29,13.89988790156642,14.157888061685075,13.832733820947519,14.043084144592285,410167667,14.043084144592285
2010-04-05,14.094932363720268,14.193193792754718,13.827057166959372,13.979388236999512,423449265,13.979388236999512
2010-04-12,14.007286188646146,14.760053458322492,13.56979816836982,13.582635879516602,1150885692,13.582635879516602
2010-04-19,13.548073564019692,13.831995925328528,13.388089010511486,13.455242156982422,587513923,13.455242156982422
2010-04-26,13.45474783064344,13.455241297902571,12.863694112329043,12.978991508483887,687121883,12.978991508483887
2010-05-03,12.998741713953851,13.157244900688786,11.356925192282906,12.175117492675781,907605224,12.175117492675781
2010-05-10,12.689389306990957,12.907887529630063,12.251901285142766,12.53039264678955,752578315,12.53039264678955
2010-05-17,12.511876091479529,12.615323660183893,11.46555718974209,11.654428482055664,950312704,11.654428482055664
2010-05-24,11.868726192054444,12.182769842626568,11.45592765753515,11.989702224731445,664180214,11.989702224731445
2010-05-31,11.861321153818725,12.572856447842975,11.853666739939047,12.312881469726562,513059894,12.312881469726562
2010-06-07,12.321275382186151,12.366950402555702,11.653191710722748,12.060559272766113,538266019,12.060559272766113
2010-06-14,12.208199313706755,12.48940659536912,11.904526040695078,12.345223426818848,539594981,12.345223426818848
2010-06-21,12.342015305893026,12.368431873480535,11.61764038952328,11.669981002807617,456548867,11.669981002807617
2010-06-28,11.667760845938627,11.790218251467842,10.705878713525191,10.777970314025879,574834574,10.777970314025879
2010-07-05,10.96190220300365,11.684301383095555,10.705877782821819,11.54184627532959,509510639,11.54184627532959
2010-07-12,11.662328303406039,12.213633332576178,11.345075175095475,11.347297668457031,927933133,11.347297668457031
2010-07-19,11.38186225411028,12.112161670065632,11.29569833138578,12.099077224731445,654303331,12.099077224731445
2010-07-26,12.075127819832325,12.282762205524127,11.829472821510134,11.970446586608887,472243475,11.970446586608887
2010-08-02,12.072658766973115,12.556808730698917,12.017602193260661,12.349915504455566,530517083,12.349915504455566
2010-08-09,12.400033760549734,12.492617471191181,11.912673455618071,12.007478713989258,413885551,12.007478713989258
2010-08-16,11.941560898065758,12.213633413448429,11.382108928657878,11.406798362731934,551045741,11.406798362731934
2010-08-23,11.39395862970693,11.560608748944802,11.052016097514883,11.328038215637207,499079687,11.328038215637207
2010-08-30,11.335939403538235,11.65022981111121,11.060657485265097,11.611222267150879,426837919,11.611222267150879
2010-09-06,11.468025975552317,11.860581071498629,11.431486710168283,11.75540542602539,341940891,11.75540542602539
2010-09-13,11.872925083673872,12.127221425291655,11.81367120005825,12.101297378540039,581045769,12.101297378540039
2010-09-20,12.15931773404142,13.031578774662831,12.148453891693753,13.0182466506958,685808981,13.0182466506958
2010-09-27,13.056761504429728,13.25427318904904,12.799995936288799,12.977015495300293,578295500,12.977015495300293
2010-10-04,12.960474054329554,13.332042579853471,12.80987107363804,13.241927146911621,540614790,13.241927146911621
2010-10-11,13.29451551603195,14.853870042497658,13.260691268611223,14.8491792678833,1240407993,14.8491792678833
2010-10-18,14.826960962099577,15.29950690457339,14.826960962099577,15.122735023498535,818568740,15.122735023498535
2010-10-25,15.198281860911734,15.424185861479414,15.085700433714536,15.151618957519531,496887502,15.151618957519531
2010-11-01,15.201739417870268,15.55207565385717,15.090145860211841,15.432580947875977,554137286,15.432580947875977
2010-11-08,15.406410610194522,15.575035554700007,14.843254816552374,14.894608497619629,501476639,14.894608497619629
2010-11-15,14.889423331450242,14.912137950496538,14.353425251998837,14.586983680725098,566768455,14.586983680725098
2010-11-22,14.50402781715122,14.72943930289119,14.27516111540597,14.56649112701416,323475940,14.56649112701416
2010-11-29,14.54599975697204,14.561554374510242,13.660653312338969,14.146780014038086,759247218,14.146780014038086
2010-12-06,14.333675193100682,14.704256834087076,14.235907223762085,14.621055603027344,420229240,14.621055603027344
2010-12-13,14.742277589724855,14.887448661292556,14.508965892365095,14.58624267578125,437373261,14.58624267578125
2010-12-20,14.6812959765666,14.986204864497587,14.533408940858832,14.917816162109375,247769232,14.917816162109375
2010-12-27,14.881028427128532,14.908927287802571,14.61660939346716,14.664506912231445,233708726,14.664506912231445
2011-01-03,14.726476497063214,15.268399979656648,14.726476497063214,15.219267845153809,436871387,15.219267845153809
2011-01-10,15.178778619683342,15.412583783305305,15.024719466103504,15.410361289978027,335284033,15.410361289978027
2011-01-17,15.456775701980133,15.874019285819385,15.093848494226767,15.105452537536621,859742492,15.105452537536621
2011-01-24,15.000278600049425,15.368637747738104,14.80745767669084,14.837824821472168,663854999,14.837824821472168
2011-01-31,14.902263118141322,15.167423323263696,14.703516803791832,15.084466934204102,415824792,15.084466934204102
2011-02-07,15.064220528015372,15.430604817700608,15.040765709360164,15.41826057434082,411990475,15.41826057434082
2011-02-14,15.389620222035061,15.583182264307618,15.308147083287013,15.556024551391602,425617361,15.556024551391602
2011-02-21,15.307901184214675,15.428877230895354,14.846710670696014,15.061258316040039,448619256,15.061258316040039
2011-02-28,15.060272244035156,15.287904347032512,14.694628122545685,14.828688621520996,505395272,14.828688621520996
2011-03-07,14.826960104649451,14.904482671105,14.154925810244007,14.238374710083008,564455818,14.238374710083008
2011-03-14,14.141841261217381,14.277383093708057,13.610533991456325,13.8519926071167,675245535,13.8519926071167
2011-03-21,14.078143059277933,14.526742597159698,14.048516117879743,14.313182830810547,468995346,14.313182830810547
2011-03-28,14.37070832588111,14.694627990656324,14.147026799068577,14.610932350158691,397006521,14.610932350158691
2011-04-04,14.640559002075028,14.683517122817678,13.966055437479191,14.274174690246582,610423474,14.274174690246582
2011-04-11,14.225781978598611,14.306021446239376,13.086633754666485,13.102434158325195,1024353190,13.102434158325195
2011-04-18,12.996765820610083,13.106878966832937,12.813574148841111,12.964177131652832,532147170,12.964177131652832
2011-04-25,12.967881662445107,13.433268547058105,12.887888919456778,13.433268547058105,548355697,13.433268547058105
2011-05-02,13.472771873955585,13.473513020246807,13.076020382557623,13.2160062789917,417001186,13.2160062789917
2011-05-09,13.208597216659108,13.441414481087234,13.06169807718201,13.074042320251465,396978416,13.074042320251465
2011-05-16,12.994051551165846,13.24661981344947,12.715560187328386,12.937761306762695,521997267,12.937761306762695
2011-05-23,12.754321548501698,12.93603283683575,12.6753176269717,12.860485076904297,376040228,12.860485076904297
2011-05-30,12.96170879463643,13.164157991478344,12.875298140037055,12.914305686950684,385286756,12.914305686950684
2011-06-06,12.925661697042818,13.006641367637732,12.573844155909018,12.579275131225586,386728139,12.579275131225586
2011-06-13,12.591372784456913,12.692103433973069,11.96921177822244,11.974642753601074,596005634,11.974642753601074
2011-06-20,11.974150790826863,12.194870573711272,11.678376714924902,11.724298477172852,674856080,11.724298477172852
2011-06-27,11.702571395178614,12.867398031463873,11.692695432558544,12.863694190979004,584900163,12.863694190979004
2011-07-04,12.96911523786032,13.595722217437467,12.96911523786032,13.134284019470215,612306505,13.134284019470215
2011-07-11,13.040219867570173,14.81955404356176,12.974052716290496,14.754621505737305,1158417820,14.754621505737305
2011-07-18,14.627966075653665,15.294815180010822,14.615868566005394,15.263460159301758,668950026,15.263460159301758
2011-07-25,15.143227439162896,15.492329079179004,14.887449728509017,14.904484748840332,668685037,14.904484748840332
2011-08-01,15.090393078641469,15.196061251122327,13.875201532394605,14.29590129852295,876717883,14.29590129852295
2011-08-08,13.899396251447012,14.18652992118824,13.356979293878195,13.918901443481445,1096928203,13.918901443481445
2011-08-15,13.663616328376815,13.949020953561805,12.118826583635334,12.120308876037598,1199041520,12.120308876037598
2011-08-22,12.44323903002733,13.264641678072238,12.209435776339307,13.00762939453125,792419091,13.00762939453125
2011-08-29,13.19773618596356,13.487582966052722,12.85628710083814,12.957758903503418,515316318,12.957758903503418
2011-09-05,12.611124908953558,13.309822502243374,12.603718173919557,12.95800495147705,446503355,12.95800495147705
2011-09-12,12.787897447671222,13.500915028363284,12.77654013908524,13.496964454650879,570695118,13.496964454650879
2011-09-19,13.340682719358135,13.789281247850088,12.690128496289526,12.974297523498535,599815862,12.974297523498535
2011-09-26,13.017257756921705,13.506099428284607,12.67161233123207,12.715806007385254,543573840,12.715806007385254
2011-10-03,12.587670208031515,12.850607886185301,11.86551778949882,12.717781066894531,780815761,12.717781066894531
2011-10-10,12.966152685615741,14.803506155654137,12.91726823138172,14.607969284057617,906220051,14.607969284057617
2011-10-17,14.411444892114508,14.634387163255196,14.255410921018871,14.57858943939209,703045346,14.57858943939209
2011-10-24,14.48551186463376,14.88004176865239,14.143322576215285,14.816837310791016,607420259,14.816837310791016
2011-10-31,14.692160278443007,14.806964213240164,14.23936434065099,14.718083381652832,534331326,14.718083381652832
2011-11-07,14.64845902871015,15.168162287119571,14.605006495894887,15.01953411102295,680268291,15.01953411102295
2011-11-14,15.010893244977856,15.265190539785547,14.659075663498118,14.68697452545166,612455059,14.68697452545166
2011-11-21,14.51118808812465,14.529458665682379,13.858658953006895,13.89988899230957,373185567,13.89988899230957
2011-11-28,14.304047545032256,15.40591637786162,14.233189621625263,15.316048622131348,632923493,15.316048622131348
2011-12-05,15.4957826436021,15.600957326659227,15.191120544422866,15.490350723266602,520367182,15.490350723266602
2011-12-12,15.353575949162703,15.716009670476222,15.121745610222407,15.454306602478027,681894363,15.454306602478027
2011-12-19,15.50491802556425,15.669594278767155,15.281483249335361,15.631572723388672,413769117,15.631572723388672
2011-12-26,15.60466123963278,15.967837036898155,15.603427571602763,15.946602821350098,284715197,15.946602821350098
2012-01-02,16.120412348413968,16.547777576369306,16.0426411715025,16.048320770263672,502528567,16.048320770263672
2012-01-09,15.961418552317822,15.973764687761891,15.23087332833006,15.430359840393066,674546926,15.430359840393066
2012-01-16,15.6029346398649,15.825381536751875,14.361573394505104,14.467488288879395,865335377,14.467488288879395
2012-01-23,14.467735236056091,14.533407973413565,13.938156975009315,14.319108009338379,734747731,14.319108009338379
2012-01-30,14.271458055445555,14.741042229934475,14.156655078141496,14.722772598266602,496927652,14.722772598266602
2012-02-06,14.690182615483417,15.171370821248118,14.665493183683404,14.9592924118042,489748844,14.9592924118042
2012-02-13,15.072615102316684,15.155076122467737,14.757336812888429,14.927937507629395,442689111,14.927937507629395
2012-02-20,14.908926348341536,15.254818503617619,14.822022234716819,15.057801246643066,338801168,15.057801246643066
2012-02-27,14.976080094410124,15.447886731993293,14.938306220066474,15.338020324707031,466116596,15.338020324707031
2012-03-05,15.317778573802807,15.368637845965354,14.661297865600435,14.819555282592773,403438540,14.819555282592773
2012-03-12,14.813380594323394,15.453072000696706,14.795110962607957,15.43159294128418,495341729,15.43159294128418
2012-03-19,15.384190556504853,16.01820239268819,15.337775328852597,15.864885330200195,422911257,15.864885330200195
2012-03-26,15.924384867356336,16.259908566801517,15.789583226875317,15.831554412841797,425601301,15.831554412841797
2012-04-02,15.819949428955992,15.997216657454276,15.5187444096172,15.611328125,332256729,15.611328125
2012-04-09,15.516521834311536,16.12535167036481,15.394558858348482,15.420729637145996,834299482,15.420729637145996
2012-04-16,15.381226471816547,15.401224183317687,14.71042775216363,14.716105461120605,712199531,14.716105461120605
2012-04-23,14.638088029265473,15.257781677019324,14.571427417433183,15.183220863342285,388526856,15.183220863342285
2012-04-30,15.134089864999453,15.210378760131636,14.734622492365856,14.738572120666504,405373766,14.738572120666504
2012-05-07,14.689936624349711,15.230625471101275,14.689936624349711,14.9425048828125,427030639,14.9425048828125
2012-05-14,14.832637087770994,15.74785709011624,14.731906441293685,14.82325553894043,726268066,14.82325553894043
2012-05-21,14.825971901928508,15.200750796865465,14.524024797215837,14.604265213012695,593359753,14.604265213012695
2012-05-28,14.709933814730752,14.791900422909926,14.031975071908247,14.096906661987305,423124050,14.096906661987305
2012-06-04,14.078142169622346,14.514397436132622,13.985559401613006,14.330710411071777,402996891,14.330710411071777
2012-06-11,14.423542524293538,14.450947919190762,13.7399050697835,13.937170028686523,529400914,13.937170028686523
2012-06-18,13.890507966054237,14.425271446401176,13.807306738103128,14.1092529296875,448033067,14.1092529296875
2012-06-25,14.006792908445354,14.322811417596906,13.756940606258798,14.321330070495605,363939038,14.321330070495605
2012-07-02,14.364535823991583,14.81486345066322,14.233190344990653,14.467242240905762,295210389,14.467242240905762
2012-07-09,14.441812377209475,14.626485403412795,13.87742197840931,14.233683586120605,458644693,14.233683586120605
2012-07-16,14.22998063785871,15.132856476115393,14.0332091568458,15.08051586151123,635545283,15.08051586151123
2012-07-23,14.825231583450064,15.677494884310354,14.770175953896697,15.676507949829102,507053464,15.676507949829102
2012-07-30,15.703417932543868,15.892782665411127,15.391349080336786,15.833775520324707,392333070,15.833775520324707
2012-08-06,15.791309848210256,16.032520778412373,15.705391724528656,15.850316047668457,304790162,15.850316047668457
2012-08-13,15.98412868888319,16.720600985697878,15.965859060501868,16.717885971069336,531412426,16.717885971069336
2012-08-20,16.67739907326951,16.803312632639518,16.348294225620815,16.754674911499023,365376407,16.754674911499023
2012-08-27,16.368538228525637,17.010452105738327,16.275955459754442,16.914165496826172,458375690,16.914165496826172
2012-09-03,16.900833310520945,17.584718406314558,16.62802155281362,17.43411636352539,396452451,17.43411636352539
2012-09-10,17.52324080619277,17.603233546472214,16.810224138352233,17.52126693725586,495996172,17.52126693725586
2012-09-17,17.482506805665572,18.144418444296672,17.405722544762476,18.121456146240234,639985867,18.121456146240234
2012-09-24,18.04763404672039,18.88434264009423,18.029118628468396,18.627824783325195,883691926,18.627824783325195
2012-10-01,18.740160893392833,19.118642691992456,18.523392652876677,18.952486038208008,536266553,18.952486038208008
2012-10-08,18.78830424631866,18.85200121951614,18.227617737187384,18.387107849121094,473359643,18.387107849121094
2012-10-15,18.317732631866797,18.749295255315158,16.590986780156687,16.832691192626953,1256484024,16.832691192626953
2012-10-22,16.81343312528159,16.96946707374499,16.534200648854057,16.66875648498535,554896119,16.66875648498535
2012-10-29,16.785041512345526,17.1724113850351,16.665053352067037,16.984033584594727,237346310,16.984033584594727
2012-11-05,16.899596616735533,16.95786166703136,16.055234565214853,16.369524002075195,448157531,16.369524002075195
2012-11-12,16.387300369690976,16.536669673195817,15.702181681559056,15.978204727172852,399716641,15.978204727172852
2012-11-19,16.188553490941903,16.7391172693309,16.184356183986786,16.491487503051758,300787214,16.491487503051758
2012-11-26,16.453716257047738,17.263019559555183,16.245342621616636,17.242034912109375,549869349,17.242034912109375
2012-12-03,17.337578353679532,17.427691881073294,16.846020802861194,16.89243507385254,378541567,16.89243507385254
2012-12-10,16.921569954175375,17.688903852440596,16.882068001152085,17.330665588378906,484019449,17.330665588378906
2012-12-17,17.41806618008722,18.000726201185326,17.38152691646187,17.66816520690918,527646363,17.66816520690918
2012-12-24,17.64051282148336,17.65705626217977,17.24795871656538,17.28252410888672,203668549,17.28252410888672
2012-12-31,17.282278603440417,18.30613053409738,17.183522758118116,18.21971893310547,386258385,18.21971893310547
2013-01-07,18.1575014684105,18.393282384733116,17.88542896710218,18.269590377807617,340367015,18.269590377807617
2013-01-14,18.195772526643452,18.324155334574126,17.315116718499297,17.39362907409668,572268995,17.39362907409668
2013-01-21,17.397329764009083,18.726089600200797,17.171671538311703,18.607336044311523,614699441,18.607336044311523
2013-01-28,18.560181983327876,19.17345594448683,18.43130383122732,19.148765563964844,421072388,19.148765563964844
2013-02-04,18.953473515867678,19.42207076210836,18.72090486410177,19.38997459411621,515910539,19.38997459411621
2013-02-11,19.217896715012124,19.584773579759897,19.103092777243308,19.575637817382812,389056835,19.575637817382812
2013-02-18,19.652175023451527,19.972637612132846,19.5344083875204,19.7440185546875,451939655,19.7440185546875
2013-02-25,19.807962299200696,19.958813940616384,19.366031102792938,19.904003143310547,440593284,19.904003143310547
2013-03-04,19.88202544299732,20.837489554351336,19.87461965315815,20.52937126159668,588489566,20.52937126159668
2013-03-11,20.533566179455736,20.731323622363686,20.080523608877897,20.104225158691406,401306578,20.104225158691406
2013-03-18,19.87462232626374,20.226439931221854,19.78746957304927,20.005720138549805,335898328,20.005720138549805
2013-03-25,20.057565054632036,20.225945161276595,19.58576119004608,19.60773277282715,295298718,19.60773277282715
2013-04-01,19.627979443956097,20.117315608474605,19.168517903147798,19.332698822021484,460471515,19.332698822021484
2013-04-08,19.226535040968784,19.580821833959146,18.971004089173952,19.50551986694336,426930264,19.50551986694336
2013-04-15,19.404292364898897,19.836102618678748,18.79472237553577,19.747962951660156,616614593,19.747962951660156
2013-04-22,19.765986588953112,20.19557339995615,19.1339477785689,19.786230087280273,461109899,19.786230087280273
2013-04-29,19.83141669847095,20.90662144956248,19.825243630487485,20.87995719909668,425324267,20.87995719909668
2013-05-06,20.942666106310043,21.7396252101963,20.942666106310043,21.731971740722656,428275288,21.731971740722656
2013-05-13,21.698886575197466,22.713356882679847,21.562852218395005,22.44671630859375,522563381,22.44671630859375
2013-05-20,22.34351644105316,22.72866479375491,21.504338513977427,21.561370849609375,457235431,21.561370849609375
2013-05-27,21.81270514152781,22.026017238101417,21.33843016113027,21.509523391723633,335693564,21.509523391723633
2013-06-03,21.553468817480685,21.726292007323458,20.91698684352818,21.71962547302246,469946898,21.71962547302246
2013-06-10,21.77813774000844,21.997870562832677,21.36830092498558,21.60383415222168,426195520,21.60383415222168
2013-06-17,21.707281135471387,22.487698610806053,21.555196804696102,21.749252319335938,585522486,21.749252319335938
2013-06-24,21.525817707130983,21.842082935546465,21.312751413186685,21.73542594909668,468842775,21.73542594909668
2013-07-01,21.885537024626572,22.10675217056921,21.65889373851658,22.059349060058594,255562334,22.059349060058594
2013-07-08,22.200567293470602,22.787918090820312,22.147979945801524,22.787918090820312,434008697,22.787918090820312
2013-07-15,22.820014475092087,22.911362635253223,21.61790747586676,22.13612937927246,660201356,22.13612937927246
2013-07-22,22.269452758345455,22.54102992875416,21.775673506676082,21.858381271362305,474018100,21.858381271362305
2013-07-29,21.847267316752934,22.392894605304406,21.747770331223318,22.382278442382812,388382316,22.382278442382812
2013-08-05,22.353144481631507,22.459801466436883,21.8568960689028,21.983304977416992,281318513,21.983304977416992
2013-08-12,21.896647303828363,21.936149263452027,21.147089442781965,21.156225204467773,338194903,21.156225204467773
2013-08-19,21.17597494260575,21.676914159556286,21.169556086958135,21.484586715698242,270939756,21.484586715698242
2013-08-26,21.479398110504256,21.600375080766753,20.876001223365126,20.90908432006836,299381966,20.90908432006836
2013-09-02,21.09326783932581,21.819617626122252,21.083145142947327,21.715925216674805,278708767,21.715925216674805
2013-09-09,21.818381168638847,22.168222962828718,21.78603921316333,21.950220108032227,263130595,21.950220108032227
2013-09-16,22.12625426440653,22.36795867801066,21.75098093650736,22.29685401916504,420522335,22.29685401916504
2013-09-23,22.125016915643567,22.25932506885437,21.51174309027751,21.637163162231445,298390264,21.637163162231445
2013-09-30,21.456690179673867,22.074407205621977,21.43767940063296,21.53742218017578,336356037,21.53742218017578
2013-10-07,21.416448809972685,21.577914714747024,20.812310592831565,21.528535842895508,383544250,21.528535842895508
2013-10-14,21.39694131321924,25.070659244163213,21.365586292104812,24.97066879272461,829742464,24.97066879272461
2013-10-21,24.971906323158887,25.690602665923777,24.585029861812963,25.06424331665039,506800518,25.06424331665039
2013-10-28,25.064241834307733,25.714055021317414,25.009678724893483,25.356557846069336,281495173,25.356557846069336
2013-11-04,25.466671961990517,25.48815196855643,24.87759492953426,25.084733963012695,249070089,25.084733963012695
2013-11-11,24.92376077771676,25.670355944970822,24.812414900746102,25.517532348632812,255076519,25.517532348632812
2013-11-18,25.57160087909595,25.89231112238817,25.19163674918911,25.476301193237305,248969715,25.476301193237305
2013-11-25,25.60640875428536,26.36781731748602,25.553573730438238,26.16018295288086,249559919,26.16018295288086
2013-12-02,26.256963424456067,26.417194688317068,25.89922048821928,26.413986206054688,273156032,26.413986206054688
2013-12-09,26.441634967485285,26.968003734188073,26.11820977535851,26.189807891845703,353608462,26.189807891845703
2013-12-16,26.269060668523785,27.186748945671148,26.14660328604105,27.17317008972168,412552574,27.17317008972168
2013-12-23,27.351425482721265,27.65855684319688,27.2842723437427,27.61214256286621,215336118,27.61214256286621
2013-12-30,27.66003860649575,27.676332478353604,27.279581047176602,27.281309127807617,244195888,27.281309127807617
2014-01-06,27.479071611441064,28.326150741861767,27.31686456717343,27.90298080444336,433314104,27.90298080444336
2014-01-13,27.8113819998637,28.654757199947507,27.581774155694447,28.405399322509766,451160746,28.405399322509766
2014-01-20,28.662164689716267,28.834000955282242,27.72571319555257,27.746204376220703,377124276,27.746204376220703
2014-01-27,27.802249868687003,29.294449488824707,26.720130995608987,29.156932830810547,786994834,29.156932830810547
2014-02-03,29.113230028380833,29.175446603980735,27.849649512943344,29.069778442382812,576484737,29.069778442382812
2014-02-10,28.930532192050812,29.735146596318717,28.861898650864003,29.695890426635742,391204856,29.695890426635742
2014-02-17,29.66157267147386,29.944507104952837,29.565038385423556,29.7203311920166,312189794,29.7203311920166
2014-02-24,29.75909678169328,30.33978106532469,29.75267603534088,30.013145446777344,348051712,30.013145446777344
2014-03-03,29.793408542176945,30.29311497013664,29.432702934789212,29.99190902709961,304778117,29.99190902709961
2014-03-10,30.014129974661163,30.062274224368974,28.948554642041675,28.95522117614746,382685041,28.95522117614746
2014-03-17,29.114466715803097,29.922783064421427,29.08632017656258,29.208036422729492,420899745,29.208036422729492
2014-03-24,29.236432903080058,29.253961390047845,27.329353940320352,27.678804397583008,323382508,27.678804397583008
2014-03-31,28.019851063553705,29.895123021997733,26.83903310215593,26.8459529876709,232687093,26.8459529876709
2014-04-07,26.72732395945742,27.944718900873887,26.02496130820639,26.226131439208984,376907968,26.226131439208984
2014-04-14,26.60424950674172,27.53101114597122,25.626082198894522,26.49798011779785,362658953,26.49798011779785
2014-04-21,26.4979834534445,26.55383789654551,25.475827481633015,25.513391494750977,219358599,25.513391494750977
2014-04-28,25.56281877258054,26.394186288264773,24.852053894240754,26.094161987304688,227597157,26.094161987304688
2014-05-05,25.94044412611178,26.142107738617202,24.876768870671118,25.63943099975586,207965406,25.63943099975586
2014-05-12,25.875692326564725,26.49649865352571,25.4768138958449,25.733341217041016,158947196,25.733341217041016
2014-05-19,25.68737739801154,27.364939179643528,25.582737761364232,27.318477630615234,156137502,27.318477630615234
2014-05-26,27.481586044640025,28.066804125121703,27.400029716554496,27.673858642578125,137628825,27.673858642578125
2014-06-02,27.713894948658574,27.72377941873851,26.62896658867989,27.49789810180664,170879866,27.49789810180664
2014-06-09,27.53842830965361,27.857234608045726,26.965565797681588,27.272014617919922,131967325,27.272014617919922
2014-06-16,27.148449278246773,27.559683340266563,26.65763463957863,27.49938201904297,237081124,27.49938201904297
2014-06-23,27.439575233077843,28.78894166013048,27.395091332000217,28.53142547607422,193844743,28.53142547607422
2014-06-30,28.601609908429914,28.936727092957433,28.408348480208087,28.90163230895996,90646188,28.90163230895996
2014-07-07,28.853690299526633,28.9856615942742,27.9269285420791,28.6273136138916,141387115,28.6273136138916
2014-07-14,28.796355040025304,29.498222394180893,28.104865623527363,29.4132080078125,238099914,29.4132080078125
2014-07-21,29.248615750644813,29.639090156231926,28.926496959651487,29.113677978515625,139241240,29.113677978515625
2014-07-28,29.066719940346914,29.285681362566685,27.82016315374054,27.979318618774414,148223834,27.979318618774414
2014-08-04,28.126122107176275,28.438006659459635,27.679297888787914,28.112775802612305,138372863,28.112775802612305
2014-08-11,28.17307735589971,28.6371994022038,27.72279508154738,28.345579147338867,134012926,28.345579147338867
2014-08-18,28.475570072313847,29.03063940841561,28.470132479373447,28.794376373291016,100067984,28.794376373291016
2014-08-25,28.901138997033723,28.914978767545623,28.02869839261804,28.25265121459961,141623764,28.25265121459961
2014-09-01,28.2650093772698,28.991591674703763,28.232387600467153,28.968360900878906,117682212,28.968360900878906
2014-09-08,28.994064980551734,29.24960351191164,28.394018225768598,28.451353073120117,130366943,28.451353073120117
2014-09-15,28.318885748753825,29.48240396375478,28.085093830892763,29.46263313293457,199038966,29.46263313293457
2014-09-22,29.350929001047874,29.35730437101285,28.38017682720759,28.524503707885742,165174245,28.524503707885742
2014-09-29,28.260067991089954,28.66042875116611,27.8433963421225,28.434547424316406,133395234,28.434547424316406
2014-10-06,28.60853190868531,28.717272429968283,26.890931189848786,26.91267967224121,214471218,26.91267967224121
2014-10-13,26.937393096991144,27.160311735782894,25.135273323694705,25.265762329101562,355431164,25.265762329101562
2014-10-20,25.180747396243863,27.047615328682063,25.114019657158277,26.67987823486328,243701249,26.67987823486328
2014-10-27,26.543949053502956,27.658041084922726,26.543949053502956,27.633821487426758,154352615,27.633821487426758
2014-11-03,27.456873602993873,27.57549858567381,26.62501075985052,26.740671157836914,152515584,26.740671157836914
2014-11-10,26.76291222698684,27.280910992767005,26.741163747005928,26.908227920532227,117174823,26.908227920532227
2014-11-17,26.86770224941137,26.878082078715597,26.200434260851452,26.567184448242188,177371640,26.567184448242188
2014-11-24,26.574594580512397,26.88747171427758,26.474258133413073,26.78120231628418,123351734,26.78120231628418
2014-12-01,26.636380317750536,26.760442897489096,25.913753320753116,25.962190628051758,177556146,25.962190628051758
2014-12-08,26.054622296344757,26.509353338354398,25.63597297668457,25.63597297668457,190367221,25.63597297668457
2014-12-15,25.837633178994256,25.855426358831533,24.16995600740482,25.521793365478516,325555365,25.521793365478516
2014-12-22,25.508449825065494,26.421867187853685,25.508449825065494,26.39566993713379,133357130,26.39566993713379
2014-12-29,26.304719558864836,26.467334954001764,25.904852331259715,25.939945220947266,119412951,25.939945220947266
2015-01-05,25.863335673701258,25.91622363791607,24.268810725066242,24.524351119995117,248995747,24.524351119995117
2015-01-12,24.46355661694534,25.11846898067209,24.098782209280877,25.1130313873291,238942219,25.1130313873291
2015-01-19,25.257359299212723,26.798007542482853,25.01101326292833,26.688278198242188,189187994,26.688278198242188
2015-01-26,26.61808928591401,26.684321658491065,24.77296818382049,26.419885635375977,298485248,26.419885635375977
2015-02-02,26.281988553193656,26.55235569008493,25.63053610083521,26.245906829833984,203308655,26.245906829833984
2015-02-09,26.097618820270473,27.180571309766005,25.999753501239304,27.13608741760254,158319476,27.13608741760254
2015-02-16,27.028338614609773,27.18502296957437,26.483153745275605,26.638851165771484,110067362,26.638851165771484
2015-02-23,26.49551468174739,27.912102370119108,26.10998248318129,27.600215911865234,180213422,27.600215911865234
2015-03-02,27.705493448569083,28.564540512626262,27.61751258744641,28.059144973754883,175199693,28.059144973754883
2015-03-09,28.018368919758238,28.18691730197203,26.89933637930132,27.052560806274414,155367394,27.052560806274414
2015-03-16,27.231977421352973,27.764311334125466,26.987312212119186,27.69708824157715,187904480,27.69708824157715
2015-03-23,27.70055143164493,28.400441134789297,27.092594109661274,27.10297393798828,196989353,27.10297393798828
2015-03-30,27.265096306409838,27.417827258117292,26.386624384984138,26.469810485839844,131100951,26.469810485839844
2015-04-06,26.30620355943886,26.8810436963182,26.175221103231838,26.691242218017578,135462895,26.691242218017578
2015-04-13,26.612159831974097,26.891424466559627,25.75212398028536,25.90238380432129,200400693,25.90238380432129
2015-04-20,25.97899936223619,28.229919193890833,25.924629098784134,27.929401397705078,284699502,27.929401397705078
2015-04-27,27.923307598518697,28.05018917509516,26.37248004475889,26.65994644165039,188764000,26.65994644165039
2015-05-04,26.69116968560429,26.965749200900582,25.82654331782296,26.675804138183594,146640000,26.675804138183594
2015-05-11,26.683241719995106,26.86216423736007,26.033470174194086,26.45921516418457,143340000,26.45921516418457
2015-05-18,26.368020544182215,26.971697344696047,26.211400474086393,26.769481658935547,160800000,26.769481658935547
2015-05-25,26.67085089802169,26.794263082858663,26.262450986723472,26.372976303100586,151174000,26.372976303100586
2015-06-01,26.604933355064727,26.937500032302726,26.25650577062284,26.43344497680664,165936000,26.43344497680664
2015-06-08,26.432452158165923,26.713473227984156,25.921951818134627,26.383880615234375,139284000,26.383880615234375
2015-06-15,26.16926946224955,26.67729108189977,25.9710185524115,26.599971771240234,154506000,26.599971771240234
2015-06-22,26.743705846949258,26.949392803460736,26.335305971821263,26.352157592773438,143584000,26.352157592773438
2015-06-29,26.02108029226784,26.199507462897664,25.685044218882187,25.9412841796875,147038000,25.9412841796875
2015-07-06,25.747988465886884,26.39528136591524,25.533876619419388,26.274843215942383,159468000,26.274843215942383
2015-07-13,26.41114200458574,33.42867210009926,26.387353478565135,33.35244369506836,463368000,33.35244369506836
2015-07-20,32.673926475055765,33.63544647364741,30.85397008556956,30.905515670776367,396444000,30.905515670776367
2015-07-27,30.778631561270537,31.483418073266268,30.753850431904283,31.007118225097656,183162000,31.007118225097656
2015-08-03,30.993736060033584,32.10989650627671,30.993736060033584,31.487382888793945,162124000,31.487382888793945
2015-08-10,31.694561698492354,33.45008192679389,31.28660795397736,32.568851470947266,253158000,32.568851470947266
2015-08-17,32.552990121978915,33.05853123787285,30.34892342432902,30.35635757446289,235248000,30.35635757446289
2015-08-24,28.399608657440695,31.898263016662924,28.005583575729595,31.243534088134766,380284000,31.243534088134766
2015-08-31,31.102775171987865,31.51216578093981,29.445387076457145,29.772502899169922,246060000,29.772502899169922
2015-09-07,30.3568525536116,31.052221621597507,29.942009208934426,31.01504898071289,145208000,31.01504898071289
2015-09-14,31.011580123708207,32.26056650998102,30.700820546241978,31.187528610229492,249626000,31.187528610229492
2015-09-21,31.44277799385276,31.546364520149744,30.283003294985946,30.331079483032227,204728000,30.331079483032227
2015-09-28,30.250292334488137,31.09286401115195,29.21145115366116,31.071552276611328,248060000,31.071552276611328
2015-10-05,31.32383130361232,32.246148155020514,31.004644932384267,31.89925765991211,197868000,31.89925765991211
2015-10-12,31.823919801102264,32.95792271375746,31.671266362762957,32.82063293457031,159904000,32.82063293457031
2015-10-19,32.770076692106656,36.18100570856972,31.806076074824446,34.79323959350586,329830000,34.79323959350586
2015-10-26,34.770934136134876,35.6432442982496,34.75656119389627,35.229888916015625,210122000,35.229888916015625
2015-11-02,35.242276640124544,36.650855079033946,34.984051502771905,36.36735534667969,170632000,36.36735534667969
2015-11-09,36.190917695307526,36.726199250708596,35.52330371565056,35.536685943603516,179138000,35.536685943603516
2015-11-16,35.46729521340702,37.56480329836829,35.25566393544621,37.49938201904297,172810000,37.49938201904297
2015-11-23,37.541509121049955,37.80210898151553,36.55916899087816,37.185150146484375,114164000,37.185150146484375
2015-11-30,37.113284778477656,38.45867321909606,36.73958068255322,38.00542068481445,236210000,38.00542068481445
2015-12-07,38.05299533939122,38.10057616542672,36.515551951196926,36.62062454223633,211092000,36.62062454223633
2015-12-14,36.76535381795342,37.80072378516859,35.8920528725558,36.64243698120117,235482000,36.64243698120117
2015-12-21,36.98045360910518,37.41264393703046,36.676632827112854,37.092960357666016,99684000,37.092960357666016
2015-12-28,37.3169926494193,38.65816873964832,37.14848017966488,37.612388610839844,121490000,37.612388610839844
2016-01-04,36.82531641047724,37.27138045683331,35.33842617233723,35.41128158569336,251702000,35.41128158569336
2016-01-11,35.51735894798714,36.41593451534616,33.96900985930446,34.41904067993164,249014000,34.41904067993164
2016-01-18,34.85767143593029,36.08832201880023,33.368795684207186,35.945579528808594,202742000,35.945579528808594
2016-01-25,35.86281149899224,36.923955201373595,34.41606755462731,36.822845458984375,227766000,36.822845458984375
2016-02-01,37.195067407752965,39.14834720520911,33.71029191801368,33.879798889160156,558654000,33.879798889160156
2016-02-08,33.10066124061339,34.759036266791156,32.86325246372794,33.821800231933594,313194000,33.821800231933594
2016-02-15,34.34617770867576,35.306215372322754,33.953143347879546,34.73921585083008,169702000,34.73921585083008
2016-02-22,35.063355883295785,35.35974249752264,33.74151038057615,34.945396423339844,196168000,34.945396423339844
2016-02-29,34.709975436513204,35.68537688764176,34.57912908484272,35.233856201171875,203832000,35.233856201171875
2016-03-07,35.0360980255218,36.02834908412697,33.967516471924114,36.02339172363281,225744000,36.02339172363281
2016-03-14,36.02289966830899,36.82879412861432,35.9089030546407,36.55768585205078,198104000,36.55768585205078
2016-03-21,36.50316824425956,36.960137877403504,36.23057009738624,36.44369125366211,122664000,36.44369125366211
2016-03-28,36.51753962006081,37.56282433502358,36.119547855264,37.16780471801758,165660000,37.16780471801758
2016-04-04,37.175232808666365,37.31103649614521,36.44715503392872,36.63450241088867,121284000,36.63450241088867
2016-04-11,36.826315082960164,37.71745643392996,36.231061232455154,37.61833190917969,144496000,37.61833190917969
2016-04-18,37.69068620259432,38.15856114790102,35.36866034497971,35.62440490722656,282618000,35.62440490722656
2016-04-25,35.49207682026556,35.971152205061145,34.14891951166125,34.3476676940918,263148000,34.3476676940918
2016-05-02,34.57664611893453,35.28192609242452,34.149413175070535,35.2452507019043,167908000,35.2452507019043
2016-05-09,35.28886786599318,35.90741488500896,35.14018107843789,35.23088073730469,148944000,35.23088073730469
2016-05-16,35.14662884642909,35.760713938431685,34.5355159023736,35.17686080932617,171674000,35.17686080932617
2016-05-23,35.017758386413604,36.376082722504556,34.901284993802264,36.31283950805664,168814000,36.31283950805664
2016-05-30,36.267235472790134,36.66324189065262,35.7131191648327,35.80134201049805,119024000,35.80134201049805
2016-06-06,35.928729918638986,36.15820922752707,35.418231383250415,35.65613555908203,133810000,35.65613555908203
2016-06-13,35.512402663870944,35.95499934708439,34.12176265249138,34.28373336791992,183288000,34.28373336791992
2016-06-20,34.6331493320302,34.8314021590922,33.378214873460074,33.4659423828125,227056000,33.4659423828125
2016-06-27,33.25678083523977,34.72632613118563,32.87435321531052,34.65495300292969,193556000,34.65495300292969
2016-07-04,34.49883374229876,34.97711502379727,34.11001182765845,34.97315216064453,115078000,34.97315216064453
2016-07-11,35.093089075113824,35.96985732281311,35.05294240209655,35.67793273925781,112282000,35.67793273925781
2016-07-18,35.81969247857118,36.8372182063394,35.74435647547063,36.81243896484375,121976000,36.81243896484375
2016-07-25,36.709843377962976,38.587291609081284,36.39264034651774,38.103553771972656,222066000,38.103553771972656
2016-08-01,37.72191805344575,38.80982615043671,37.72191805344575,38.76918411254883,174278000,38.76918411254883
2016-08-08,38.75827696318708,39.142391093099235,38.56453530322922,38.81874465942383,98576000,38.81874465942383
2016-08-15,38.84501564285633,39.030381603795824,38.318658142379896,38.43215560913086,89426000,38.43215560913086
2016-08-22,38.3255947747235,38.482706418243914,37.82574840484619,38.140724182128906,100904000,38.140724182128906
2016-08-29,38.10107264548632,38.41084149104227,37.88101273659992,38.23588562011719,104480000,38.23588562011719
2016-09-05,38.334508081202806,38.7944534784775,37.65103530883789,37.65103530883789,109846000,37.65103530883789
2016-09-12,37.426521662170956,38.35186159598059,37.37051596663764,38.10801315307617,142956000,38.10801315307617
2016-09-19,38.28346901544017,39.14735442100484,37.88800696980062,39.00114440917969,124346000,39.00114440917969
2016-09-26,38.79496266483153,38.956040981245295,38.31568679811255,38.52484130859375,133924000,38.52484130859375
2016-10-03,38.37416488447197,38.7617465022217,38.13873754422048,38.41530227661133,118906000,38.41530227661133
2016-10-10,38.54565401313348,39.267783719067836,38.312211881103714,38.5862922668457,114052000,38.5862922668457
2016-10-17,38.649237873916924,39.87839843654509,38.53524128413433,39.61918258666992,158808000,39.61918258666992
2016-10-24,39.89326978898546,40.477122802542226,39.2291272018009,39.420936584472656,238814000,39.420936584472656
2016-10-31,39.42589278940882,39.49478535472487,37.200068122053146,37.76801300048828,215682000,37.76801300048828
2016-11-07,38.386550667842606,39.43396783470393,37.19109334833368,37.37150192260742,254722000,37.37150192260742
2016-11-14,37.449817230962246,38.41134104257891,36.05907899112086,37.69466018676758,207242000,37.69466018676758
2016-11-21,37.797258244183695,38.50848642337468,37.43247435994667,37.751163482666016,99790000,37.751163482666016
2016-11-28,37.66789150381307,38.635858641472254,36.52918092854114,37.197044372558594,213362000,37.197044372558594
2016-12-05,37.55439590039905,39.12653336618578,37.31599639427054,39.11959457397461,163118000,39.11959457397461
2016-12-12,38.90895014246772,39.86750174384124,38.87500110905024,39.194435119628906,200476000,39.194435119628906
2016-12-19,39.16568558381684,39.583499150279394,38.96990956551675,39.15031814575195,99800000,39.15031814575195
2016-12-26,39.18848623590149,39.544349843508606,38.183843680807655,38.253726959228516,89144000,38.253726959228516
2017-01-02,38.600166006870026,40.04195604844259,38.45098388852903,39.95521926879883,114114000,39.95521926879883
2017-01-09,39.967615285110455,40.20670676905062,39.60927489580191,40.04096984863281,119392000,40.04096984863281
2017-01-16,40.0013161390556,40.12026631003694,39.66874950563096,39.89921569824219,104916000,39.89921569824219
2017-01-23,40.009737972577305,41.72957497758342,39.835772840761834,40.805721282958984,217436000,40.805721282958984
2017-01-30,40.37701169320135,40.435494181430045,39.18055966064831,39.724266052246094,208648000,39.724266052246094
2017-02-06,39.635544946825284,40.406250005563805,39.41498967439442,40.327938079833984,114114000,40.327938079833984
2017-02-13,40.44341910164019,41.04164505004883,40.41814450530152,41.04164505004883,129604000,41.04164505004883
2017-02-20,41.07088741380023,41.30829619595379,40.78441551129049,41.06989669799805,102204000,41.06989669799805
2017-02-27,40.86718338738654,41.447319303147296,40.65158170892916,41.09170150756836,133954000,41.09170150756836
2017-03-06,40.98613439313442,41.87628494733374,40.76062177126429,41.794010162353516,122038000,41.794010162353516
2017-03-13,41.831185025242576,42.297074790564125,41.67109745631668,42.23363494873047,121498000,42.23363494873047
2017-03-20,42.12905570837606,42.30203013686025,40.09102488966171,40.365604400634766,211292000,40.365604400634766
2017-03-27,39.994876972647184,41.31969471116698,39.81744052229739,41.11549758911133,155166000,41.11549758911133
2017-04-03,41.0986434663445,41.754364993973,40.667099753970426,40.87313461303711,131678000,40.87313461303711
2017-04-10,40.90881870327893,41.10508631154804,40.493977255599,40.818119049072266,81630000,40.818119049072266
2017-04-17,40.889986244536665,41.89066221178529,40.863221790626035,41.79104232788086,99370000,41.79104232788086
2017-04-24,42.18804486490544,45.44185462442338,42.12162908568255,44.90211486816406,191696000,44.90211486816406
2017-05-01,44.702867785365065,46.38751576592193,44.67858012217352,45.951358795166016,170722000,45.951358795166016
2017-05-08,45.90130146059973,46.46532884096417,45.74815267451673,46.203636169433594,119422000,46.203636169433594
2017-05-15,46.2398125831412,46.74337222603403,45.50578674229664,46.29235076904297,148592000,46.29235076904297
2017-05-22,46.34141462840758,48.3229443246276,46.34141462840758,48.14897918701172,126570000,48.14897918701172
2017-05-29,48.09149162177708,48.53557811300904,47.580993136049955,48.35367965698242,141526000,48.35367965698242
2017-06-05,48.40076512105511,48.98065153009772,46.37264876318791,47.07644271850586,186238000,47.07644271850586
2017-06-12,46.56742933812006,47.637493191449714,45.361709261335356,46.578330993652344,249886000,46.578330993652344
2017-06-19,47.08287991021729,47.87786877640976,47.03777587530491,47.857547760009766,126616000,47.857547760009766
2017-06-26,48.07116615217755,48.24017772372806,45.018581818261254,45.039398193359375,245782000,45.039398193359375
2017-07-03,45.21039307295103,45.67430142030106,44.348489230093975,45.52809143066406,131720000,45.52809143066406
2017-07-10,45.685699529408794,47.4273437785844,45.57765101137432,47.381744384765625,123732000,47.381744384765625
2017-07-17,47.43180722139299,48.36854796911567,47.047250652595594,48.22085189819336,137590000,48.22085189819336
2017-07-24,48.18615876597532,48.87905107775033,45.5979778332432,46.665069580078125,301140000,46.665069580078125
2017-07-31,46.68291198559352,46.767168207727735,45.43342647044796,45.992496490478516,147140000,45.992496490478516
2017-08-07,46.04701041733909,46.381758886874216,44.883271123360785,45.319923400878906,126334000,45.319923400878906
2017-08-14,45.72336732716434,46.227422341764004,44.961287571557754,45.13555145263672,111490000,45.13555145263672
2017-08-21,45.10234721197512,46.13524034464307,44.77522947208906,45.39427185058594,110480000,45.39427185058594
2017-08-28,45.399725108404304,46.712155165628914,44.85453265014383,46.457401275634766,122066000,46.457401275634766
2017-09-04,46.24625872450328,46.44054490196667,45.56179510086279,45.920135498046875,101566000,45.920135498046875
2017-09-11,46.30424818247066,46.508940650926455,45.417565119896544,45.61234664916992,148140000,45.61234664916992
2017-09-18,45.5984725202767,46.41725380020884,45.13208357695889,46.020748138427734,125134000,46.020748138427734
2017-09-25,45.868094737838405,47.569891231199726,45.08747870603626,47.5363883972168,167288000,47.5363883972168
2017-10-02,47.57951035079218,48.544997050243175,46.97781302582178,48.516746520996094,110236000,48.516746520996094
2017-10-09,48.5717539882642,49.424733796674744,47.881837676597925,49.0515251159668,119706000,49.0515251159668
2017-10-16,49.171463932552186,49.400444050557155,48.49195394649829,48.97816848754883,115102000,48.97816848754883
2017-10-23,49.043597935493246,51.96136945713884,47.60626969708421,50.518096923828125,222234000,50.518096923828125
2017-10-30,50.25690425427456,51.18125354089632,49.93474386019516,51.172828674316406,138292000,51.172828674316406
2017-11-06,50.99984591487134,51.72009626307533,50.53771861374516,50.954246520996094,105828000,50.954246520996094
2017-11-13,50.723789161724916,51.3433269338509,50.26433898188852,50.509178161621094,104516000,50.509178161621094
2017-11-20,50.56716586902148,51.70305184989971,50.43037145359542,51.57577133178711,66676000,51.57577133178711
2017-11-27,51.54553559155621,52.65450956454273,49.6631340064638,50.06707000732422,176506000,50.06707000732422
2017-12-04,50.19048661457509,51.647145235981114,48.982142229284165,51.399330139160156,159894000,51.399330139160156
2017-12-11,51.322507818036975,52.91447099410166,51.151514797033215,52.744468688964844,171792000,52.744468688964844
2017-12-18,52.83813958337244,53.45321526505214,52.509040439588176,52.54274368286133,118254000,52.54274368286133
2017-12-25,52.44113986809803,52.54274495827329,51.78195084874955,51.86273956298828,75142000,51.86273956298828
2018-01-01,51.958893677899184,54.729963685356736,51.804754175489336,54.629844665527344,99030000,54.629844665527344
2018-01-08,54.62983897451212,55.72319966389694,54.326513580472124,55.62258529663086,113834000,55.62258529663086
2018-01-15,56.130610520165426,56.49737577679426,55.362382265887,56.37842559814453,115086000,56.37842559814453
2018-01-22,56.377434183237355,58.47741888598443,56.25947472184675,58.278175354003906,157340000,58.278175354003906
2018-01-29,58.30989912083475,58.8258503055926,54.88003718000331,55.1091194152832,234878000,55.1091194152832
2018-02-05,54.05343019650488,55.01495402646153,49.194271130871755,51.43551254272461,319610000,51.43551254272461
2018-02-12,51.94204716165965,54.75078345157062,51.59153414592388,54.2615966796875,168030000,54.2615966796875
2018-02-19,54.05194489138171,56.20298202769419,53.950339788037404,55.84711837768555,110284000,55.84711837768555
2018-02-26,55.89717375831586,56.70207748123914,51.947745358110765,53.47453308105469,200066000,53.47453308105469
2018-03-05,53.287183646025085,57.532752745817845,52.98286749915071,57.49508285522461,150212000,57.49508285522461
2018-03-12,57.683913219607895,58.338144834064735,56.10334726697257,56.290199279785156,197166000,56.290199279785156
2018-03-19,55.51107592740192,55.60920973573811,50.6147464320951,50.6320915222168,226808000,50.6320915222168
2018-03-26,51.84291152820778,52.77663087887815,48.60347519419651,51.13862228393555,237130000,51.13862228393555
2018-04-02,50.694043602701605,51.683817863191464,49.08572613050234,49.91194152832031,210992000,49.91194152832031
2018-04-09,50.3956812055513,51.86373692720605,50.12506828368639,51.01373291015625,155800000,51.01373291015625
2018-04-16,51.396844230206106,54.230113605145995,50.88833100168654,53.17913055419922,170260000,53.17913055419922
2018-04-23,53.42199812076939,53.66287442750232,50.087891294735655,51.05238723754883,263840000,51.05238723754883
2018-04-30,51.05040678590569,51.96732191450506,49.87477111566519,51.95245361328125,169122000,51.95245361328125
2018-05-07,52.00299310269543,54.58522914426726,51.897425166306924,54.433067321777344,148266000,54.433067321777344
2018-05-14,54.51931939013496,55.0521203170862,52.57050193028702,52.852020263671875,134386000,52.852020263671875
2018-05-21,53.23365511850498,53.92456599069977,52.62155153354666,53.312957763671875,96802000,53.312957763671875
2018-05-28,52.77916578746007,55.51058472035661,52.299893723593975,55.485801696777344,170270000,55.485801696777344
2018-06-04,55.626059525983884,56.78622930564389,55.12150537071799,55.55369567871094,161532000,55.55369567871094
2018-06-11,55.44119566814105,57.26858250033388,55.44119566814105,57.1094856262207,139272000,57.1094856262207
2018-06-18,56.68274365738449,58.795914053475194,56.679771509894195,57.269073486328125,144646000,57.269073486328125
2018-06-25,56.680264462210495,56.695628119641206,54.321559238762376,55.294979095458984,148038000,55.294979095458984
2018-07-02,54.469757503866525,56.54793524055513,54.21202769286874,56.5102653503418,79182000,56.5102653503418
2018-07-09,56.922130875307815,59.24847143191528,56.55139898106808,58.921504974365234,106024000,58.921504974365234
2018-07-16,58.94975967334336,59.69865388318131,58.01846786944665,58.72771453857422,131676000,58.72771453857422
2018-07-23,58.534422168446206,63.137836538783574,58.53392681049599,61.3838005065918,252028000,61.3838005065918
2018-07-30,60.863881775089354,61.20616274851744,59.71302543421971,60.650760650634766,153654000,60.650760650634766
2018-08-06,60.71469690539812,62.275932724951424,60.25856679408304,61.33968734741211,118066000,61.33968734741211
2018-08-13,61.30845955311481,61.917738438606584,58.892757842029816,59.52320098876953,138140000,59.52320098876953
2018-08-20,59.72442423202473,60.54865817584262,59.209267145734344,60.49909591674805,98060000,60.49909591674805
2018-08-27,60.84355563676762,62.13392885789311,60.034934961072196,60.377166748046875,138140000,60.377166748046875
2018-09-03,59.68726001522293,60.1194503732882,57.09659843794021,57.73249435424805,143642000,57.73249435424805
2018-09-10,58.097274566134544,58.50542680321348,57.306743829195526,58.1141242980957,119908000,58.1141242980957
2018-09-17,57.99566674090296,59.08952285248988,57.19720653350809,57.79493713378906,186650000,57.79493713378906
2018-09-24,57.352837575705635,59.57970204511033,56.844320539293136,59.151973724365234,127048000,59.151973724365234
2018-10-01,59.470168882515964,59.969270349338174,56.75560368739669,57.361759185791016,153910000,57.361759185791016
2018-10-08,57.00292389405877,57.889607019496836,52.946687404875775,55.018917083740234,219342000,55.018917083740234
2018-10-15,54.96092540617183,55.956152405304366,53.383830575552466,54.343868255615234,162604000,54.343868255615234
2018-10-22,54.67099138731055,55.12548424538324,51.25262790799689,53.10529708862305,241574000,53.10529708862305
2018-10-29,53.65047771340227,54.372611205629966,49.35633736381328,52.42726135253906,258884000,52.42726135253906
2018-11-05,52.288987144274955,54.294305793739824,50.61573982791597,52.84161376953125,171290000,52.84161376953125
2018-11-12,52.60569556263449,53.12412358974122,51.099474607416305,52.610652923583984,160912000,52.610652923583984
2018-11-19,52.39802211885465,52.575953924452214,49.365754836379175,50.74658203125,130670000,50.74658203125
2018-11-26,51.46375702615344,54.299752852052976,51.24369711489542,54.24325180053711,205410000,54.24325180053711
2018-12-03,55.666207559414616,55.74104441661609,50.97556146243687,51.37602996826172,184136000,51.37602996826172
2018-12-10,51.30020366432299,53.6098422642584,50.71734507685018,51.64962387084961,154852000,51.64962387084961
2018-12-17,51.422124407361636,52.63592142772321,48.25901463515496,48.54895782470703,286534000,48.54895782470703
2018-12-24,48.26941864878435,52.31673452138983,48.08157591624708,51.40081024169922,149764000,51.40081024169922
2018-12-31,52.088754205102525,53.07406657332823,50.260372831709724,53.067623138427734,139218000,53.067623138427734
2019-01-07,53.106776291981525,53.75406920737225,51.965834612024686,52.39752960205078,158466000,52.39752960205078
2019-01-14,51.88850494415847,54.933257718281354,51.607731593176325,54.433067321777344,142760000,54.433067321777344
2019-01-21,53.924562486160774,54.221939823493685,52.52440502662475,54.07275390625,101218000,54.07275390625
2019-01-28,53.53350794122218,55.75839085744712,52.33185290648348,55.05211639404297,131728000,55.05211639404297
2019-02-04,55.14678912095929,56.84878228573956,53.825438829548055,54.274478912353516,227098000,54.274478912353516
2019-02-11,54.36814893269423,56.24063957130512,54.165437896213994,55.19585037231445,122430000,55.19585037231445
2019-02-18,55.01494364855685,55.67958533749445,54.14858164910731,55.03328323364258,91976000,55.03328323364258
2019-02-25,55.312327049257206,56.64904094212092,54.51535287686299,56.550907135009766,136912000,56.550907135009766
2019-03-04,56.84828202706189,57.96939795428345,55.67413633522036,56.616825103759766,127350000,56.616825103759766
2019-03-11,56.72239398901173,59.52171445712139,56.72239398901173,58.70541000366211,176056000,58.70541000366211
2019-03-18,58.64792269784835,61.0512330628269,58.35654256732864,59.74822235107422,159178000,59.74822235107422
2019-03-25,59.323464517563735,59.792727294768696,57.461875382619496,58.15278625488281,140596000,58.15278625488281
2019-04-01,58.68757403090912,60.28350010492753,58.583488360899025,59.82999801635742,99038000,59.82999801635742
2019-04-08,59.86666962792717,60.385097573903266,59.132640000010625,60.36130905151367,82096000,60.36130905151367
2019-04-15,60.367760880144765,61.557270354912255,59.9271456552413,61.27823257446289,91948000,61.27823257446289
2019-04-22,61.25940166632531,63.097198690495325,60.87875876056309,63.0530891418457,109894000,63.0530891418457
2019-04-29,63.14328236775109,63.90010982456781,57.245381094945635,58.75199890136719,305422000,58.75199890136719
2019-05-06,57.803360144627334,59.02211447125173,56.625743210168594,57.70473098754883,138496000,57.70473098754883
2019-05-13,56.598980001902625,58.88879264874804,55.345335058773614,57.607093811035156,174530000,57.607093811035156
2019-05-20,56.724870635344004,57.41974433553464,55.96774821885826,56.178192138671875,114770000,56.178192138671875
2019-05-27,56.20445632327272,57.07611978044572,54.52823338310203,54.69922637939453,107258000,54.69922637939453
2019-06-03,52.80939426735202,53.07802571928461,50.80209063695828,52.83615493774414,272762000,52.83615493774414
2019-06-10,53.180122480847714,54.617946040027256,52.91050031263769,53.79322052001953,122622000,53.79322052001953
2019-06-17,53.83931007961592,55.7142812604912,53.83931007961592,55.603755950927734,137534000,55.603755950927734
2019-06-24,55.49124445393224,55.60969926889612,53.143444761877845,53.573158264160156,149018000,53.573158264160156
2019-07-01,54.42019576043042,56.14895332937727,54.20722210285161,56.08501434326172,89184000,56.08501434326172
2019-07-08,55.766815700152634,57.149624246618224,54.87468371561082,56.744693756103516,116716000,56.744693756103516
2019-07-15,56.84184309990251,57.4227240181519,55.98737712715875,56.01116943359375,125010000,56.01116943359375
2019-07-22,56.17719723177675,62.724470741924826,55.55617350072411,61.97408676147461,220012000,61.97408676147461
2019-07-29,61.51018196038919,61.82341831208805,58.92745017111262,59.1777458190918,174922000,59.1777458190918
2019-08-05,57.99071689926596,59.72393658723247,56.5087836072121,58.88136672973633,165698000,58.88136672973633
2019-08-12,58.445207889755956,59.71253392343148,57.519867905609196,58.365413665771484,128162000,58.365413665771484
2019-08-19,58.984452676011365,59.822065098284995,56.885953945688485,57.061405181884766,110446000,57.061405181884766
2019-08-26,57.357298955275496,59.401278153040195,57.144177820032816,58.88582229614258,106470000,58.88582229614258
2019-09-02,58.33715825306379,60.12192143309733,57.65170013756512,59.71996307373047,100580000,59.71996307373047
2019-09-09,59.673871975988085,61.55032552179163,59.109844612319726,61.43633270263672,141326000,61.43633270263672
2019-09-16,60.93871673083287,61.67819527255108,60.29489141495088,60.95903396606445,128190000,60.95903396606445
2019-09-23,60.76426224855473,61.869519267171036,59.97571668137288,60.71916198730469,139810000,60.71916198730469
2019-09-30,60.51496054774805,61.02347761660769,57.61353942291366,59.92169189453125,141526000,59.92169189453125
2019-10-07,59.693694346736656,60.882708281345465,58.93091884707444,60.241363525390625,97384000,60.241363525390625
2019-10-14,60.08723217630833,62.614200509699764,60.05848629025862,61.730247497558594,112980000,61.730247497558594
2019-10-21,62.06578176725928,62.92520504472241,61.487876815659305,62.70365905761719,104074000,62.70365905761719
2019-10-28,63.215141736616935,64.39771597054163,61.995544229778965,63.13039016723633,180686000,63.13039016723633
2019-11-04,63.26470643652005,65.60853948178426,63.25999864604324,64.99544525146484,144362000,64.99544525146484
2019-11-11,64.58953900151766,66.16069353631946,64.11026691326741,66.16019439697266,118012000,66.16019439697266
2019-11-18,66.02885196293238,66.19285705015002,63.993301227197065,64.20096588134766,128928000,64.20096588134766
2019-11-25,64.3912815661946,65.34189989143539,64.33924251469035,64.6777572631836,73770000,64.6777572631836
2019-12-02,64.48148566309435,66.6126892619872,63.39109706219949,66.4451675415039,134394000,66.4451675415039
2019-12-09,66.31729689988363,67.3784442557974,66.21817238259754,66.80252075195312,122588000,66.80252075195312
2019-12-16,67.23223286989783,67.65352156037878,66.85976907773566,66.88975524902344,191176000,66.88975524902344
2019-12-23,67.20101192628756,67.63022633066673,66.55222917778569,67.00374603271484,58730000,67.00374603271484
2019-12-30,66.91006901141063,68.02523682826747,65.87345512327619,67.43840789794922,92114000,67.43840789794922
2020-01-06,66.91007696043887,71.11941699469628,66.91007696043887,70.86174011230469,161692000,70.86174011230469
2020-01-13,71.17894011116417,73.41745121138725,70.67785721404334,73.37259674072266,161276000,73.37259674072266
2020-01-20,73.3096327469331,74.50380046610321,72.62218957645494,72.6945571899414,135666000,72.6945571899414
2020-01-27,70.92469023284657,72.86408857516119,70.43896715342316,71.08477783203125,163338000,71.08477783203125
2020-02-03,72.46111975461217,73.84888555954944,70.69172421442146,73.31509399414062,236154000,73.31509399414062
2020-02-10,73.07174518050509,75.81307078839384,73.07174518050509,75.3724594116211,121188000,75.3724594116211
2020-02-17,75.08796695242498,75.93579277371732,73.37507231773866,73.60652923583984,97966000,73.60652923583984
2020-02-24,70.68231676002591,71.27856136003577,62.99459949872314,66.38124084472656,286304000,66.38124084472656
2020-03-02,66.989867480542,69.89128844527906,62.501444542496785,64.35311889648438,239380000,64.35311889648438
2020-03-09,59.738300338328514,63.49765828846787,55.17850454996085,60.453495025634766,330242000,60.453495025634766
2020-03-16,54.32106552046341,57.392484968096134,51.41072436448396,53.14741516113281,392004000,53.14741516113281
2020-03-23,52.60221788267185,57.98723808908353,50.23389681284393,55.050132751464844,365006000,55.050132751464844
2020-03-30,55.760375047589704,58.25190810118954,53.51864228971632,54.41424560546875,233660000,54.41424560546875
2020-04-06,56.40271696493155,60.74294861990523,56.05280141657561,60.04311752319336,184050000,60.04311752319336
2020-04-13,59.930610170792185,64.15585446042027,58.86094334118089,63.601741790771484,206980000,63.601741790771484
2020-04-20,62.994590523565,64.10033898461475,59.956874461108136,63.40645980834961,182934000,63.40645980834961
2020-04-27,64.23366985543962,67.40520062100181,61.07154710838247,65.45341491699219,261738000,65.45341491699219
2020-05-04,64.83982915206913,69.32677386200999,64.38236041712594,68.81181335449219,143108000,68.81181335449219
2020-05-11,68.3117177047259,70.20750162523338,65.61697817836188,68.05944061279297,158522000,68.05944061279297
2020-05-18,67.4924439837569,70.1559571689123,67.12072133383282,69.90467834472656,149056000,69.90467834472656
2020-05-25,71.23544113546916,71.42031173653832,68.95653000545583,70.82158660888672,145190000,70.82158660888672
2020-06-01,70.29968666634421,71.69547663216917,69.62265721650849,71.29094696044922,139412000,71.29094696044922
2020-06-08,70.4954632075072,73.06873051510406,68.6953399942947,70.04146575927734,165526000,70.04146575927734
2020-06-15,68.93224147229678,72.36200116807987,68.78950277362,70.96035766601562,190050000,70.96035766601562
2020-06-22,70.82554791659027,73.15208898304667,67.00870556251247,67.40074920654297,204528000,67.40074920654297
2020-06-29,67.31549860116066,73.49947903988135,66.76188505664496,72.59495544433594,149738000,72.59495544433594
2020-07-06,73.35623775745563,76.51687082641804,72.99938342784931,76.41328430175781,151030000,76.41328430175781
2020-07-13,76.82266850766206,78.16741006637044,73.52673123870984,75.11521911621094,160362000,75.11521911621094
2020-07-20,75.1008593099085,78.6560166562124,73.76959434432771,74.9328384399414,137542000,74.9328384399414
2020-07-27,75.11770243983649,76.37511736938384,72.06610883236047,73.49996948242188,183320000,73.49996948242188
2020-08-03,73.6823625319301,75.17940973350267,72.29509571630167,74.0714340209961,195728000,74.0714340209961
2020-08-10,73.70912196937606,76.1907438771042,73.01028167911636,74.7276382446289,139814000,74.7276382446289
2020-08-17,75.0716163494842,79.18782904954237,74.73954502652391,78.33039093017578,164388000,78.33039093017578
2020-08-24,79.00245988002654,82.2359523227553,78.33782565267363,81.50192260742188,220220000,81.50192260742188
2020-08-31,81.67440700853244,85.90163293515474,76.7043786014163,78.85675048828125,237526000,78.85675048828125
2020-09-07,76.0053821007925,78.51183266553406,74.21367629174961,75.37147521972656,152026000,75.37147521972656
2020-09-14,76.27772751534171,77.51655333510294,71.22849530358066,72.36150360107422,186462000,72.36150360107422
2020-09-21,71.37371564589964,72.833841683127,69.71285999760012,71.6165771484375,178052000,71.6165771484375
2020-09-28,73.06629638971881,74.29694692353094,71.83172836898687,72.28369140625,155026000,72.28369140625
2020-10-05,72.66979298131551,75.16330373323112,71.17249615862151,75.098876953125,134560000,75.098876953125
2020-10-12,76.47574489121178,78.99651947837245,75.95880293183754,77.96312713623047,179752000,77.96312713623047
2020-10-19,78.33236335290171,81.40030755291222,75.61680389209721,81.3329086303711,184530000,81.3329086303711
2020-10-26,80.54039679114189,83.61280300361643,75.06913495632517,80.3421401977539,224970000,80.3421401977539
2020-11-02,80.69652885775923,88.89821997850854,80.09533065801192,87.31765747070312,229894000,87.31765747070312
2020-11-09,88.76240543882797,90.10853867624309,85.11456708065705,88.07447052001953,178316000,88.07447052001953
2020-11-16,87.81079694642183,89.16733648951542,86.09120920870365,86.34819030761719,142616000,86.34819030761719
2020-11-23,86.71545916135753,89.41168097360304,85.13538840133161,88.87590789794922,113406000,88.87590789794922
2020-11-30,88.28084479522933,91.55280085777365,86.98309032242716,90.60069274902344,147764000,90.60069274902344
2020-12-07,90.15512551897204,90.91195678688985,86.25550919010207,88.30989837646484,130166000,88.30989837646484
2020-12-14,87.97435310732297,89.08406824534865,85.2592926729205,85.79407501220703,204742000,85.79407501220703
2020-12-21,84.92672257286962,86.63565439763352,84.20756121368483,86.18264770507812,82914000,86.18264770507812
2020-12-28,86.81630734268721,88.83872875244028,85.5259341163156,86.82845306396484,100208000,86.82845306396484
2021-01-04,87.10899257977125,89.70113651230233,84.20757133640453,89.57078552246094,199298000,89.57078552246094
2021-01-11,88.52301848349086,88.93166986984667,85.32521456188599,86.05081939697266,123650000,86.05081939697266
2021-01-18,86.84679242967279,95.89748744441786,86.31200255902901,94.22176361083984,151218000,94.22176361083984
2021-01-25,95.19420276197124,95.63580489768506,89.65949683302651,90.98481750488281,187488000,90.98481750488281
2021-02-01,91.86852916871716,104.90013434219608,91.73768660061967,103.98322296142578,227630000,103.98322296142578
2021-02-08,104.37525099030613,105.24939507485746,102.25296382986096,104.2860336303711,101374000,104.2860336303711
2021-02-15,104.29843572655771,106.69332113928223,103.95396911848377,104.13883972167969,95674000,104.13883972167969
2021-02-22,102.44675211996486,104.12099375784713,99.22614680958554,100.95292663574219,163902000,100.95292663574219
2021-03-01,101.92732646931401,104.9799183848455,99.62165861660519,104.50559997558594,166730000,104.50559997558594
2021-03-08,104.13834530722825,105.51024471887293,100.19708868477582,102.19497680664062,151564000,102.19497680664062
2021-03-15,102.21379867100953,105.25003232912171,100.00230183051968,101.26715087890625,155300000,101.26715087890625
2021-03-22,101.19975070095646,103.00235431274334,99.65784147274151,100.88799285888672,147764000,100.88799285888672
2021-03-29,100.50785008157565,106.21057685744589,99.90020850989171,105.95333862304688,108506000,105.95333862304688
2021-04-05,106.70620928012495,113.45173646905039,106.64078421948624,113.29511260986328,144210000,113.29511260986328
2021-04-12,112.32219513268166,114.3219135692305,110.94508491496556,113.88392639160156,124916000,113.88392639160156
2021-04-19,113.59744778068303,115.27466168148892,111.83647679405361,114.75325775146484,120158000,114.75325775146484
2021-04-26,114.98271785412997,121.54723813240878,114.20656392101222,119.45280456542969,191230000,119.45280456542969
2021-05-03,119.08605328927624,119.92763234644568,114.57482501992787,118.88631439208984,134604000,118.88631439208984
2021-05-10,117.70670424482773,117.86084751574779,110.52800058215755,114.79586791992188,146344000,114.79586791992188
2021-05-17,114.4568735432882,117.4147880812339,112.18688638305244,116.23023223876953,103158000,116.23023223876953
2021-05-24,117.31566034428143,121.07967716433888,116.97417345441878,119.5241928100586,125008000,119.5241928100586
2021-05-31,120.0416225027111,121.62064954283319,118.1002430500168,121.51661682128906,80618000,121.51661682128906
2021-06-07,121.49482005929208,125.24525432465263,120.98694583772756,124.59796142578125,125510000,124.59796142578125
2021-06-14,124.57119866402704,126.08485368902706,123.0649248503587,124.47008514404297,150110000,124.47008514404297
2021-06-21,124.64107994136835,126.67911107134454,124.04062292860796,125.88511657714844,119352000,125.88511657714844
2021-06-28,125.89007664780088,127.72193309129815,123.66717479503477,127.59404754638672,111346000,127.59404754638672
2021-07-05,128.31815482965425,129.49815037056726,126.92097319429706,128.4420623779297,72916000,128.4420623779297
2021-07-12,128.69881264340322,131.8336799368641,128.46736324543286,130.6932373046875,82916000,130.6932373046875
2021-07-19,130.0092451182194,137.59536022147253,127.41363021391561,136.6115264892578,99522000,136.6115264892578
2021-07-26,137.04173412347748,138.78734505486915,133.63595582360026,134.03919982910156,163142000,134.03919982910156
2021-08-02,134.30039444783205,135.88200024870852,133.01076996382835,135.8383331298828,81158000,135.8383331298828
2021-08-09,135.75211361395174,137.6342618720378,135.2364120094366,137.19638061523438,70838000,137.19638061523438
2021-08-16,136.79393453281952,137.775771783054,134.17304483108202,137.22711181640625,88106000,137.22711181640625
2021-08-23,137.7837062730667,143.74365609869835,137.53534667014597,143.2871856689453,88538000,143.2871856689453
2021-08-30,143.4398250944736,145.5373292375385,142.2508148929482,143.50970458984375,100444000,143.50970458984375
2021-09-06,143.4844352248549,144.74284095381356,140.50272847516052,140.6806640625,78350000,140.6806640625
2021-09-13,141.9494908988822,144.30917961070236,139.8286781666642,140.2271728515625,140072000,140.2271728515625
2021-09-20,137.78538107804133,141.65457249372565,135.85519443366368,141.3864288330078,107338000,141.3864288330078
2021-09-27,140.34809508631287,141.25460768766817,131.83763384182362,135.26986694335938,151054000,135.26986694335938
2021-10-04,134.5135378695469,139.09069075950904,130.02016475724633,138.83197021484375,112594000,138.83197021484375
2021-10-11,138.57818513817776,140.95720367363785,135.05920824684353,140.43679809570312,98176000,140.43679809570312
2021-10-18,139.97934581715583,142.9870834937042,135.97168090763168,137.41346740722656,94852000,137.41346740722656
2021-10-25,137.59734104187692,147.81475189841836,135.5533657814837,146.9746551513672,162562000,146.9746551513672
2021-11-01,146.87006079886132,149.25479664005988,142.32464211534582,147.93666076660156,116416000,147.93666076660156
2021-11-08,148.68907096208312,149.71453004248843,144.05492522534465,148.33766174316406,87484000,148.33766174316406
2021-11-15,148.68903798169322,150.52287550030653,147.05346461406702,148.64195251464844,95216000,148.64195251464844
2021-11-22,148.82959676628377,149.42708172073475,141.24025823291018,141.55795288085938,76190000,141.55795288085938
2021-11-29,143.03736298797668,145.57846571577608,139.74985047093998,141.27490234375,144280000,141.27490234375
2021-12-06,142.31922369874016,148.2975057676344,139.41780261373873,147.37564086914062,104634000,147.37564086914062
2021-12-13,147.14665299867696,147.26411710923173,140.54881823987355,141.55494689941406,146966000,141.55494689941406
2021-12-20,139.45009953295335,147.27412246393868,139.02425812218044,145.8565216064453,72068000,145.8565216064453
2021-12-27,146.1747352645412,147.12931652981726,143.41308814822392,143.41506958007812,79178000,143.41506958007812
2022-01-03,143.21281193597736,145.32866307019742,134.60223695769824,135.80711364746094,146242000,135.80711364746094
2022-01-10,133.91827151750024,141.9340998238592,131.97689213242222,138.56480407714844,131632000,138.56480407714844
2022-01-17,135.40618127853284,137.18995394476372,128.86485464530188,128.95504760742188,112028000,128.95504760742188
2022-01-24,124.92607634306422,132.20490433686336,123.55264150964545,132.12461853027344,191552000,132.12461853027344
2022-01-31,133.0251558209915,150.77070676737327,131.11797488195654,141.76609802246094,281164000,141.76609802246094
2022-02-07,142.45302559035392,142.5893208560398,132.12359597636294,132.95774841308594,179320000,132.95774841308594
2022-02-14,132.19995390533632,136.74042821982434,129.16824180942524,129.32728576660156,141806000,129.32728576660156
2022-02-21,128.84897157101383,134.20574916560082,123.67409998348386,133.34384155273438,134740000,133.34384155273438
2022-02-28,132.11964667823628,135.51898193969816,129.26877475452406,130.96730041503906,122508000,130.96730041503906
2022-03-07,130.7512331797095,133.0271573878875,124.76078951271197,129.335205078125,157552000,129.335205078125
2022-03-14,129.43183077992475,135.71691666702154,125.30819181470616,135.60589599609375,162498000,135.60589599609375
2022-03-21,135.65149102443084,140.71881295083594,133.4350254767815,140.28463745117188,121524000,140.28463745117188
2022-03-28,139.45495421648872,142.9025695308577,137.58395341901516,139.47032165527344,126494000,139.47032165527344
2022-04-04,139.5937379232075,142.7848563437364,132.58355361703886,132.83929443359375,97788000,132.83929443359375
2022-04-11,131.738488791189,131.7773460258307,126.00058812210578,126.1408462524414,90218000,126.1408462524414
2022-04-18,126.29648998178325,130.77053262191794,118.0992614566477,118.56861877441406,136816000,118.56861877441406
2022-04-25,118.38572330343837,122.20059179894498,112.13558456435416,113.96173095703125,216638000,113.96173095703125
2022-05-02,112.91100062409244,122.06677300070709,112.40842786746866,114.64917755126953,163128000,114.64917755126953
2022-05-09,112.31326615229032,117.05297934413852,109.15115072921948,115.49720001220703,173382000,115.49720001220703
2022-05-16,114.375567591248,116.20295398364162,105.44332051122856,108.35762786865234,139618000,108.35762786865234
2022-05-23,109.14172513112756,111.88156865908103,101.31473733375847,111.81317901611328,190056000,111.81317901611328
2022-05-30,112.09072957029474,116.86761335768581,111.58865596955425,113.56275177001953,132456000,113.56275177001953
2022-06-06,115.722218160917,118.35500404267682,109.89211984550724,110.45366668701172,127210000,110.45366668701172
2022-06-13,106.50694698836053,111.08359987636084,104.70537959953646,106.92278289794922,174258000,106.92278289794922
2022-06-20,108.74324675733502,117.60064717308863,108.33831623737743,117.50202178955078,126764000,117.50202178955078
2022-06-27,117.89555429470491,118.20780374353076,106.16894940684787,108.12767791748047,148774000,108.12767791748047
2022-07-04,106.57487003122492,119.38244419762943,105.32091866391548,119.11827850341797,126516000,119.11827850341797
2022-07-11,117.61304393316014,117.75628178206149,108.3700356222789,111.78145599365234,157342000,111.78145599365234
2022-07-18,112.44857585989112,115.31331764945321,106.65961151747119,107.41297149658203,162849500,107.41297149658203
2022-07-25,107.92842311171385,115.87833527474658,103.84443535048118,115.62060546875,161031100,115.62060546875
2022-08-01,114.52029791682511,118.45560240335605,113.26140070004962,117.1867904663086,97443400,117.1867904663086
2022-08-08,118.07893151952024,121.57807922363281,115.54129996887995,121.57807922363281,85775100,121.57807922363281
2022-08-15,121.14191247637085,122.18273874876158,116.64159009954713,117.08766174316406,84579400,117.08766174316406
2022-08-22,115.08532320010005,116.75064086279166,110.24797549547978,110.32727813720703,96331300,110.32727813720703
2022-08-29,109.8118163499983,110.98150382276185,107.18497500595043,107.73017120361328,110234800,107.73017120361328
2022-09-05,107.1899371479211,111.02115617885408,105.5791391230047,110.8030776977539,86945900,110.8030776977539
2022-09-12,111.01124932109524,111.65557008924287,100.9648306807902,102.72431182861328,165898700,102.72431182861328
2022-09-19,101.64382578918446,103.11088670741718,97.15341811767111,98.30327606201172,117266800,98.30327606201172
2022-09-26,97.74819214653829,100.51380966902065,95.19073840797822,95.3096923828125,119479200,95.3096923828125
2022-10-03,96.37033813626601,102.82344551395595,96.17208151691156,98.69979858398438,107302500,98.69979858398438
2022-10-10,98.97732848122267,100.4047455752126,94.43735499494976,96.3306655883789,110928000,96.3306655883789
2022-10-17,98.65023208372547,103.309160520403,97.37151281768823,100.59310913085938,120609600,100.59310913085938
2022-10-24,101.19776269919383,104.18145838763479,91.0968251550395,95.73592376708984,215828700,95.73592376708984
2022-10-31,94.94290563690296,95.50792367750098,82.72066492622857,85.9422607421875,205326600,85.9422607421875
2022-11-07,86.57667866474023,96.50911198841588,86.20000243984806,95.8846206665039,156756100,95.8846206665039
2022-11-14,94.66535740903898,99.54235620605495,94.28173864943844,96.94525909423828,127449900,96.94525909423828
2022-11-21,96.70735032929198,98.20316475129808,93.58488650287082,96.74700164794922,63702500,96.74700164794922
2022-11-28,96.35049657426265,101.69338889970311,93.5650575964493,99.94877624511719,120675600,99.94877624511719
2022-12-05,98.94265313381146,100.86073946925089,92.20703338424484,92.25659942626953,114959500,92.25659942626953
2022-12-12,92.27640872901196,98.92777135078917,89.22333304938927,90.06590270996094,165406600,90.06590270996094
2022-12-19,90.08573367159751,90.40293666625146,86.18017321792998,89.02508544921875,106804800,89.02508544921875
2022-12-26,88.5294540287983,88.7177959038588,85.615153920525,87.95452880859375,70821500,87.95452880859375
2023-01-02,89.0449139835548,90.7498828984744,84.82214301552322,87.38951110839844,97533700,87.38951110839844
2023-01-09,88.41547083560786,92.16739506953238,85.94227342174,91.98896789550781,113236000,91.98896789550781
2023-01-16,91.96913807160342,98.55110647747289,90.04609048871477,98.4123306274414,124989900,98.4123306274414
2023-01-23,98.26364073719904,100.69223325502125,94.42944926080305,99.829833984375,143746600,99.829833984375
2023-01-30,97.88200579753851,107.86895077974583,96.66770582092033,104.3004150390625,156510500,104.3004150390625
2023-02-06,101.78756951749612,107.72026348616275,93.03969970478738,94.03096008300781,279981700,94.03096008300781
2023-02-13,94.17965605324443,97.02456866174691,91.84028082146975,93.76332092285156,189331400,93.76332092285156
2023-02-20,92.42510905087427,92.59858262995547,88.08339162203906,88.56910705566406,121977600,88.56910705566406
2023-02-27,89.30263477074543,93.28750532145524,88.73761671507353,93.19828796386719,133166200,93.19828796386719
2023-03-06,93.53533583352991,95.45838350946322,90.00645108304504,90.21461486816406,135073900,90.21461486816406
2023-03-13,89.77350496671312,102.58554172997583,89.15396718620572,101.56454467773438,232819600,101.56454467773438
2023-03-20,100.17676280433555,106.5703962326974,99.90912585278359,105.13306427001953,148115600,105.13306427001953
2023-03-27,104.39954311344123,104.47884575904082,99.4035898814148,103.09107971191406,129573000,103.09107971191406
2023-04-03,101.77269472680078,108.67186561172926,101.48522832792258,107.94824981689453,97645500,107.94824981689453
2023-04-10,106.45144831292392,108.62231089809501,104.05260008252077,108.50335693359375,103633800,108.50335693359375
2023-04-17,104.50858194977779,106.11442648463475,102.89283025629723,104.98439025878906,108311100,104.98439025878906
2023-04-24,105.12316721174186,108.19607290314603,102.3674569793909,107.27420043945312,152080300,107.27420043945312
2023-05-01,106.77855655038819,107.73016549364897,103.58669729917341,105.28670501708984,98876900,105.28670501708984
2023-05-08,104.87038771950454,117.40487917674834,104.86543414029431,116.88941955566406,177990800,116.88941955566406
2023-05-15,115.47191432072982,125.37361223521239,115.46200716253426,122.17283630371094,138421000,122.17283630371094
2023-05-22,122.4305679536757,125.93963050041992,119.69468726994498,124.33378601074219,136293400,124.33378601074219
2023-05-29,125.18627743228237,125.63730273152761,121.81599054334998,124.13554382324219,113164700,124.13554382324219
2023-06-05,123.5209486704315,128.4177770550552,120.94367335952492,121.79615783691406,121421400,121.79615783691406
2023-06-12,122.3165647590024,125.59268044322187,121.0923652124916,122.97575378417969,147419300,122.97575378417969
2023-06-19,122.45534549266453,124.08101178896753,118.55473104715472,121.94483947753906,95665000,121.94483947753906
2023-06-26,120.40443281358084,121.6474711118622,115.88825091027546,119.91276550292969,112549100,119.91276550292969
2023-07-03,119.26843875282829,122.29178568681407,118.20779053647713,119.09001159667969,70448800,119.09001159667969
2023-07-10,118.02936442990111,125.97926876295887,114.8176831533824,124.6014175415039,125342000,124.6014175415039
2023-07-17,124.95827664569872,126.16761547639202,117.64773160278233,119.25852966308594,148091200,119.25852966308594
2023-07-24,120.86042633397949,132.8982982402,120.31919291515858,131.84754943847656,163216400,131.84754943847656
2023-07-31,131.84753031963635,132.6603710459526,126.65828947845773,127.41659545898438,98782000,127.41659545898438
2023-08-07,128.37815876318797,131.487751951159,127.62480612944522,129.0323944091797,85263400,129.0323944091797
2023-08-14,128.71516252928637,131.33307240203018,125.89006448091948,126.99036407470703,97136600,126.99036407470703
2023-08-21,126.73265256981593,133.7904300054673,126.04868797201144,129.54783630371094,103264500,129.54783630371094
2023-08-28,130.92566593542676,137.36885806733497,129.70641996712516,135.6044158935547,114111700,135.6044158935547
2023-09-04,135.2475782888946,136.3131802481158,132.7892566067288,136.0009307861328,68331200,136.0009307861328
2023-09-11,136.17935089236536,138.33038402369093,133.75075094933518,137.09130859375,116812000,137.09130859375
2023-09-18,136.42718238617692,138.70706935111966,129.36939760311375,130.10293579101562,92593300,130.10293579101562
2023-09-25,129.62711466500332,133.71110229233557,127.06966125624423,130.6976776123047,95231700,130.6976776123047
2023-10-02,130.99999913038178,137.96955586279142,130.91078933662214,137.5175323486328,98436700,137.5175323486328
2023-10-09,136.78402596975744,141.13565845484086,135.50529160287937,137.36886596679688,93912100,137.36886596679688
2023-10-16,138.50881130505195,140.74906948687362,135.05426820982132,135.54495239257812,99876000,135.54495239257812
2023-10-23,135.03938136863238,139.4802382363694,120.39847061439922,122.32151794433594,177387100,122.32151794433594
2023-10-30,123.37226138447839,129.5874604076053,122.79732857047613,129.23060607910156,115446700,129.23060607910156
2023-11-06,129.08190075288533,133.09650747286108,128.79442683288707,132.88833618164062,88527200,132.88833618164062
2023-11-13,132.1944807164441,137.66624207675326,131.60964074077603,135.74319458007812,97748500,135.74319458007812
2023-11-20,134.3157792679623,139.86684335430215,134.3058721094821,137.0120086669922,63352500,137.0120086669922
2023-11-27,136.36770296801586,138.44934077060984,130.9970396237393,132.15484619140625,110129500,132.15484619140625
2023-12-04,130.14653034961916,138.7764358465853,128.26907108231424,135.44580078125,121148300,135.44580078125
2023-12-11,132.6504585117722,133.8548361271525,129.91457044669312,132.67027282714844,164714500,132.67027282714844
2023-12-18,132.6901046282185,141.99803825880454,132.60089483114385,141.47267150878906,116483100,141.47267150878906
2023-12-25,141.7303898104323,142.68696747063612,138.67730634997346,139.69830322265625,55532000,139.69830322265625
2024-01-01,138.37996222738428,139.8569305893992,135.65399604194496,136.18927001953125,72739000,136.18927001953125
2024-01-08,136.79393050586629,145.37824890539625,136.67498410208665,142.97940063476562,85336700,142.97940063476562
2024-01-15,142.17647287222383,146.74618395211053,139.281994299723,146.6768035888672,83141200,146.6768035888672
2024-01-22,147.4103188199247,153.40743124783378,145.90359900084596,152.44590759277344,96177400,152.44590759277344
2024-01-29,152.29725934622977,153.8436232729706,136.96245853032548,142.2855224609375,159059800,142.2855224609375
2024-02-05,142.78113801604667,149.3779897389088,142.65228445235985,148.90713500976562,112327200,148.90713500976562
2024-02-12,148.23307728332924,149.27390375455377,140.28317956599855,140.5210723876953,100615800,140.5210723876953
2024-02-19,139.7082441997889,144.9222684960925,139.56946834780922,144.0202178955078,72610500,144.0202178955078
2024-02-26,142.19627733018459,142.5828682158509,135.4457975667792,136.8732147216797,150542200,136.8732147216797
2024-03-04,135.34669205989792,137.7703310643451,130.40031220898837,135.098876953125,145796800,135.098876953125
2024-03-11,135.8720712344288,143.46511445597784,135.8720712344288,140.927490234375,138350500,140.927490234375
2024-03-18,148.06455433047194,151.59343877287424,145.7251792885353,150.44358825683594,122251900,150.44358825683594
2024-03-25,149.6307573007775,151.8610932446874,147.49955344899266,150.92930603027344,72155000,150.92930603027344
2024-04-01,150.50305982045444,155.6278739830613,149.7605977156856,152.59461975097656,99816200,152.59461975097656
2024-04-08,152.66897603002815,160.2868100897842,152.64420056920684,157.7987518310547,89333700,157.7987518310547
2024-04-15,158.87918339132727,159.42437952553954,152.56486076758503,154.35903930664062,88287900,154.35903930664062
2024-04-22,154.64652150462916,174.87814884504073,151.43286622450952,172.17201232910156,145543600,172.17201232910156
2024-04-29,169.2775188349886,169.88218819860467,163.06231276968006,167.51307678222656,130366800,167.51307678222656
2024-05-06,167.74108652941953,171.95394324025386,166.42270837897703,168.80172729492188,81498400,168.80172729492188
2024-05-13,164.39755422231633,175.94374973614293,164.3113090063184,175.74053955078125,93130000,175.74053955078125
2024-05-20,175.76037134367508,178.37729807911396,173.0145759217874,174.7889404296875,74722500,174.7889404296875
2024-05-27,174.20409364439135,176.94987383358338,169.47577769474688,172.4396514892578,77590600,172.4396514892578
2024-06-03,172.3603759075319,177.85195227346654,170.9428655657338,174.4122772216797,79015400,174.4122772216797
2024-06-10,175.10691483971303,180.69406588880597,173.05267890551573,177.01229858398438,78421100,177.01229858398438
2024-06-17,175.63290649563243,181.12279718857778,174.28325757599063,178.887939453125,106569600,178.887939453125
2024-06-24,179.9001543363962,186.07281092902667,178.85814356666486,182.02386474609375,86429100,182.02386474609375
2024-07-01,183.07579522447583,190.79657523505668,181.33911564369348,190.49887084960938,46083900,190.49887084960938
2024-07-08,189.9084144288926,191.83860202129293,184.72317890506855,185.35830688476562,65250100,185.35830688476562
2024-07-15,185.07049910409864,188.89118496496036,176.8535252099026,178.0245361328125,74685800,178.0245361328125
2024-07-22,180.96200250252264,183.81015191955026,164.60248168072974,167.3960418701172,125445200,167.3960418701172
2024-07-29,169.2022162032761,174.57104089123354,165.12349941812474,167.11819458007812,79186100,167.11819458007812
2024-08-05,156.17214495527188,164.67692011974322,155.4080168521504,164.131103515625,119671300,164.131103515625
2024-08-12,164.73150585731838,165.67923858633876,158.3157185539065,163.48606872558594,82914100,163.48606872558594
2024-08-19,165.72882844064156,169.11287581728638,163.77382248654718,166.15554809570312,74398300,166.15554809570312
2024-08-26,166.87506167344867,168.09074345845957,160.74904427411508,163.85324096679688,76549800,163.85324096679688
2024-09-02,162.07190727089122,162.13641493704856,150.77852289996548,150.9720458984375,83082400,150.9720458984375
2024-09-09,152.6613409321401,158.27073730644665,147.2655701437711,157.37144470214844,105165700,157.37144470214844
2024-09-16,157.33168693237522,163.94969741060123,156.61622552053575,163.60189819335938,106889800,163.60189819335938
2024-09-23,164.29749050565476,165.91721784138522,161.008363225493,164.247802734375,79869200,164.247802734375
2024-09-30,163.7410123504425,169.3653280222875,163.6018956981831,167.49717712402344,67871000,167.49717712402344
2024-10-07,168.07353095072526,168.82873350912664,160.10409473707637,163.482666015625,69271500,163.482666015625
2024-10-14,163.8702064602631,168.0238432777489,163.3336027989839,164.0093231201172,62984300,164.0093231201172
2024-10-21,163.5422650416986,166.54322708847798,161.7436801762286,165.93707275390625,63427700,165.93707275390625
2024-10-28,169.5143774259414,182.6311446030364,164.7446397717492,171.56138610839844,154027500,171.56138610839844
2024-11-04,170.16027853876113,181.4287723111526,168.41633956354204,178.72592163085938,87525700,178.72592163085938
2024-11-11,178.93460472689105,182.8646537646207,171.65577921140778,172.79356384277344,80173600,172.79356384277344
2024-11-18,173.85185402178752,179.03396812295856,164.26766461727652,165.5197296142578,113121900,165.5197296142578
2024-11-25,166.93077188754617,170.41366137063437,166.3444805128468,169.41500854492188,58017300,169.41500854492188
2024-12-02,169.24607283886698,176.58947538228486,169.19638507597332,175.37716674804688,80019700,175.37716674804688
2024-12-09,174.8051570576982,195.87051750674024,174.49178567568086,190.38905334472656,139950700,190.38905334472656
2024-12-16,193.35858491191678,201.82949369681205,185.40497264137207,191.9608612060547,156317400,191.9608612060547
2024-12-23,193.02530504778437,197.13392462913328,190.63773839883203,193.03524780273438,44646600,193.03524780273438
2024-12-30,189.87670318174074,193.4928756239251,187.73286302352892,192.12997436523438,56984900,192.12997436523438
2025-01-06,194.13949723660843,201.09330812344777,190.6078914621874,192.1697540283203,71539200,192.1697540283203
2025-01-13,190.35922069652884,197.7805852875663,187.6831467373734,196.52711486816406,75273900,196.52711486816406
2025-01-20,199.4717664208348,202.78452571275352,195.80088575876488,200.8545684814453,62385800,200.8545684814453
2025-01-27,193.1845070443258,206.00776337361216,191.61268629648103,204.53543090820312,84829000,204.53543090820312
2025-02-03,201.16792872651425,207.61935005628905,184.14155977279586,186.17098999023438,139053600,186.17098999023438
2025-02-10,188.08106765763867,189.00626012311434,182.67919083005867,185.90240478515625,72709900,185.90240478515625
2025-02-17,186.46942770990043,186.80766352789104,180.1921036687334,180.6397705078125,64501100,180.6397705078125
2025-02-24,182.84827143541295,184.13158502962574,167.518062046697,171.32823181152344,119184000,171.32823181152344
2025-03-03,172.83042113778643,175.98400504395343,166.6724705529607,174.8399658203125,109159100,174.8399658203125
2025-03-10,169.47176697420514,169.76058734064785,162.57975773636937,166.94203186035156,106394000,166.94203186035156
2025-03-17,166.64823999477593,167.7786591387655,158.15772599671035,165.5775909423828,117275200,165.5775909423828
2025-03-24,168.58037926078163,172.2106407139726,154.7107103643924,155.4287872314453,111520100,155.4287872314453
2025-03-31,154.18385282005187,159.62674542590267,146.94325281731616,147.1424560546875,139064600,147.1424560546875
2025-04-07,142.81003957423468,161.2152905151316,142.0829964109553,158.75527954101562,187459400,158.75527954101562
2025-04-14,161.6535292139886,163.3665738308407,150.2896737025087,152.73973083496094,70381600,152.73973083496094
2025-04-21,150.35440632370828,167.55954532138895,147.7997782400344,163.1873016357422,116569400,163.1873016357422
2025-04-28,163.595609531607,166.0257428568815,156.519351491687,165.13934326171875,96215100,165.13934326171875
2025-05-05,163.84960251387267,166.42415391729614,148.88537866288178,153.75559997558594,165989500,153.75559997558594
2025-05-12,158.45649789505777,169.95976971274536,156.94264154961564,166.75279235839844,147587400,166.75279235839844
2025-05-19,165.04474092431101,177.40953538559071,163.59562403351873,168.90406799316406,170493300,168.90406799316406
2025-05-26,170.6071602807669,175.7662018741473,167.84337497253614,172.15089416503906,107773500,172.15089416503906
2025-06-02,168.32642409362916,175.11884751526102,166.00584608581684,174.2125244140625,116271800,174.2125244140625
2025-06-09,175.36921490362857,181.92550512221035,173.0757762003859,175.3791961669922,108939100,175.3791961669922
2025-06-16,175.40412089975715,178.20611717567886,165.79656140415713,167.2523956298828,123723000,167.2523956298828
2025-06-23,166.8435727088897,178.330759180761,162.86492853923198,177.76239013671875,187875500,177.76239013671875
2025-06-30,180.27023539892093,181.06296988549008,174.1626757592836,180.03590393066406,102356400,180.03590393066406
2025-07-07,179.62207436589523,182.09003308540355,173.38489532980515,180.79373168945312,125057400,180.79373168945312
2025-07-14,181.55157736659478,186.8265078148914,180.19643824766234,185.41055297851562,108742400,185.41055297851562
2025-07-21,186.56725352971134,198.40344976799219,186.5173928577165,193.52737426757812,161299900,193.52737426757812
2025-07-28,193.85640998147213,197.91481251012274,188.16266284053663,189.4091033935547,127684300,189.4091033935547
2025-08-04,190.63064340407226,202.85073766140218,190.37636463275942,201.51455688476562,96820400,201.51455688476562
2025-08-11,200.981065228047,206.7396300560372,198.0743723795995,204.32652282714844,95005700,204.32652282714844
2025-08-18,204.48608253793265,208.6342256189113,196.8977509567971,206.13137817382812,77941100,206.13137817382812
2025-08-25,206.4105769069985,214.72682548432343,205.36356369121378,212.92198181152344,106686700,212.92198181152344
2025-09-01,208.39490587753912,235.45762404425668,206.37068752535131,234.50035095214844,159474100,234.50035095214844
2025-09-08,235.32873023339948,242.09548090127535,232.92345635842906,240.90780639648438,101818900,240.90780639648438
2025-09-15,244.66045883079514,256.1978580599402,244.50076816634316,254.74070739746094,137703200,254.74070739746094
2025-09-22,254.28159581111618,255.80860159278149,241.17727596416668,246.6964569091797,88533000,246.6964569091797
2025-09-29,247.78930705518542,251.15570973557408,238.73206302894886,245.96788024902344,110265000,245.96788024902344
2025-10-06,245.29921311180055,251.70665271975508,236.22200319329653,237.0254364013672,88081500,237.0254364013672
2025-10-13,240.55849971729947,257.0761126865535,240.27904866717518,253.2935333251953,82818300,253.2935333251953
2025-10-20,254.73071152191048,261.99648430275073,244.19137156657945,260.0003967285156,92860700,260.0003967285156
2025-10-27,264.8408846167696,291.3589153390633,264.4217232827714,281.2687072753906,147879600,281.2687072753906
2025-11-03,281.8675428983362,288.2450269309455,275.20058717815346,279.1528625488281,102973600,279.1528625488281
2025-11-10,284.70699901701374,291.78809103066214,270.87909024198706,276.4382019042969,87054400,276.4382019042969
2025-11-17,285.8397321854322,306.28966992645434,278.464204497457,299.0638122558594,185583900,299.0638122558594
2025-11-24,310.4016397209773,328.02709845887506,308.79477322129566,319.4938049316406,155746500,319.4938049316406
2025-12-01,316.85396793583874,323.19651692069215,313.3658096572114,321.4599304199219,122025400,321.4599304199219
2025-12-08,320.6110398114666,321.5697784333806,306.5593944963072,310.11474609375,106099600,310.11474609375
2025-12-15,312.2170198695045,312.2919341845245,297.0618356543048,308.2072448730469,138709400,308.2072448730469
2025-12-22,310.8188392186731,316.14686819703024,306.18987841261367,314.5489501953125,40921900,314.5489501953125
2025-12-29,312.41174057601245,322.49256087203764,310.24455926996137,314.9084777832031,56235400,314.9084777832031
2026-01-05,317.28040839678556,331.04742232785975,311.93238581682243,328.7104797363281,103313000,328.7104797363281
2026-01-12,326.0738896960538,340.7547171353376,325.08519148323984,329.90887451171875,104643300,329.90887451171875
2026-01-19,320.8207542022009,334.7725237952758,319.12299108328665,328.0013732910156,88974300,328.0013732910156
2026-01-26,327.77169051186456,341.8432985167513,326.2936110331262,338.08819580078125,98410400,338.08819580078125
2026-02-02,336.1107735293179,349.693030956907,306.51946773590004,322.6783447265625,171271800,322.6783447265625
2026-02-09,320.8207752575447,327.31229282250473,303.5034074415816,305.6206359863281,123823300,305.6206359863281
2026-02-16,300.24767445048167,316.3466327070812,296.51253448754755,314.4890441894531,86710200,314.4890441894531
2026-02-23,318.723519544294,319.03808041260356,302.01534213366386,311.0235595703125,108660200,311.0235595703125
2026-03-02,302.5696262635654,307.737891162336,294.864698015099,297.91070556640625,102473000,297.91070556640625
2026-03-09,293.9581102454556,310.8819162349076,293.7532164575773,301.2786865234375,79863500,301.2786865234375
2026-03-16,303.417394939577,310.5630882145813,296.5715090190732,298.61029052734375,93257200,298.61029052734375
2026-03-23,300.3492231725111,303.18751118822644,273.3155065603785,273.5953369140625,126942800,273.5953369140625
2026-03-30,275.2743193507868,297.8057409684169,271.37166951231507,294.2828674316406,92214400,294.2828674316406
2026-04-06,294.52274519514265,319.3078153785124,293.6132889155352,315.53009033203125,74931300,315.53009033203125
2026-04-13,315.23030410364134,339.7805014284534,313.5013336321852,339.19586181640625,79507800,339.19586181640625
2026-04-20,338.3563570676801,343.48327630328015,329.43173569419525,342.1141052246094,72178300,342.1141052246094
2026-04-27,343.673167846625,383.15941312113796,340.6050070712227,382.989501953125,130795900,382.989501953125
2026-05-04,382.09006641193093,398.13040116879216,376.5433860806922,396.8111877441406,85720900,396.8111877441406
2026-05-11,390.4550120587319,399.6894446672974,379.4916090226987,393.08343505859375,81186200,393.08343505859375
2026-05-18,391.8891545296458,404.22673078989135,378.0325034604433,379.1518249511719,90860700,379.1518249511719
2026-05-25,380.76583951046916,389.765428187337,374.07485900677307,376.2035827636719,101858000,376.2035827636719
2026-06-01,372.35091182617896,374.3746877077977,354.16684862847796,365.5400085449219,157929200,365.5400085449219
2026-06-08,362.4849853515625,369.6919860839844,343.6300048828125,358.1600036621094,104900100,358.1600036621094
2026-06-15,365.989990234375,373.6000061035156,356.6080017089844,367.4599914550781,79104000,367.4599914550781
2026-06-22,357.135009765625,358.20001220703125,333.69000244140625,334.69000244140625,188102700,334.69000244140625
2026-06-29,339.95001220703125,360.989990234375,338.80999755859375,356.17999267578125,81923800,356.17999267578125
2026-07-06,358.19500732421875,370.8900146484375,348.6600036621094,355.0299987792969,82642900,355.0299987792969
2026-07-13,353.989990234375,355.75,349.82000732421875,350.6700134277344,10563600,350.6700134277344
