Date,Open,High,Low,Close,Adj Close,Volume
2012-05-18,41.68394755021293,44.60826810447062,37.669204177108526,37.89720153808594,573576400,37.89720153808594
2012-05-21,36.212001928669224,36.340871326058476,32.712732099058826,33.7337646484375,168192700,33.7337646484375
2012-05-22,32.32612802343342,33.29759659357449,30.670665427450363,30.73014259338379,101786600,30.73014259338379
2012-05-23,31.096920616473653,32.21708297729492,31.087007440975867,31.721435546875,73600000,31.721435546875
2012-05-24,32.6631681608809,32.92090317457285,31.493439860261315,32.742469787597656,50237200,32.742469787597656
2012-05-25,32.61360290482297,32.663166892282185,30.839184170758223,31.632219314575195,37149800,31.632219314575195
2012-05-29,31.205961267242266,31.414134167882406,28.40059693148421,28.588943481445312,78063400,28.588943481445312
2012-05-30,28.45016163597602,29.29276070692466,27.617473849213663,27.94460105895996,57267900,27.94460105895996
2012-05-31,28.301464580379758,29.411715541101785,26.596438277542227,29.34232521057129,111639200,29.34232521057129
2012-06-01,28.638510065276986,28.89624697524988,27.15156766287224,27.478694915771484,41855500,27.478694915771484
2012-06-04,26.963222124956083,27.409303696975865,26.209837771589473,26.66583251953125,35230300,26.66583251953125
2012-06-05,26.46757685541412,27.51834901009024,25.525845863379725,25.64480209350586,42473400,25.64480209350586
2012-06-06,25.84305641830239,26.933481130663242,25.2978450074944,26.576614379882812,61489200,26.576614379882812
2012-06-07,26.764960924725553,27.111914500046897,25.922359924872257,26.08096694946289,26159500,26.08096694946289
2012-06-08,26.318878549708657,27.518346348725334,26.20983739761256,26.864091873168945,38034000,26.864091873168945
2012-06-11,26.943393931183895,27.825645729733164,26.606353535857124,26.774873733520508,28219600,26.774873733520508
2012-06-12,27.240783466520206,27.528259895798563,26.725309663448996,27.161479949951172,15816800,27.161479949951172
2012-06-13,27.41921431068136,27.855384556765756,26.864089746138824,27.032609939575195,17102800,27.032609939575195
2012-06-14,27.409303575813585,28.073471233691304,27.14165349933787,28.043733596801758,16855000,28.043733596801758
2012-06-15,28.26181424698854,29.837973089653158,28.103207234333144,29.748756408691406,43563800,29.748756408691406
2012-06-18,29.699191739270383,31.800739468994816,29.153980347512388,31.13656997680664,42978900,31.13656997680664
2012-06-19,31.265441269589193,31.89986938464277,30.432753423208908,31.632219314575195,30849000,31.632219314575195
2012-06-20,31.642132807657397,31.652045983397677,30.878835292360403,31.324918746948242,15553600,31.324918746948242
2012-06-21,31.394305967264355,32.21708056451289,31.23569895266787,31.56282615661621,21875300,31.56282615661621
2012-06-22,32.127866656129584,33.15881423075548,31.780914963462138,32.76229476928711,74834000,32.76229476928711
2012-06-25,32.5739513866408,32.73255842117111,31.27535369164953,31.780916213989258,24352900,31.780916213989258
2012-06-26,32.40542461244311,33.148895688623426,32.21707996781363,32.81185531616211,24858700,32.81185531616211
2012-06-27,32.17743165438153,32.61360383199823,31.622307037927957,31.949434280395508,28568000,31.949434280395508
2012-06-28,31.681780984211173,31.909778335035266,30.631009022841404,31.087005615234375,17713300,31.087005615234375
2012-06-29,31.64213086246261,31.71152119763386,30.492229017709477,30.829269409179688,19526900,30.829269409179688
2012-07-02,30.977963010578375,31.453784068642104,30.284055882843496,30.50214195251465,14122000,30.50214195251465
2012-07-03,30.640925515575756,31.166312498522267,30.531882470441857,30.928401947021484,8763600,30.928401947021484
2012-07-05,31.047352986639076,31.35465384674647,30.74996530146996,31.196046829223633,10032100,31.196046829223633
2012-07-06,31.16631042108823,31.622305141716847,30.98787704667012,31.453784942626953,10945600,31.453784942626953
2012-07-09,31.82056327607436,32.59377583300649,31.711522127925623,31.88995361328125,17785200,31.88995361328125
2012-07-10,32.14769082510543,32.19725480905202,30.88874596911624,31.196046829223633,14269500,31.196046829223633
2012-07-11,31.205959975726365,31.28526348441552,30.284055505499456,30.70039939880371,13030300,30.70039939880371
2012-07-12,30.43275457590144,31.12665988033791,30.333624706483377,30.54179573059082,11300700,30.54179573059082
2012-07-13,30.769793536164048,30.79953117205568,30.293970563704004,30.452577590942383,8108300,30.452577590942383
2012-07-16,30.23449119635388,30.23449119635388,27.964425212086542,28.004077911376953,24672100,28.004077911376953
2012-07-17,28.232074786337375,28.341117816811533,26.91365280897017,27.845470428466797,30438600,27.845470428466797
2012-07-18,28.06355520540095,29.035025544525695,27.904948188961146,28.856592178344727,16841800,28.856592178344727
2012-07-19,29.153979771725627,29.243196454541437,28.380769150903532,28.747549057006836,13685100,28.747549057006836
2012-07-20,28.747554120519627,29.213462075597743,28.469990848342924,28.5096435546875,11869100,28.5096435546875
2012-07-23,27.87521231874416,28.74755096435547,27.76616927901341,28.499727249145508,12390700,28.499727249145508
2012-07-24,28.569117207182153,29.193634020028146,27.855385597531605,28.20233917236328,11539800,28.20233917236328
2012-07-25,28.14286189813889,29.2332866776086,27.835561005357107,29.084592819213867,17230200,29.084592819213867
2012-07-26,27.508431208968474,27.984252267993497,26.497310040481686,26.61626625061035,64597400,26.61626625061035
2012-07-27,22.9881291653172,24.32637765293047,22.086050961308285,23.50360107421875,123102300,23.50360107421875
2012-07-30,23.79107586576121,23.830728566428334,22.829520563521502,22.948474884033203,29285900,22.948474884033203
2012-07-31,23.166560571389677,23.166560571389677,21.42188147665892,21.52100944519043,56179400,21.52100944519043
2012-08-01,21.31284012900912,21.39214364455703,20.658585653052622,20.6982364654541,44604400,20.6982364654541
2012-08-02,20.589193851878186,20.658584186714187,19.647463017188613,19.865549087524414,56374500,19.865549087524414
2012-08-03,20.182763531101056,21.967093485358756,19.726766921882845,20.906408309936523,80647000,20.906408309936523
2012-08-06,21.20379624562625,21.95718055884126,21.114579557828097,21.729183197021484,27778900,21.729183197021484
2012-08-07,22.006748867613187,22.254572607605475,20.321546679367597,20.539630889892578,36782900,20.539630889892578
2012-08-08,20.52971771340348,20.965888025198527,20.043983409908,20.539630889892578,29537400,20.539630889892578
2012-08-09,20.569369569991387,20.985713511616193,20.430588886364788,20.827106475830078,15610700,20.827106475830078
2012-08-10,21.223620642811394,21.630051342816138,20.946057429572544,21.62013816833496,25794700,21.62013816833496
2012-08-13,21.957179619309674,22.254569196160055,21.21370851330092,21.411968231201172,24973100,21.411968231201172
2012-08-14,21.223623452845192,21.411970011435464,20.07372153120607,20.20258903503418,39308800,20.20258903503418
2012-08-15,20.460324957768922,21.223622440780325,20.222414422300083,21.015451431274414,47861100,21.015451431274414
2012-08-16,20.262070788757185,20.3017216064686,19.51859952190242,19.697032928466797,157565300,19.697032928466797
2012-08-17,19.835810786011894,19.905201125128816,18.834602729801478,18.884166717529297,129293400,18.884166717529297
2012-08-20,18.88416750673652,19.954765946806315,18.586779786451306,19.835811614990234,101186600,19.835811614990234
2012-08-21,19.409553766055087,19.80607134177096,18.923819499460027,18.993209838867188,70640600,18.993209838867188
2012-08-22,19.19146941944757,19.359989624129515,18.794949956140695,19.27077293395996,49892200,19.27077293395996
2012-08-23,19.33025009715802,19.558247465038026,19.19146941944757,19.27077293395996,32813700,19.27077293395996
2012-08-24,19.35007467823663,19.508681692751296,19.08242463221385,19.241031646728516,29622200,19.241031646728516
2012-08-27,19.320337772227145,19.359990476601816,18.93373335829913,18.98329734802246,20704000,18.98329734802246
2012-08-28,18.93372988573937,19.211291202475632,18.78503605309571,19.171640396118164,25417000,19.171640396118164
2012-08-29,19.151817183992804,19.2112943486417,18.90399345875326,18.933732986450195,16124700,18.933732986450195
2012-08-30,19.102251961423445,19.280685334590054,18.894079062480785,18.923818588256836,30647500,18.923818588256836
2012-08-31,18.517387982546335,18.537214333198794,17.873046712300358,17.90278434753418,58764200,17.90278434753418
2012-09-04,17.922610459690798,18.1109570068931,17.397223518861157,17.57565689086914,46622400,17.57565689086914
2012-09-05,18.11095966125802,18.586780795853027,18.021742962178312,18.41826057434082,60781800,18.41826057434082
2012-09-06,18.576868172084474,19.092342028609657,18.557041818200002,18.794952392578125,46066500,18.794952392578125
2012-09-07,18.93373551756136,19.250949625754792,18.61652140936793,18.81477928161621,36371700,18.81477928161621
2012-09-10,18.894079204256204,19.03286176817431,18.388518606738852,18.646255493164062,24797800,18.646255493164062
2012-09-11,18.75530166837878,19.409556223842966,18.68591132018488,19.260862350463867,50508200,19.260862350463867
2012-09-12,20.579282524324967,20.975800109517696,20.10346142209369,20.747802734375,121584000,20.747802734375
2012-09-13,20.777536356197505,21.293010062702958,20.43058471791943,20.529712677001953,65041600,20.529712677001953
2012-09-14,20.946057745696553,21.887788537429515,20.718060401422587,21.80848503112793,72819800,21.80848503112793
2012-09-17,22.47265513766383,22.551958652901376,21.312840045599103,21.332666397094727,50667600,21.332666397094727
2012-09-18,21.41196877668871,21.788659981401956,21.183971418816355,21.67961883544922,36760500,21.67961883544922
2012-09-19,21.798574778998894,23.166562809536224,21.5804905801175,23.08725929260254,78782800,23.08725929260254
2012-09-20,22.819603797878397,23.037687944999327,22.343782809208438,22.393346786499023,57248900,22.393346786499023
2012-09-21,22.77004235482287,23.03769242199227,22.40326431380842,22.661001205444336,51218100,22.661001205444336
2012-09-24,21.590401878912385,21.788659708636697,20.182763157667033,20.609020233154297,79106500,20.609020233154297
2012-09-25,21.01545364671643,21.025364932337386,20.04398316104216,20.10346221923828,46291700,20.10346221923828
2012-09-26,19.97459047847346,20.599107281194893,19.62763690926653,20.440500259399414,38271900,20.440500259399414
2012-09-27,20.807275904632096,20.817189078701787,19.984501364294143,20.143108367919922,30215900,20.143108367919922
2012-09-28,20.39093360705772,21.758921481393315,20.3215432740071,21.471445083618164,65486000,21.471445083618164
2012-10-01,21.887791139169146,22.393351760965583,21.54083754882905,21.798574447631836,51262700,21.798574447631836
2012-10-02,21.88778909409032,22.294219810565576,21.630052219369095,22.076135635375977,29341400,22.076135635375977
2012-10-03,22.10587682197556,22.29422339353091,21.61022934264207,21.639968872070312,32000100,21.639968872070312
2012-10-04,22.125702549779373,22.205006068602252,21.223624314139705,21.75892448425293,46892100,21.75892448425293
2012-10-05,21.302926801654795,21.441707480189994,20.698236318188684,20.727975845336914,40529300,20.727975845336914
2012-10-08,20.222415924072266,20.56936952309271,19.984505370935533,20.222415924072266,32236700,20.222415924072266
2012-10-09,20.212501065188135,20.371108087407517,19.79615715917604,20.05389404296875,27161800,20.05389404296875
2012-10-10,19.75650679624513,19.766419971701364,19.280685718815253,19.469030380249023,39321800,19.469030380249023
2012-10-11,19.70694100156834,19.78624451480573,19.439292826107703,19.578073501586914,21817300,19.578073501586914
2012-10-12,19.578074045969053,19.627638034091248,19.310423972321324,19.35007667541504,18809400,19.35007667541504
2012-10-15,19.5086837063,19.70694154953373,19.32033714809475,19.35007667541504,20189700,19.35007667541504
2012-10-16,19.50868647414341,19.518599651323296,19.131993304288628,19.310426712036133,21834700,19.310426712036133
2012-10-17,19.33025037789586,20.30171891746774,19.201382873971003,19.706941604614258,44074500,19.706941604614258
2012-10-18,19.528512915796657,19.617729620069213,18.725562577343656,18.81477928161621,52157400,18.81477928161621
2012-10-19,18.83460235595703,18.89407951819885,18.636342627491103,18.83460235595703,34835000,18.83460235595703
2012-10-22,19.0328610961219,19.260858448497288,18.884165362121184,19.15181541442871,32447300,19.15181541442871
2012-10-23,19.082424188271546,19.627635551638562,18.933730351966425,19.33024787902832,78381200,19.33024787902832
2012-10-24,23.919947563739825,24.038903795894807,22.651091171394242,23.027782440185547,228949900,23.027782440185547
2012-10-25,23.087255927600264,23.1070803858855,22.27439263407479,22.363609313964844,76142000,22.363609313964844
2012-10-26,22.205004820984207,22.68082590718685,21.689531032225545,21.74901008605957,73175800,21.74901008605957
2012-10-31,20.63875689950619,21.312837648585255,20.54954021855486,20.926233291625977,99378200,20.926233291625977
2012-11-01,20.896494521384565,21.253361258060718,20.82710418719638,21.025362014770508,37713900,21.025362014770508
2012-11-02,21.074928052025676,21.501185126172718,20.88658150724667,20.995624542236328,38344400,20.995624542236328
2012-11-05,20.916321941869683,21.29301315706107,20.737888564399327,21.06501579284668,31806700,21.06501579284668
2012-11-06,21.055102388376593,21.183971777701473,20.807278675861692,20.9857120513916,29062700,20.9857120513916
2012-11-07,20.668498375991916,20.767628240941107,20.19267729312971,20.291805267333984,33396800,20.291805267333984
2012-11-08,20.34136778518039,20.549538765517443,19.806067737322937,19.815980911254883,34254600,19.815980911254883
2012-11-09,19.786245378523667,19.82589808224575,18.96347068374027,19.042774200439453,42295500,19.042774200439453
2012-11-12,18.983297077959175,19.994418336188645,18.705735714265195,19.895288467407227,67349200,19.895288467407227
2012-11-13,19.439291023348858,19.934938407803486,19.38972515045656,19.687114715576172,71775100,19.687114715576172
2012-11-14,19.92502543982216,22.304132531723745,19.75650525173046,22.16535186767578,229751000,22.16535186767578
2012-11-15,22.14552519047981,22.30413220154231,21.461531273557323,21.977005004882812,78857700,21.977005004882812
2012-11-16,22.05631036108879,23.721686007726138,21.986920024269715,23.35490608215332,107182200,23.35490608215332
2012-11-19,23.751423719592,23.91003263521852,22.62134819462408,22.720478057861328,85021300,22.720478057861328
2012-11-20,22.532130610299653,23.691945615316676,22.502392976033068,22.898910522460938,46655300,22.898910522460938
2012-11-21,23.017865038535636,24.31646261400442,22.8493448435146,24.10828971862793,89862400,24.10828971862793
2012-11-23,24.36602955725645,24.46515942943673,23.672122342739538,23.791078567504883,29520900,23.791078567504883
2012-11-26,24.722894656635198,25.862883382187523,24.594025264356155,25.714189529418945,123865000,25.714189529418945
2012-11-27,25.813316421464656,26.26931110286255,25.23836364636256,25.9223575592041,85760600,25.9223575592041
2012-11-28,25.714187422942594,26.2593988020126,25.525840883134233,26.130531311035156,49205600,26.130531311035156
2012-11-29,26.26931469772713,27.28043594364485,25.93227428242122,27.082176208496094,88759700,27.082176208496094
2012-11-30,27.02269813338353,27.756256103515625,26.527050702963606,27.756256103515625,127049600,27.756256103515625
2012-12-03,27.7562591928699,28.628597935575108,26.74513786849367,26.804616928100586,123526100,26.804616928100586
2012-12-04,26.824437344507505,27.51834447596217,26.447746144207287,27.22095489501953,72869200,27.22095489501953
2012-12-05,27.50842940056525,27.65712323539234,27.02269519839959,27.46877670288086,58976300,27.46877670288086
2012-12-06,27.439044158596914,27.508434501667498,26.586529907741056,26.7352237701416,46001500,26.7352237701416
2012-12-07,26.834354132815736,27.53817453414458,26.606356746914948,27.25069808959961,51751900,27.25069808959961
2012-12-10,26.933480999197595,27.92477584364249,26.86409066260563,27.59764862060547,50608500,27.59764862060547
2012-12-11,27.825645901482055,27.994166100185602,27.41921516768142,27.73642921447754,77099100,27.73642921447754
2012-12-12,27.756258271603265,27.895038957922864,27.131743292420012,27.339914321899414,46704200,27.339914321899414
2012-12-13,27.349824167278072,28.499726004368668,27.191217147730736,27.994165420532227,81051600,27.994165420532227
2012-12-14,27.934689155328993,28.083383004572546,26.527050393716586,26.576614379882812,91631600,26.576614379882812
2012-12-17,26.536963878461393,26.76496124267578,26.090880434785504,26.51713752746582,57742500,26.51713752746582
2012-12-18,26.725305638000716,27.667036409813438,26.665828482218817,27.46877670288086,60512900,27.46877670288086
2012-12-19,27.587740238121736,27.97434468958213,26.715401455385543,27.171396255493164,61390300,27.171396255493164
2012-12-20,27.250697496004076,27.3597405437314,26.89383071489285,27.121829986572266,35574800,27.121829986572266
2012-12-21,26.427922080050653,26.774875675789996,25.892623813241514,26.031404495239258,54555200,26.031404495239258
2012-12-24,26.269314790854583,26.725309536270323,25.971927077822144,26.695571899414062,28230100,26.695571899414062
2012-12-26,26.794703960609965,26.943397829297467,26.15036071172226,26.27923011779785,33175400,26.27923011779785
2012-12-27,26.31888206893855,26.56670582435509,25.29784940669933,25.82323455810547,43481700,25.82323455810547
2012-12-28,25.25819304928085,25.88270988152531,24.93106581502016,25.684450149536133,56574800,25.684450149536133
2012-12-31,25.97192927128102,26.755051323468994,25.8827125716875,26.388273239135742,60374500,26.388273239135742
2013-01-02,27.201131510853884,27.93468948098598,27.18130515985831,27.756256103515625,69846400,27.756256103515625
2013-01-03,27.637298513557063,28.22216260361995,27.349824001400368,27.528257369995117,63140600,27.528257369995117
2013-01-04,27.76617232743268,28.678163775161728,27.587738930372307,28.5096435546875,72715400,28.5096435546875
2013-01-07,28.440248004327255,29.530672649552212,28.400595305239733,29.16389274597168,83781800,29.16389274597168
2013-01-08,29.25311125565064,29.342327943426277,28.60876998118373,28.80702781677246,45871300,28.80702781677246
2013-01-09,29.411718154039967,30.33362266326361,29.23328477925541,30.32370948791504,104787700,30.32370948791504
2013-01-10,30.333621621601363,31.176222589846223,30.016407584319722,31.02752685546875,95316400,31.02752685546875
2013-01-11,31.007704072315338,31.681782992603683,30.829270694013015,31.443872451782227,89598000,31.443872451782227
2013-01-14,31.80074056234388,31.92960617000604,30.35344910001209,30.68057632446289,98892800,30.68057632446289
2013-01-15,30.373272769534697,31.43395792755055,29.61988847721857,29.837974548339844,173242600,29.837974548339844
2013-01-16,29.947015683563876,30.085798244436095,29.27293679241308,29.590150833129883,75332700,29.590150833129883
2013-01-17,29.81814925698802,30.15518966001257,29.768585270379365,29.877626419067383,40256700,29.877626419067383
2013-01-18,30.046145219937035,30.17501460430394,29.015199598725804,29.401803970336914,49631500,29.401803970336914
2013-01-22,29.491023435623415,30.62109902274,29.481110259680026,30.462491989135742,55243300,30.462491989135742
2013-01-23,30.82926954675537,31.225787100035422,30.531879963736703,30.551706314086914,48899800,30.551706314086914
2013-01-24,30.997792900862308,31.215877104695483,30.541796250081084,30.809446334838867,43845100,30.809446334838867
2013-01-25,31.136570599882585,31.652044367593025,30.85900736555892,31.265439987182617,54363600,31.265439987182617
2013-01-28,31.602477619204222,32.226992515765005,31.533087285224667,32.18734359741211,59682500,32.18734359741211
2013-01-29,31.721436665248493,31.79082700543453,30.44266534212308,30.521970748901367,72976500,30.521970748901367
2013-01-30,30.710315013994503,31.21587563108933,30.61118514756994,30.96805191040039,87682100,30.96805191040039
2013-01-31,28.89624251439147,31.19604610589268,28.489811805069863,30.710311889648438,190744900,30.710311889648438
2013-02-01,30.74005528979341,30.749968465751788,29.37206725945711,29.4711971282959,85856700,29.4711971282959
2013-02-04,28.807028210962404,28.945810777592957,27.766169360330238,27.865299224853516,92362200,27.865299224853516
2013-02-05,28.013991031657316,28.707896251185602,27.795906858218956,28.390682220458984,47948200,28.390682220458984
2013-02-06,28.48981444447607,29.035027759481515,28.410510930206453,28.797115325927734,38375900,28.797115325927734
2013-02-07,28.856595163495832,28.89624597633518,28.023907295674768,28.400598526000977,34540100,28.400598526000977
2013-02-08,28.638510233979883,28.91607349806538,28.26181898841283,28.301469802856445,37708800,28.301469802856445
2013-02-11,28.360947811504968,28.430338152273176,27.795910018683866,28.013994216918945,37361800,28.013994216918945
2013-02-12,27.429132121922137,27.91486643434184,26.86409428687769,27.131744384765625,93498700,27.131744384765625
2013-02-13,27.121830314819363,28.07347255497335,27.072264433095683,27.667041778564453,50164000,27.667041778564453
2013-02-14,27.776080579286297,28.38076911786821,27.76616740445777,28.251901626586914,35615800,28.251901626586914
2013-02-15,28.27173080424872,28.499728175876943,27.845473697707714,28.073471069335938,33109300,28.073471069335938
2013-02-19,27.98425629934289,28.826857394465105,27.875215139323604,28.678163528442383,49396400,28.678163528442383
2013-02-20,28.668248295817456,28.797115799595915,28.08338415942955,28.212251663208008,42098200,28.212251663208008
2013-02-21,28.033821170500214,28.301469363387415,26.913656846000183,27.042526245117188,49642300,27.042526245117188
2013-02-22,27.379563560464188,27.389474844736398,26.586526575806253,26.893827438354492,36350200,26.893827438354492
2013-02-25,26.923566905367895,27.39938796069007,26.91365373037225,27.032609939575195,34652000,27.032609939575195
2013-02-26,27.12182791609873,27.220955889288856,26.467573461170463,27.151565551757812,31611700,27.151565551757812
2013-02-27,27.102002973737974,27.102002973737974,26.39818260489002,26.63609504699707,44319700,26.63609504699707
2013-02-28,26.606352337550078,27.062347033781474,26.110704942127377,27.01278305053711,83027800,27.01278305053711
2013-03-01,26.814526943889316,27.87521410103197,26.576616388965594,27.53817367553711,54064800,27.53817367553711
2013-03-04,27.518347620726562,27.815735344909495,27.20113354406609,27.478694915771484,32400700,27.478694915771484
2013-03-05,27.637300433367923,27.934690031932124,26.973132787876285,27.28043556213379,40622200,27.28043556213379
2013-03-06,27.85538753655816,27.885125173981436,27.111916349056134,27.21104621887207,33532600,27.21104621887207
2013-03-07,27.32999739104385,28.430335226399738,27.230867532686105,28.331205368041992,74540200,28.331205368041992
2013-03-08,28.1825140414329,28.222164853868335,27.488606861735708,27.716604232788086,44198900,27.716604232788086
2013-03-11,27.766167299246074,28.39068218511862,27.587733934498274,27.895034790039062,35642100,27.895034790039062
2013-03-12,27.85538619818039,28.07347038870108,27.35973876366026,27.587736129760742,27569600,27.587736129760742
2013-03-13,27.379563175709826,27.40930080959817,26.685656060228442,26.844263076782227,39619500,26.844263076782227
2013-03-14,26.86409409696239,27.19122136181998,26.596444000966606,26.804616928100586,27646400,26.804616928100586
2013-03-15,26.79469999198287,26.824437626868786,26.32879021082523,26.418006896972656,31597400,26.418006896972656
2013-03-18,26.140448892534433,26.556792850813263,25.555584715648816,26.259403228759766,26653700,26.259403228759766
2013-03-19,26.299053713295113,26.665831758212292,25.981837765082922,26.318878173828125,25254200,26.318878173828125
2013-03-20,26.447747273921053,26.457660449450394,25.555582274474016,25.634885787963867,44006500,25.634885787963867
2013-03-21,25.436626660415957,25.882710116061325,25.3374967935231,25.51593017578125,24336100,25.51593017578125
2013-03-22,25.57540611386373,25.78357901343609,25.406885915446047,25.50601577758789,18456300,25.50601577758789
2013-03-25,25.525841330143844,25.575405314292805,24.861673732525844,24.911237716674805,39199000,24.911237716674805
2013-03-26,24.861675861210554,25.258193440586926,24.81211187281787,24.990543365478516,26957200,24.990543365478516
2013-03-27,24.782372911292423,26.0512310850188,24.50480965401775,25.862884521484375,52297400,25.862884521484375
2013-03-28,25.8628852487152,25.94218876863145,25.297847432968805,25.357324600219727,28585700,25.357324600219727
2013-04-01,25.406888219032165,25.664625127671453,25.059936506195648,25.30776023864746,22249300,25.30776023864746
2013-04-02,25.545666852651255,25.892620402690206,25.07975709746519,25.198713302612305,35153300,25.198713302612305
2013-04-03,25.605148056694418,26.160272690046224,25.476280547267137,26.02149200439453,48195200,26.02149200439453
2013-04-04,26.38827092518001,26.992959525156525,25.88271030206377,26.834352493286133,82016800,26.834352493286133
2013-04-05,26.626180487168536,27.557996292220984,26.378356772703437,27.151565551757812,64566600,27.151565551757812
2013-04-08,26.953306640105946,26.963219815178736,26.398180180498603,26.61626625061035,27256000,26.61626625061035
2013-04-09,26.34861496259824,26.655915812491852,26.19000795034704,26.35852813720703,21311100,26.35852813720703
2013-04-10,26.77487718110889,27.597651924879393,26.665834130125845,27.330001831054688,45949400,27.330001831054688
2013-04-11,27.240784720363745,27.855388420121574,27.012787336076595,27.776084899902344,33368500,27.776084899902344
2013-04-12,27.756257269591412,27.756257269591412,27.002872916813104,27.161479949951172,28697400,27.161479949951172
2013-04-15,26.923570773555618,27.240784856012137,26.130535567414316,26.289142608642578,30275400,26.289142608642578
2013-04-16,26.576614462422494,26.87400405257809,26.170183724213576,26.685657501220703,27365900,26.685657501220703
2013-04-17,26.418008266731693,26.963221587095518,26.160271370136147,26.398181915283203,26440600,26.398181915283203
2013-04-18,26.586528188658193,26.586528188658193,24.931065675285435,25.466365814208984,39059000,25.466365814208984
2013-04-19,25.396974630902232,25.734013136992736,25.109498219765364,25.50601577758789,20380900,25.50601577758789
2013-04-22,25.585321870172635,26.130535221580907,25.47628071248702,25.743928909301758,25687600,25.743928909301758
2013-04-23,25.991751952508128,26.100794998036587,25.545670375859423,25.753841400146484,25191500,25.753841400146484
2013-04-24,25.7042780193404,26.170185959069638,25.575408618711116,25.88271141052246,19729900,25.88271141052246
2013-04-25,25.843058540427926,26.170185791924037,25.77366819779921,25.91244888305664,17150000,25.91244888305664
2013-04-26,26.36844254602505,27.379563714511836,26.36844254602505,26.61626625061035,33018000,26.61626625061035
2013-04-29,26.923567727518435,27.171391437742827,26.626180031547108,26.745134353637695,29201100,26.745134353637695
2013-04-30,26.8938274049088,27.607560879287806,26.77487308634217,27.528257369995117,36245700,27.528257369995117
2013-05-01,27.607567135350454,27.67695748536278,27.072266908263522,27.19122314453125,64567600,27.19122314453125
2013-05-02,27.76617126490911,28.767379372855277,27.73643173628872,28.71781349182129,104257000,28.71781349182129
2013-05-03,28.78720530506416,28.816942942505438,27.90495154298769,28.06355857849121,58506400,28.06355857849121
2013-05-06,28.0833862299251,28.212253743204535,27.24078513311312,27.330001831054688,43939400,27.330001831054688
2013-05-07,27.31017453039302,27.607564143460994,26.616269214724475,26.655920028686523,41259100,26.655920028686523
2013-05-08,26.646004429738053,27.062348337581376,26.41800707063798,26.8839168548584,34654900,26.8839168548584
2013-05-09,26.844267743760085,27.310175699543592,26.61627035416891,26.804616928100586,33457200,26.804616928100586
2013-05-10,26.903742929779018,27.062349962217677,26.338705140373158,26.4477481842041,30847100,26.4477481842041
2013-05-13,26.368442690168447,27.092087457734586,26.29905235502441,26.58652687072754,29068800,26.58652687072754
2013-05-14,26.6559191097457,27.042525404331627,26.586528769645522,26.834352493286133,24930300,26.834352493286133
2013-05-15,26.685660435210906,26.755050779986295,26.17018660152933,26.368446350097656,30299800,26.368446350097656
2013-05-16,26.24949000528052,26.318880349745225,25.674539005900716,25.902536392211914,35499100,25.902536392211914
2013-05-17,26.170185866270636,26.3684456092688,25.971928014017507,26.02149200439453,29462700,26.02149200439453
2013-05-20,25.95210294038384,25.96201611709673,25.466368625922847,25.53575897216797,42402900,25.53575897216797
2013-05-21,25.644803187942028,25.8529742361154,25.367239899632313,25.436630249023438,26261300,25.436630249023438
2013-05-22,25.42671715670745,25.624976919125277,24.703072238149257,24.940982818603516,45314500,24.940982818603516
2013-05-23,24.584113373479486,25.3077601053948,24.554375735818667,24.84185028076172,37663100,24.84185028076172
2013-05-24,24.752637553661906,24.752637553661906,23.870385534409102,24.0983829498291,58727900,24.0983829498291
2013-05-28,24.326383399332258,24.326383399332258,23.711779586764496,23.890213012695312,50079700,23.890213012695312
2013-05-29,23.582906578206565,23.60273103924009,23.057519600546197,23.11699676513672,64237800,23.11699676513672
2013-05-30,23.91994640327118,24.564289635837373,23.721688546958184,24.33629035949707,60733200,24.33629035949707
2013-05-31,24.415592365628964,24.732808319393428,24.0587274901045,24.138031005859375,35925000,24.138031005859375
2013-06-03,24.058729447053043,24.10829343940204,23.50360290086969,23.642385482788086,35733800,23.642385482788086
2013-06-04,23.682034166932095,23.721686869838297,23.116996385733277,23.315256118774414,34760800,23.315256118774414
2013-06-05,23.14673459744159,23.503599449591437,22.591610023518072,22.700651168823242,53819700,22.700651168823242
2013-06-06,22.78986686154742,22.888996718114974,22.472652833127054,22.77004051208496,31260700,22.77004051208496
2013-06-07,22.82952238988181,23.19630044667074,22.661002180054602,23.08725929260254,38699200,23.08725929260254
2013-06-10,23.85055216190116,24.385852257044153,23.781161828992573,24.118202209472656,58393000,24.118202209472656
2013-06-11,23.820816040039062,24.138030091036264,23.791076513728743,23.820816040039062,29885900,23.820816040039062
2013-06-12,23.949686172144226,24.04881604666495,23.37473516881814,23.563081741333008,26445800,23.563081741333008
2013-06-13,23.513516693726846,23.622559748646555,23.0674350786597,23.52342987060547,31189300,23.52342987060547
2013-06-14,23.354905091539198,23.682032301771578,23.057517406144232,23.42429542541504,30677100,23.42429542541504
2013-06-17,23.701860506999598,24.03890091856066,23.543253476940855,23.810903549194336,33664500,23.810903549194336
2013-06-18,23.880294176034806,24.475071491289032,23.870381000193657,23.999248504638672,36709100,23.999248504638672
2013-06-19,23.98934177635385,24.970723682103056,23.890211889857447,24.0983829498291,31790600,24.0983829498291
2013-06-20,24.068641061090883,24.534548987457228,23.444124209865684,23.69194793701172,42765600,23.69194793701172
2013-06-21,24.3759406323422,24.4849836714155,23.840640503158603,24.316463470458984,45833900,24.316463470458984
2013-06-24,23.741512983366462,23.90012001191192,23.176473317085236,23.731599807739258,40626000,23.731599807739258
2013-06-25,23.92986113302885,24.21733759584916,23.830733143810313,24.038904190063477,24713200,24.038904190063477
2013-06-26,24.296641599081514,24.43542229931056,23.78116772573759,23.949687957763672,29890300,23.949687957763672
2013-06-27,24.028989523393328,24.62376687555924,23.999249994024254,24.44533348083496,34694100,24.44533348083496
2013-06-28,24.465156174228504,24.762543860455416,24.207419297150942,24.663414001464844,96778900,24.663414001464844
2013-07-01,24.752635521978117,24.841852223427484,24.405683783836317,24.59402847290039,20582200,24.59402847290039
2013-07-02,24.484984280900115,24.554374619948625,24.08846481648875,24.197507858276367,18394100,24.197507858276367
2013-07-03,24.00916138033244,24.494895646006643,23.93977104105683,24.306550979614258,10404400,24.306550979614258
2013-07-05,24.435419260841652,24.445332436874658,23.989337683826346,24.15785789489746,20229500,24.15785789489746
2013-07-08,24.256983498449433,24.822023132531104,24.207419513882794,24.49489402770996,27064600,24.49489402770996
2013-07-09,24.85176320600825,25.268107145761768,24.81211239261244,25.258193969726562,30387900,25.258193969726562
2013-07-10,25.35732472736991,25.60514846469399,25.248281677908896,25.575408935546875,26721800,25.575408935546875
2013-07-11,25.734015286652905,25.77366799111993,25.228456539913477,25.5853214263916,26777400,25.5853214263916
2013-07-12,25.51592994456881,25.704276500884035,25.327583388253583,25.684450149536133,16537900,25.684450149536133
2013-07-15,25.704277781384686,26.19992524530419,25.426714520921553,26.051231384277344,24234000,26.051231384277344
2013-07-16,26.16027168782369,26.5171384552505,25.78358045945259,26.09088134765625,30817600,26.09088134765625
2013-07-17,26.14044555406496,26.54687628396109,26.071053327593194,26.418006896972656,21518500,26.418006896972656
2013-07-18,26.51713854359581,26.536964895351122,25.89262358926321,25.95210075378418,24806900,25.95210075378418
2013-07-19,25.595231703086725,25.882708105672336,25.37714752545767,25.654708862304688,46539700,25.654708862304688
2013-07-22,25.763757386214156,25.902538084208953,25.49610727658544,25.82323455810547,27526300,25.82323455810547
2013-07-23,25.87279875358137,26.071056610516948,25.743929350365423,25.902536392211914,28221600,25.902536392211914
2013-07-24,26.090883542396288,26.299056471154884,25.82323344431171,26.27923011779785,82635600,26.27923011779785
2013-07-25,33.24803620527506,34.576371696395775,32.46491222421716,34.06089782714844,365457900,34.06089782714844
2013-07-26,33.47602342025391,34.42766545163092,33.267852434919426,33.713932037353516,136028900,33.713932037353516
2013-07-29,33.77341289433063,35.31983411440138,33.71393384612001,35.12157440185547,124718800,35.12157440185547
2013-07-30,35.33966930954723,37.62955840723226,35.012540134740554,37.302433013916016,173582800,37.302433013916016
2013-07-31,37.62955042909481,37.97650588470694,36.01374259647907,36.47964859008789,154828700,36.47964859008789
2013-08-01,36.97529825073098,37.956681845336085,36.59860513768671,37.16364669799805,106066500,37.16364669799805
2013-08-02,37.332168454553226,38.154945095553416,37.17356141046153,37.718772888183594,73058500,37.718772888183594
2013-08-05,38.095460221769066,38.977712006221545,37.91702685171242,38.84884262084961,79994800,38.84884262084961
2013-08-06,38.76954686286982,38.90832755356384,37.60972978215938,38.214420318603516,63950800,38.214420318603516
2013-08-07,38.2738964611504,38.601021809785145,37.371818258898934,38.53163146972656,68854800,38.53163146972656
2013-08-08,38.7893700560388,38.848845329210924,38.09546287760805,38.204505920410156,41301000,38.204505920410156
2013-08-09,38.25406500745441,38.402760734313695,37.679112230520545,38.16484832763672,43532300,38.16484832763672
2013-08-12,37.867464603508864,38.164852306743974,37.76833284810395,37.887290954589844,31161000,37.887290954589844
2013-08-13,37.90712754917331,37.98642919343681,36.44992249360941,36.69774627685547,65379200,36.69774627685547
2013-08-14,36.509396536657036,37.22312636273235,36.30122171345685,36.330963134765625,48423900,36.330963134765625
2013-08-15,36.04348524738709,36.74730375941327,35.706444810692986,36.24174499511719,56521100,36.24174499511719
2013-08-16,36.64817055773056,37.16364431583119,36.57878022312947,36.7572135925293,45840800,36.7572135925293
2013-08-19,37.10416854165965,37.946767697064445,36.81669211207826,37.48086166381836,57609600,37.48086166381836
2013-08-20,38.01615495196535,38.2441560889813,37.36190052000171,38.07563400268555,57995200,38.07563400268555
2013-08-21,38.04589873215046,38.51180475652855,37.81790136245696,37.986419677734375,46116900,37.986419677734375
2013-08-22,38.03598692157114,38.41268006880507,38.00624928256248,38.214420318603516,21931200,38.214420318603516
2013-08-23,38.66049626437179,40.27630780808438,38.59110593257028,40.19700241088867,86442300,40.19700241088867
2013-08-26,40.54396464346406,41.57490850928959,40.26639948826978,40.980133056640625,94162400,40.980133056640625
2013-08-27,40.32586928556549,40.841342990848226,39.07683582774866,39.294921875,72695100,39.294921875
2013-08-28,39.61213834178347,40.49439008739364,39.53283672607723,40.19700241088867,57918200,40.19700241088867
2013-08-29,40.53404231437325,41.416294049718324,40.44482563431087,40.92064666748047,58303400,40.92064666748047
2013-08-30,41.65420966030882,41.89211830444438,40.702567520787134,40.930564880371094,67735100,40.930564880371094
2013-09-03,41.475774603610894,41.79298863724738,41.14864550433539,41.50551223754883,48774900,41.50551223754883
2013-09-04,41.64429911161078,41.80290615206921,41.079261293634495,41.41630172729492,42581900,41.41630172729492
2013-09-05,41.42621732608269,42.39768593404483,41.40639097308467,42.28864288330078,50035400,42.28864288330078
2013-09-06,42.714895337354754,44.221663966646744,42.03090325059625,43.56740951538086,117535700,43.56740951538086
2013-09-09,43.97383787338253,44.400094939323424,43.31958345752969,43.65662384033203,75794700,43.65662384033203
2013-09-10,43.854883197377745,43.87470576547778,42.85367334129746,43.22045135498047,54540300,43.22045135498047
2013-09-11,43.01228076851691,44.69748268487575,42.73471943458353,44.647918701171875,72328300,44.647918701171875
2013-09-12,45.13365186336737,45.222868548266526,44.26131514600848,44.360443115234375,68072300,44.360443115234375
2013-09-13,44.64791920296039,44.68757190296496,43.5475813575158,43.92427444458008,52765300,43.92427444458008
2013-09-16,44.45957225621299,44.5487889434635,42.06064054801663,42.13994216918945,70424200,42.13994216918945
2013-09-17,42.13003424509705,45.04443995859794,42.06064390297727,44.67766189575195,91934600,44.67766189575195
2013-09-18,44.44966117791499,45.07417799156693,44.01349280571587,44.836265563964844,79317000,44.836265563964844
2013-09-19,45.11382880827504,45.64912895676759,44.83626744897812,45.57973861694336,63972400,45.57973861694336
2013-09-20,45.916782056277754,47.185638389794605,45.34183294821174,47.07659912109375,115508400,47.07659912109375
2013-09-23,46.86842583717031,47.13607593779256,45.887045916379,46.77920913696289,75177000,46.77920913696289
2013-09-24,48.08771547961407,49.227706163823996,47.740763766066735,48.02824020385742,136716100,48.02824020385742
2013-09-25,48.80144067732762,49.10874341487025,48.038143256842574,49.02943801879883,87879700,49.02943801879883
2013-09-26,49.57465045982348,50.15951453335801,49.06909178408525,49.95134353637695,98220100,49.95134353637695
2013-09-27,49.85222201943461,50.83360186443212,49.42596490486317,50.79395294189453,81410500,50.79395294189453
2013-09-30,49.70353079611741,51.15082059150523,49.36649034417186,49.792747497558594,100095000,49.792747497558594
2013-10-01,49.53500705393293,50.5857772212216,49.019533255371165,49.98108673095703,98114000,49.98108673095703
2013-10-02,49.69361987662529,50.65517346426378,49.51518647242632,49.84231185913086,62834000,49.84231185913086
2013-10-03,50.03065581460564,50.27847954456665,48.632930128885135,48.75188446044922,82045000,48.75188446044922
2013-10-04,49.336743007308954,50.71464218425589,49.1384832895743,50.59568786621094,74447000,50.59568786621094
2013-10-07,50.28839029218253,50.84351680269571,49.961264938506716,50.08021926879883,57204000,50.08021926879883
2013-10-08,50.15952040564812,50.15952040564812,46.67016568687272,46.72964096069336,136081000,46.72964096069336
2013-10-09,46.96755983937028,47.42355464812862,44.86601164150145,46.36286926269531,147297000,46.36286926269531
2013-10-10,47.45328429539713,49.24752936868517,47.413635374590136,48.62301254272461,99774000,48.62301254272461
2013-10-11,48.751889280615366,49.43588148159859,48.36528482869048,48.682498931884766,58428000,48.682498931884766
2013-10-14,47.88945540424907,49.19796429934208,47.49293595298281,49.07900619506836,68781000,49.07900619506836
2013-10-15,49.554835609698344,50.55604183312619,48.75188534865932,49.06909942626953,81167000,49.06909942626953
2013-10-16,49.60439379780911,50.793948340444004,49.4656131277748,50.69481658935547,64678000,50.69481658935547
2013-10-17,50.67498930616784,51.76541585912816,50.506471004654365,51.75550079345703,71522000,51.75550079345703
2013-10-18,53.70835983779875,54.352703057628666,53.133406960844056,53.74801254272461,88260000,53.74801254272461
2013-10-21,54.204009864693965,54.33287927104384,53.04419277052561,53.38123321533203,58235000,53.38123321533203
2013-10-22,53.85705066308085,54.28330396682013,51.74559158758478,52.221412658691406,83204000,52.221412658691406
2013-10-23,51.29951210464413,51.79515956459238,50.6849103131255,51.44820785522461,57207000,51.44820785522461
2013-10-24,51.924029304886346,52.3800240634836,51.14090540545408,51.9934196472168,46775000,51.9934196472168
2013-10-25,52.717060618279184,52.77653967083298,51.428378064865065,51.49776840209961,45085000,51.49776840209961
2013-10-28,51.091345311538,51.24995236060118,49.17814565512506,49.792747497558594,73472000,49.792747497558594
2013-10-29,50.2883909841875,50.34787004089703,48.8212749520962,48.969970703125,102143000,48.969970703125
2013-10-30,49.56474621832413,49.77291724488349,48.32562756286603,48.5833625793457,127073000,48.5833625793457
2013-10-31,46.74946268374203,51.54732967387795,46.095208266063935,49.772911071777344,248809000,49.772911071777344
2013-11-01,50.40734021158903,51.636547455345934,49.287179784835246,49.316917419433594,95033000,49.316917419433594
2013-11-04,48.94022638795272,49.31691949517523,47.6019798338454,47.80023956298828,80371000,47.80023956298828
2013-11-05,47.37398966109034,49.74318414123587,47.096424485554905,49.67379379272461,76835000,49.67379379272461
2013-11-06,49.822485214385274,50.01083368521291,48.28597871518646,48.69240951538086,67889000,48.69240951538086
2013-11-07,48.81136425747753,49.435877343780746,46.888249663651536,47.14598846435547,97128000,47.14598846435547
2013-11-08,47.393810412498425,48.22649827768767,46.838683908542286,47.11624526977539,70731000,47.11624526977539
2013-11-11,46.6305088377928,47.11624117776524,45.33191127346742,45.797821044921875,80910000,45.797821044921875
2013-11-12,45.599567443944984,46.957640459001766,45.43104911850653,46.20425796508789,68196000,46.20425796508789
2013-11-13,45.82756537226565,48.31571783001201,45.65904704482355,48.28597640991211,79245000,48.28597640991211
2013-11-14,48.276064968419796,49.138490518730805,47.61189538352086,48.563541412353516,75117000,48.563541412353516
2013-11-15,48.68249434067637,49.04927240387476,48.285974858333766,48.5833625793457,42453000,48.5833625793457
2013-11-18,48.048063373908114,48.41484141557823,45.40130411482803,45.43104553222656,85910000,45.43104553222656
2013-11-19,45.85729677679244,46.59085660852682,45.32200044713724,45.95642852783203,75602000,45.95642852783203
2013-11-20,46.20425123763065,47.13606698838702,45.906863553899,46.02581787109375,53933000,46.02581787109375
2013-11-21,46.58095255514296,47.04685862214001,46.283561037348385,46.29347610473633,34886000,46.29347610473633
2013-11-22,46.63051449552921,46.858511876045334,45.55991415415953,45.82756423950195,40545000,45.82756423950195
2013-11-25,45.95643129781022,46.24390772091792,43.6566274759284,44.42983627319336,82565000,44.42983627319336
2013-11-26,44.271228254428024,45.76808182775542,43.17089035583137,45.49052047729492,82016000,45.49052047729492
2013-11-27,45.56982665629744,46.26373004425227,45.13365449073743,46.08530044555664,44993000,46.08530044555664
2013-11-29,46.34303784048365,46.79903259937786,46.095214108716355,46.600772857666016,22953900,46.600772857666016
2013-12-02,46.491733995488055,47.126162149278024,45.85730206020801,46.65034103393555,50774000,46.65034103393555
2013-12-03,46.34303802231985,46.78912149754929,45.887043261636464,46.323211669921875,32086000,46.323211669921875
2013-12-04,46.05556867061534,48.34546167477547,45.85730889762253,48.1967658996582,60890000,48.1967658996582
2013-12-05,47.73084860739303,48.27606001936378,47.45328347758865,47.919193267822266,43855000,47.919193267822266
2013-12-06,48.55362212973895,48.960052873931424,47.29467719492571,47.522674560546875,42938000,47.522674560546875
2013-12-09,47.67137331573921,48.54371391260471,47.324421602975114,48.41484451293945,36056000,48.41484451293945
2013-12-10,48.216579579974095,50.328038611531255,48.11745161028169,49.812564849853516,68479000,49.812564849853516
2013-12-11,50.10995509348763,50.328041175709835,48.58336008091187,48.95014190673828,65776000,48.95014190673828
2013-12-12,50.60560213071311,51.616723347366545,50.218997738181756,51.378814697265625,92723000,51.378814697265625
2013-12-13,51.21030063604755,53.03428362603432,50.89308653183162,52.85585021972656,82641000,52.85585021972656
2013-12-16,52.786452937050974,54.02557155059677,52.44941252290692,53.34157943725586,85119000,53.34157943725586
2013-12-17,54.283314516551705,54.69966039811614,53.7678444254574,54.3824462890625,78751000,54.3824462890625
2013-12-18,54.38243945489859,55.40347200376011,53.282101497994624,55.08625793457031,76003000,55.08625793457031
2013-12-19,53.85704820966473,54.70955855979758,53.480355127473295,54.570777893066406,89753200,54.570777893066406
2013-12-20,54.45182639093808,54.669912467926366,53.75791923992152,54.64017105102539,239824000,54.64017105102539
2013-12-23,55.01687262311907,57.81232422685562,54.96730862930622,57.267112731933594,98297000,57.267112731933594
2013-12-24,57.762754748176285,58.07005753102054,56.414593068135645,57.45545196533203,46617800,57.45545196533203
2013-12-26,57.8123154381192,57.871794490546705,56.87058457287738,57.22745132446289,55101000,57.22745132446289
2013-12-27,56.97963240637104,57.17789214965635,54.76904515524146,54.95738983154297,60466000,54.95738983154297
2013-12-30,54.45182785859723,54.699651577676406,52.96488554412213,53.24244689941406,68307000,53.24244689941406
2013-12-31,53.64888551170363,54.38244549156432,53.4407144647194,54.17427444458008,43076200,54.17427444458008
2014-01-02,54.35269604498611,54.73930041440792,53.7182641924977,54.23373794555664,43195500,54.23373794555664
2014-01-03,54.54104724835295,55.165564110161476,54.055311071059656,54.085052490234375,38246200,54.085052490234375
2014-01-06,53.9462659698269,56.76154360196182,53.57948792022017,56.70206832885742,68852600,56.70206832885742
2014-01-07,57.19771208276148,58.04031117029549,56.72189102117277,57.415794372558594,77207400,57.415794372558594
2014-01-08,57.09858948640846,57.901539783668454,56.73181140165573,57.723106384277344,56682400,57.723106384277344
2014-01-09,58.139449178177344,58.44674818643514,56.15685931745846,56.72189712524414,92253300,56.72189712524414
2014-01-10,56.63268050908733,57.792493764107164,56.56329016638478,57.43562698364258,42449500,57.43562698364258
2014-01-13,57.40587978600499,57.74292015792887,54.89790523643251,55.42329025268555,63010900,55.42329025268555
2014-01-14,55.96850948623688,57.27701845966187,55.61164271503189,57.237369537353516,37503600,57.237369537353516
2014-01-15,57.475280172181236,58.06014433808927,56.771461672280566,57.09858703613281,33663400,57.09858703613281
2014-01-16,56.76154427109714,57.51493051221323,56.33529094336111,56.69215393066406,34541800,56.69215393066406
2014-01-17,56.80119321008407,57.31666697734484,55.58190101851118,55.809898376464844,40849200,55.809898376464844
2014-01-21,56.10728324240394,58.070050241756036,56.008155276634014,58.00065612792969,48669200,58.00065612792969
2014-01-22,58.3377003302326,58.793698834542056,56.60293434510176,57.00936508178711,61352900,57.00936508178711
2014-01-23,55.87929276212107,56.186595544150926,55.20521192388716,56.13703155517578,47951800,56.13703155517578
2014-01-24,55.66120756222228,55.92885384507939,53.92644156779937,53.97600555419922,55200700,53.97600555419922
2014-01-27,54.253567663073625,54.46173867776235,51.398637384878896,53.083839416503906,73924100,53.083839416503906
2014-01-28,53.54975436221778,54.79878435190955,53.52992800917631,54.660003662109375,48191200,54.660003662109375
2014-01-29,54.13461862648682,54.47165906573933,52.72697781025921,53.06401824951172,92995600,53.06401824951172
2014-01-30,61.57923788536858,61.9559310046943,59.933688509143494,60.54829406738281,150178900,60.54829406738281
2014-01-31,59.943600483961255,62.818353265410806,59.64620900528566,62.02531814575195,87794600,62.02531814575195
2014-02-03,62.48131527248692,63.21487514984551,60.171600161210165,60.94480895996094,74866600,60.94480895996094
2014-02-04,61.50984724488576,62.59035882759242,61.28184987368031,62.20375442504883,45985500,62.20375442504883
2014-02-05,62.19384345297868,62.61018549427779,60.73663874545194,61.64862823486328,51685100,61.64862823486328
2014-02-06,60.92498546269349,62.23349446718261,60.92498546269349,61.618892669677734,42086500,61.618892669677734
2014-02-07,61.72792493582029,64.00790211927985,61.67836095429736,63.76007843017578,60704300,63.76007843017578
2014-02-10,63.74025909672814,63.92859996717745,62.91748259204276,62.99678421020508,43666100,62.99678421020508
2014-02-11,63.195038740501644,64.43415714717814,62.79851933776945,64.28546142578125,45675600,64.28546142578125
2014-02-12,64.35485629708033,64.49363696338685,63.49243466545827,63.888946533203125,47282100,63.888946533203125
2014-02-13,63.62131561327343,66.743896484375,63.49244998146856,66.743896484375,61911700,66.743896484375
2014-02-14,66.91240069504936,66.99170609617335,66.13919194153881,66.50596618652344,36694900,66.50596618652344
2014-02-18,66.35729029635495,66.95206578892343,65.49486091619318,66.71415710449219,43809900,66.71415710449219
2014-02-19,66.46632688100696,68.47865434247834,66.41675911021034,67.467529296875,62087100,67.467529296875
2014-02-20,67.14042523116444,69.49970501447376,65.1578348900024,69.02388000488281,130928900,69.02388000488281
2014-02-21,69.08335046427459,69.3509967846032,67.8541392279297,67.992919921875,70932400,67.992919921875
2014-02-24,68.1416138674887,70.8181148143522,67.94335789941603,70.16385650634766,76620300,70.16385650634766
2014-02-25,70.33236617547156,70.38193394287664,68.84542390907276,69.241943359375,52077000,69.241943359375
2014-02-26,69.57900155620158,70.60003424141068,68.2506622645356,68.65709686279297,55322700,68.65709686279297
2014-02-27,68.73637851189673,69.40055178262254,68.27047630398587,68.3398666381836,41653700,68.3398666381836
2014-02-28,68.86526958456459,69.27169662969749,66.7934589596785,67.86405944824219,66783700,67.86405944824219
2014-03-03,66.37710914450017,67.45762457600652,65.93102944084781,66.82319641113281,56824100,66.82319641113281
2014-03-04,68.06231489310153,68.30022356345262,67.03136723760645,68.20109558105469,42013500,68.20109558105469
2014-03-05,69.08334401822017,71.34349518070175,69.01395367772223,70.94697570800781,74567700,70.94697570800781
2014-03-06,71.2542752483648,71.26419031507697,69.63846727136047,70.22332763671875,46026500,70.22332763671875
2014-03-07,70.46124676610678,70.56037474837707,68.86526129372037,69.19239044189453,38927000,69.19239044189453
2014-03-10,70.15393568754938,71.52192746923075,69.89620446278083,71.40296936035156,59871600,71.40296936035156
2014-03-11,71.86887818621099,71.9580910944188,69.35098830495721,69.4897689819336,59408300,69.4897689819336
2014-03-12,69.2518676809168,70.7288950786424,68.39935339587184,70.26298522949219,46340500,70.26298522949219
2014-03-13,70.6694117904014,70.72888706211172,67.55674652123399,68.23082733154297,57091000,68.23082733154297
2014-03-14,67.89377920828518,68.82559874694289,66.87274676723472,67.13048553466797,48227000,67.13048553466797
2014-03-17,67.58647890175607,68.34977256027898,66.04006145369566,68.1416015625,52197000,68.1416015625
2014-03-18,68.16143517788693,68.99411921156916,67.70544045996866,68.58769226074219,40827000,68.58769226074219
2014-03-19,68.56787018635873,68.6868283035694,66.88267178893258,67.64596557617188,43981000,67.64596557617188
2014-03-20,67.41797932788064,67.63606545173874,66.23833578318335,66.38703155517578,44439000,66.38703155517578
2014-03-21,66.9421394977936,67.3287438812947,65.60389297313753,66.6546630859375,59999900,66.6546630859375
2014-03-24,66.60510490577697,66.77362321899278,62.80844372885297,63.54199981689453,85696000,63.54199981689453
2014-03-25,64.32511901855469,65.61380528477994,63.22478118463381,64.32511901855469,68786000,64.32511901855469
2014-03-26,64.17643117512841,64.3846022013286,59.84447342193799,59.86429977416992,97503900,59.86429977416992
2014-03-27,59.98324863458813,61.3611516278439,57.4752739191143,60.439247131347656,112650000,60.439247131347656
2014-03-28,60.80603009761928,61.41072059941801,58.82344027217553,59.487606048583984,67052000,59.487606048583984
2014-03-31,60.25089536597304,60.98445516517353,59.34881726971361,59.715599060058594,53011000,59.715599060058594
2014-04-01,59.93368209742982,62.11453139178548,59.715599815036924,62.07487869262695,59291000,62.07487869262695
2014-04-02,62.659743566118905,63.35365068425155,61.66844876349786,62.17401123046875,66277000,62.17401123046875
2014-04-03,62.00548951564722,62.62009123810281,58.615263085677455,58.972129821777344,83859000,58.972129821777344
2014-04-04,59.41821058284049,59.67594935555454,55.82972436708435,56.2559814453125,125214400,56.2559814453125
2014-04-07,55.41338386562574,57.49510154697192,54.95738535873477,56.45424270629883,108488000,56.45424270629883
2014-04-08,57.1778900570445,58.198922592584246,56.67232754109516,57.683448791503906,78836000,57.683448791503906
2014-04-09,59.11090857963851,61.916270830670065,58.674736457839074,61.86670684814453,100215000,61.86670684814453
2014-04-10,62.530886191034696,62.63001417174228,58.16918697307967,58.6450080871582,114988000,58.6450080871582
2014-04-11,57.098587942284794,59.785000146472996,56.811115279031284,58.02049255371094,91452000,58.02049255371094
2014-04-14,59.56690825585575,59.92377501029759,57.27701576918049,58.37735366821289,72325000,58.37735366821289
2014-04-15,58.77387466257602,59.160479062841354,55.39355925464161,58.57561492919922,108623000,58.57561492919922
2014-04-16,59.269516981408806,59.66603263239366,57.23736339832898,59.20012664794922,78774000,59.20012664794922
2014-04-17,58.78378478651684,60.05264478617279,58.20883573071899,58.426918029785156,88040000,58.426918029785156
2014-04-21,58.942394050763234,60.70690155029297,58.63509505085156,60.70690155029297,60364000,60.70690155029297
2014-04-22,62.104622486132286,62.887742526311776,61.67836540757767,62.4813117980957,60631000,62.4813117980957
2014-04-23,62.89765778865746,62.927395423513325,60.72671968842735,60.82585144042969,95908700,60.82585144042969
2014-04-24,63.04635298227,63.09592075156164,59.249695550604855,60.340118408203125,138769000,60.340118408203125
2014-04-25,59.447954878459186,59.48760379953666,57.06884566527765,57.20762634277344,92502000,57.20762634277344
2014-04-28,57.54467174779322,57.802410555368525,54.18418243398808,55.65129852294922,107758000,55.65129852294922
2014-04-29,55.6017300124466,57.77266443994961,55.35390629225947,57.643798828125,75557000,57.643798828125
2014-04-30,57.07876341937603,59.328999564427434,56.66241758579404,59.25960922241211,76093000,59.25960922241211
2014-05-01,59.90394988713204,61.737843902114015,59.68586380350548,60.61768341064453,82429000,60.61768341064453
2014-05-02,60.76637312214886,61.35123723080296,59.65612395675945,59.933685302734375,54189000,59.933685302734375
2014-05-05,59.1505626902803,60.81593836348935,58.66483032479672,60.68707275390625,46057000,60.68707275390625
2014-05-06,60.44916595175304,60.61768806061628,57.980843629410906,58.02049255371094,55901000,58.02049255371094
2014-05-07,58.25840324819248,58.78378834883609,55.770250866580206,56.89041519165039,78587000,56.89041519165039
2014-05-08,56.73180564816436,58.307964661945185,56.00816083801831,56.26589584350586,61251000,56.26589584350586
2014-05-09,56.355106339569105,57.148145183260795,55.88920036761312,56.74171447753906,52584000,56.74171447753906
2014-05-12,57.47527951170976,59.37856774117079,57.47527951170976,59.30917739868164,48575000,59.30917739868164
2014-05-13,59.140655294429386,60.35994760294018,58.991959542529756,59.30917739868164,48525000,59.30917739868164
2014-05-14,59.011777480932814,59.923770651670345,58.43682847064373,58.71438980102539,47429000,58.71438980102539
2014-05-15,58.744129587552344,58.86308768906676,57.0192787119795,57.415794372558594,56814000,57.415794372558594
2014-05-16,57.80240715452154,57.94118783590136,56.81111225153431,57.514930725097656,47933000,57.514930725097656
2014-05-19,57.38605970171199,59.04152410913479,57.06884564426987,58.6945686340332,43034000,58.6945686340332
2014-05-20,58.982047797973216,59.6660399321091,57.67353880480629,58.05023193359375,53931000,58.05023193359375
2014-05-21,58.05023278398514,59.97334359751105,57.74292999264493,59.96343231201172,58992000,59.96343231201172
2014-05-22,60.40950992060549,60.944810074836006,59.87421354786491,59.993167877197266,54200000,59.993167877197266
2014-05-23,59.88412125212125,60.915068795327116,59.62638625706464,60.81593704223633,38294000,60.81593704223633
2014-05-27,61.083589595318685,62.95713631803618,61.03402560749613,62.927398681640625,55682000,62.927398681640625
2014-05-28,62.838176116177934,63.581647208478174,62.07487867430428,62.957130432128906,47795000,62.957130432128906
2014-05-29,63.28426431213499,63.74026282381791,62.957135191677004,63.27435302734375,42700000,63.27435302734375
2014-05-30,63.39330941261756,63.611391718520906,62.015410110974415,62.748966217041016,45253500,62.748966217041016
2014-06-02,62.679571930644016,63.03643867609661,61.50984372343373,62.530879974365234,35996000,62.530879974365234
2014-06-03,62.07488061002409,62.86791571024282,61.777492920128275,62.32270431518555,32217000,62.32270431518555
2014-06-04,61.906368126820674,63.036443723582046,61.52967500073688,62.78861999511719,36514000,62.78861999511719
2014-06-05,63.10582906367159,63.7997362046766,62.27314125076352,62.63991928100586,47352000,62.63991928100586
2014-06-06,62.81835814040154,62.9274011868462,61.60898090712726,61.9559326171875,42442000,61.9559326171875
2014-06-09,61.85679765834421,62.788613418434295,61.25210721918879,62.332618713378906,37617000,62.332618713378906
2014-06-10,62.976958101943765,65.24702412558071,62.94722046770499,65.19745635986328,69338000,65.19745635986328
2014-06-11,64.75137984546649,65.22720470518964,64.33503782007095,65.2073745727539,44242000,65.2073745727539
2014-06-12,65.2767681295345,65.89137369469962,63.50234933800708,63.730350494384766,55730000,63.730350494384766
2014-06-13,64.13676299156924,64.40441679135832,63.27434145730682,63.938507080078125,29419000,63.938507080078125
2014-06-16,63.60147650861885,64.3152023950002,63.19504201990798,63.6312141418457,31046000,63.6312141418457
2014-06-17,63.54200591492734,64.31521477963156,63.37348758553906,63.83939743041992,27715000,63.83939743041992
2014-06-18,63.9286004447492,65.17763402817037,63.49243586936375,65.02893829345703,35570000,65.02893829345703
2014-06-19,64.89016018485229,65.00911828991248,63.65104161831528,63.7799072265625,34245000,63.7799072265625
2014-06-20,63.89885438518425,64.24580601178283,62.7985166815586,63.938507080078125,46466000,63.938507080078125
2014-06-23,63.7600939532367,65.08843318298155,63.660965966057084,64.80095672607422,34560000,64.80095672607422
2014-06-24,64.79103666565192,66.58527805317442,64.70181618997917,65.14790344238281,57335000,65.14790344238281
2014-06-25,65.00912652539292,66.89258849772563,64.99921145797029,66.85293579101562,44308000,66.85293579101562
2014-06-26,67.40806079149091,67.40806079149091,66.31763779128352,66.5456314086914,47714000,66.5456314086914
2014-06-27,66.72405161108449,67.11065598409077,66.25814183772329,67.01152801513672,46461000,67.01152801513672
2014-06-30,66.87274957133464,67.32874429408085,66.54562045621905,66.70423126220703,27102800,66.70423126220703
2014-07-01,66.9917119743393,67.84422620377741,66.80336352088808,67.467529296875,33243000,67.467529296875
2014-07-02,67.44769891532673,67.70543768025688,65.21728562141902,65.87153625488281,41895000,65.87153625488281
2014-07-03,66.2779818573755,66.41676254721183,65.18755891024122,65.71294403076172,25203200,65.71294403076172
2014-07-07,65.72285920216792,65.99050551499629,64.55313084099365,64.72164916992188,28745000,64.72164916992188
2014-07-08,64.49364643087542,64.98929390129526,61.66845736207839,62.21366882324219,68926000,62.21366882324219
2014-07-09,62.85802016474785,64.55313760642036,62.60028511070177,64.4044418334961,51432000,64.4044418334961
2014-07-10,62.75888401320895,64.77120774985717,62.501145211172556,64.30530548095703,44422000,64.30530548095703
2014-07-11,64.71173433121916,66.01032831975259,64.22600191430656,65.76250457763672,39212000,65.76250457763672
2014-07-14,66.5456205443509,67.57656809569966,66.3176269641656,67.30892181396484,38537000,67.30892181396484
2014-07-15,67.3684053065429,67.49727093007114,65.68320688141178,66.58528137207031,44213200,66.58528137207031
2014-07-16,66.95206391331793,67.348583418249,66.48615406224746,67.0710220336914,29541600,67.0710220336914
2014-07-17,66.4464918810767,67.25935334694101,65.46511210761378,65.83189392089844,38188000,65.83189392089844
2014-07-18,66.21850880120829,67.8640545628923,65.5840806083927,67.82440185546875,42456000,67.82440185546875
2014-07-21,68.21099999321954,69.35099064657093,67.90370099282167,68.79586791992188,49539000,68.79586791992188
2014-07-22,69.15273980159166,69.1626473060284,68.01274906398768,68.66699981689453,40398000,68.66699981689453
2014-07-23,69.1329155911754,70.70907867444191,69.00404995563031,70.66942596435547,78435000,70.66942596435547
2014-07-24,75.29875814268155,76.07196693864991,73.86138359253319,74.3272933959961,124168000,74.3272933959961
2014-07-25,74.33719792003076,75.01127871362357,74.01007637075645,74.53546142578125,45917000,74.53546142578125
2014-07-28,74.51563836971734,74.84276751303524,73.20712935942586,74.26781463623047,41725000,74.26781463623047
2014-07-29,74.06956952255449,74.26782551318767,72.780882894495,73.068359375,41324000,73.068359375
2014-07-30,73.56398980824169,74.53546208759643,73.48468440523732,74.02989959716797,36853000,74.02989959716797
2014-07-31,73.35582476693591,73.52434308979878,71.8094070974082,72.017578125,43992000,72.017578125
2014-08-01,71.59131423772114,72.58260907332962,70.9271485129785,71.73009490966797,43535000,71.73009490966797
2014-08-04,71.73011109788946,73.23687626035375,71.73011109788946,72.87010192871094,30777000,72.87010192871094
2014-08-05,72.56278303773415,72.94938744040807,71.55166557604385,72.0572280883789,34986000,72.0572280883789
2014-08-06,71.3930621896998,73.07826821845734,71.16506857619076,71.83914947509766,30986000,71.83914947509766
2014-08-07,72.36452459705598,73.35581945454989,72.06713311461597,72.53304290771484,38141000,72.53304290771484
2014-08-08,72.76104780274274,72.7907854399235,71.92835614678167,72.42400360107422,27202000,72.42400360107422
2014-08-11,72.82051989625481,73.26660712342068,72.42400043754502,72.80069732666016,24591000,72.80069732666016
2014-08-12,72.45373799424938,72.69165420700304,71.59131630270113,72.19600677490234,27419000,72.19600677490234
2014-08-13,72.48347966658329,73.60364008595971,72.41408933198439,73.12781524658203,29266000,73.12781524658203
2014-08-14,73.32608437150058,73.7325113444721,73.04852301181667,73.65321350097656,22207000,73.65321350097656
2014-08-15,73.67304012270428,74.0001692701705,72.36453109581963,72.98904418945312,38846600,72.98904418945312
2014-08-18,73.35582867768747,74.06956227489862,73.31617597084458,73.94068908691406,23974000,73.94068908691406
2014-08-19,74.1587728740654,74.92207422170637,73.86138892651384,74.63459777832031,26679000,74.63459777832031
2014-08-20,74.31737086582888,74.52554186206903,73.97041920542864,74.15876007080078,22917000,74.15876007080078
2014-08-21,74.26780432725872,74.5354581575409,73.76224942646631,73.92085266113281,20102000,73.92085266113281
2014-08-22,73.69285153026203,74.07946345877842,72.92955786478507,73.92085266113281,20897000,73.92085266113281
2014-08-25,74.28764551173255,74.62468216240859,74.13894975756008,74.366943359375,19734000,74.366943359375
2014-08-26,74.34711726698934,75.32849709727924,74.07947097253931,75.29875946044922,23993000,75.29875946044922
2014-08-27,74.61475951546996,74.83284559103757,73.81181311267963,73.98033142089844,36323000,73.98033142089844
2014-08-28,73.3558140510184,73.78207111086104,73.08816778692139,73.21703338623047,21947000,73.21703338623047
2014-08-29,73.65321588030379,74.16868591308594,73.36573944477871,74.16868591308594,26241000,74.16868591308594
2014-09-02,74.35703619947694,76.03231951949951,74.16868773912128,76.01249694824219,34979000,76.01249694824219
2014-09-03,76.46848520919801,76.80552939573066,74.94189021097512,75.16989135742188,32389000,75.16989135742188
2014-09-04,75.22935835301641,76.26030580578899,74.87249163617285,75.28883361816406,26676000,75.28883361816406
2014-09-05,75.43754989027525,76.70640631220456,74.9419023777728,76.58745574951172,29476000,76.58745574951172
2014-09-08,76.58743920133067,77.48951354642465,76.3396154986265,77.21195220947266,28183000,77.21195220947266
2014-09-09,76.91456051410258,77.48951331779489,75.53666133617116,76.00257110595703,28882000,76.00257110595703
2014-09-10,75.85388417640868,77.27143621874612,75.84397667252483,76.75596618652344,29909000,76.75596618652344
2014-09-11,76.45858286764053,77.67787908107863,76.37928501318233,77.24170684814453,32219000,77.24170684814453
2014-09-12,77.34081928601832,77.61838819123889,76.42882985780304,76.80552673339844,26676800,76.80552673339844
2014-09-15,76.47839830657257,76.57752627783148,72.79078029709737,73.93077087402344,49679000,73.93077087402344
2014-09-16,72.87999692098629,75.56641272594565,72.43391724607056,75.41771697998047,37742000,75.41771697998047
2014-09-17,75.29875391896036,76.57752514940107,74.91214954266192,75.76466369628906,28693000,75.76466369628906
2014-09-18,76.10169553235869,76.6568257417681,75.85387184191949,76.32969665527344,23031000,76.32969665527344
2014-09-19,76.72623370235269,77.61840070552736,75.77459141995989,77.23179626464844,76671000,77.23179626464844
2014-09-22,76.32969513218819,76.85508013535913,75.28883262792142,76.13143920898438,31961000,76.13143920898438
2014-09-23,75.6655526093511,77.9455266753453,75.37807613870771,77.60848999023438,36814000,77.60848999023438
2014-09-24,77.42013577570496,77.93561339624823,76.83527537264368,77.85630798339844,30680000,77.85630798339844
2014-09-25,77.91577471554689,78.25281890170046,76.45857005692855,76.54779052734375,37533000,76.54779052734375
2014-09-26,76.91456004713233,78.15367854947415,76.6568288439902,78.10411834716797,28872000,78.10411834716797
2014-09-29,77.43995725148125,78.51054995332379,77.23178623826243,78.31229400634766,34031000,78.31229400634766
2014-09-30,78.65925826432706,79.01612507629297,77.91578699989489,78.35195922851562,35899000,78.35195922851562
2014-10-01,78.09420442098435,78.13385712119536,75.23927807260515,75.88362121582031,55090000,75.88362121582031
2014-10-02,75.9034493299178,76.8055313089207,74.9815447808508,76.40901184082031,36488000,76.40901184082031
2014-10-03,77.08309082431798,77.38047474604673,76.58744339179043,76.76587677001953,23340000,76.76587677001953
2014-10-06,76.51804481051067,77.21194811610357,76.1810006599521,76.88481903076172,25729000,76.88481903076172
2014-10-07,76.37928662415447,77.27144611872832,75.57633249086457,75.62590026855469,25317000,75.62590026855469
2014-10-08,75.51684517178559,77.03352514640267,74.44624487335713,76.84517669677734,32976000,76.84517669677734
2014-10-09,76.60726807587787,77.08309295194896,75.18971607720295,75.24919891357422,32487000,75.24919891357422
2014-10-10,74.93197738575259,75.83405936926435,72.12661858440134,72.27531433105469,52146000,72.27531433105469
2014-10-13,72.59252283001804,74.1290252597107,71.88869685400857,72.35460662841797,43938000,72.35460662841797
2014-10-14,73.35582112775292,73.53425450869096,71.42279913674051,72.94938659667969,50299000,72.94938659667969
2014-10-15,71.06593554326263,73.15756843857527,69.70785877429799,72.57270050048828,61528000,72.57270050048828
2014-10-16,70.17377025507999,72.7114829010325,69.96559922362108,71.99774932861328,53529000,71.99774932861328
2014-10-17,73.58381299244121,75.33840138110631,73.10798818232355,75.28883361816406,76342000,75.28883361816406
2014-10-20,74.94188207047343,76.41890913986018,74.72379601399106,76.2801284790039,34701000,76.2801284790039
2014-10-21,76.8848291882845,78.05455746009143,76.47840221645097,78.00499725341797,32252000,78.00499725341797
2014-10-22,78.13386195736834,79.15489447131701,77.33091552658922,77.68778228759766,41862000,77.68778228759766
2014-10-23,78.68898818124742,79.92810683367752,78.32221390043536,79.34324645996094,35056000,79.34324645996094
2014-10-24,79.5018331933526,80.11643863990886,78.62949656599595,79.96774291992188,32248000,79.96774291992188
2014-10-27,80.03714861898044,80.09663145618626,79.0656838460515,79.5811538696289,30169000,79.5811538696289
2014-10-28,79.48201895897301,80.45349121014766,78.87732851381946,80.06687927246094,74212000,80.06687927246094
2014-10-29,74.79319620338036,76.21074819439336,74.12903044416625,75.19963073730469,106120000,75.19963073730469
2014-10-30,74.39669400311165,74.69407797023159,72.26540820533859,73.46487426757812,83270000,73.46487426757812
2014-10-31,74.27772108111829,75.04101476394419,73.80189624034551,74.33719635009766,44544000,74.33719635009766
2014-11-03,74.81304054390318,74.86260075988007,73.05844402533077,73.23687744140625,40727000,73.23687744140625
2014-11-04,73.58382206212387,75.11040951758675,73.00886921823385,75.10050201416016,39326000,75.10050201416016
2014-11-05,75.84396437012737,76.13144075870983,73.77215438447404,74.1785888671875,35913000,74.1785888671875
2014-11-06,74.23808414429294,74.94190270758615,73.66313121214439,74.60486602783203,21383000,74.60486602783203
2014-11-07,74.73372350535247,75.19963332840028,74.36694166183014,74.94189453125,20774000,74.94189453125
2014-11-10,74.7039736519133,74.82293174567943,73.96050258257736,74.34710693359375,21575100,74.34710693359375
2014-11-11,74.297554540895,74.32729974272425,73.38556498895493,73.96051788330078,18715700,73.96051788330078
2014-11-12,73.63339259206118,74.48590691101778,72.89983639771974,74.06956481933594,26536600,74.06956481933594
2014-11-13,74.08937002172826,74.58501741361587,72.99894727217128,73.6036376953125,26448500,73.6036376953125
2014-11-14,73.62347413577159,74.27773244657173,73.39548052781186,74.22816467285156,19476900,74.22816467285156
2014-11-17,74.22815520703193,75.0013715383691,73.23686036288524,73.5937271118164,28701200,73.5937271118164
2014-11-18,73.80189123328346,74.14885044673518,73.256683657677,73.6928482055664,20690500,73.6928482055664
2014-11-19,73.36573116541128,73.89111620577808,72.47356432187368,72.691650390625,25441200,72.691650390625
2014-11-20,72.16626586260713,73.3459015546236,71.87878945748298,72.95929718017578,19154900,72.95929718017578
2014-11-21,73.85148061978614,73.85148061978614,72.86018557790982,73.1080093383789,23060400,73.1080093383789
2014-11-24,72.8998205194408,73.70276688750648,72.7114720872361,73.36573028564453,22103800,73.36573028564453
2014-11-25,73.56400439155783,75.08068460053015,73.48469897283196,74.97164154052734,32250200,74.97164154052734
2014-11-26,74.87251019445212,77.10292394607652,74.85268762214918,76.94432067871094,32695300,76.94432067871094
2014-11-28,76.99386771182516,77.58864309785378,76.55770312899317,77.02360534667969,15992000,77.02360534667969
2014-12-01,76.58744383733847,76.63700404309176,74.14885936267403,74.44624328613281,31789900,74.44624328613281
2014-12-02,74.67425022420045,75.24920310897281,74.38677378181427,74.80311584472656,16773900,74.80311584472656
2014-12-03,74.72381215813151,75.07077144821181,73.75234732225185,74.22816467285156,16689900,74.22816467285156
2014-12-04,74.17859501921447,74.89232851723654,74.01007671078688,74.58502197265625,14362800,74.58502197265625
2014-12-05,75.14015166449985,76.0917938003953,74.70397951609716,75.69527435302734,24306400,75.69527435302734
2014-12-08,75.51684520276426,76.57753043507391,74.74363639679756,75.8538818359375,25733900,75.8538818359375
2014-12-09,74.54537376405204,76.26031727587747,74.12903171944006,76.17109680175781,25358600,76.17109680175781
2014-12-10,75.9827401627697,76.87490690413455,75.40778742244811,75.51683044433594,32210500,75.51683044433594
2014-12-11,75.85388643740679,77.83647634240204,75.81424129472954,77.05335998535156,33462100,77.05335998535156
2014-12-12,76.48830777162941,78.19332841617671,76.34951954645459,77.15247344970703,28091600,77.15247344970703
2014-12-15,77.77698289214277,77.89594098131981,75.89352140988825,76.31977844238281,29396500,76.31977844238281
2014-12-16,75.52676792879505,76.71631889507637,73.94068988977918,74.03982543945312,31554600,74.03982543945312
2014-12-17,74.35703346922307,75.74484785866514,74.24799042386105,75.44745635986328,29203900,75.44745635986328
2014-12-18,76.22066425094462,77.71752166748047,75.84397491164218,77.71752166748047,34222100,77.71752166748047
2014-12-19,78.06447086928395,79.30358945451069,77.64812883976289,79.18463134765625,43335000,79.18463134765625
2014-12-22,79.38289011946351,81.17713130359176,79.30358471962887,80.74095916748047,31395800,80.74095916748047
2014-12-23,81.30600124140754,81.4546969832813,79.7001084055139,79.90827941894531,19865800,79.90827941894531
2014-12-24,80.324618043259,80.72113748379924,80.0470567037746,80.06687927246094,7685500,80.06687927246094
2014-12-26,80.31469848177242,80.57243723814342,79.80914359728708,80.07678985595703,10647400,80.07678985595703
2014-12-29,79.78931982061341,80.25522960704716,79.01611105290614,79.32341003417969,14134700,79.32341003417969
2014-12-30,79.15489328997785,79.88844937088965,78.41142214280276,78.53038024902344,14370800,78.53038024902344
2014-12-31,78.84759270892103,79.10533148569979,77.18221707039116,77.3408203125,19935400,77.3408203125
2015-01-02,77.89594775017927,78.24289942003792,77.02360347970135,77.76707458496094,18177500,77.76707458496094
2015-01-05,77.30117497890204,78.56011609844697,76.19092203502743,76.51805114746094,26452200,76.51805114746094
2015-01-06,76.5576988668845,76.91455802825116,74.70397491336584,75.48709869384766,27399300,75.48709869384766
2015-01-07,76.09178911215668,76.68656446507305,75.15996960270103,75.48709869384766,22045300,75.48709869384766
2015-01-08,76.07195337385646,77.54898792634607,75.4177028027691,77.49942016601562,23961000,77.49942016601562
2015-01-09,77.51925768312091,77.93560728645224,76.52796278915272,77.06326293945312,21157000,77.06326293945312
2015-01-12,77.16239237352623,77.32100318978695,75.54658438851502,76.0521469116211,19190200,76.0521469116211
2015-01-13,76.55770116455535,77.40030023672344,75.18970949251431,75.78448486328125,25179600,75.78448486328125
2015-01-14,75.75474746505341,76.52795620575574,75.36814309470225,75.615966796875,25918600,75.615966796875
2015-01-15,75.73493717326042,75.90345550293978,72.89983295579397,73.4053955078125,34134000,73.4053955078125
2015-01-16,73.39547526196397,74.66433152316812,73.19721174428838,74.52555084228516,21791500,74.52555084228516
2015-01-20,75.06084684202307,75.64570717009784,74.16867996930102,75.5763168334961,22821600,75.5763168334961
2015-01-21,75.49702278772602,76.62709836230351,75.18971622763577,76.07196807861328,25096700,76.07196807861328
2015-01-22,76.49821995531516,77.07317276987104,76.01248760790453,76.97404479980469,19519500,76.97404479980469
2015-01-23,76.97404008931525,77.5093401704906,76.36934967704192,77.15247344970703,16746500,77.15247344970703
2015-01-26,77.30117273767809,77.7869050777367,76.61717689750836,76.82534790039062,19260800,76.82534790039062
2015-01-27,76.04221997922426,76.21073827297069,74.97161982546088,75.12031555175781,20110000,75.12031555175781
2015-01-28,76.23057506115208,76.96413112851045,75.33840818843004,75.5763168334961,53306400,75.5763168334961
2015-01-29,76.18100102603636,77.34081408366313,73.56398345668313,77.32099151611328,61293500,77.32099151611328
2015-01-30,77.32100160849458,77.47961242151156,75.09058810055724,75.24919891357422,42649500,75.24919891357422
2015-02-02,75.44744926991461,75.47718690440429,73.10799289232196,74.33719635009766,41955300,74.33719635009766
2015-02-03,74.53546606320558,74.92207046974838,73.21704202910837,74.74363708496094,26957700,74.74363708496094
2015-02-04,74.43634130859928,75.68537518309807,74.35704345285443,74.97164154052734,20277400,74.97164154052734
2015-02-05,75.05093308834209,75.31858693632884,74.55528565738251,74.9518051147461,15062600,74.9518051147461
2015-02-06,75.02119747508426,75.04102004514603,73.6036454818044,73.82173156738281,21211000,73.82173156738281
2015-02-09,73.40538779510064,74.17859657989936,72.81060482558195,73.7919921875,16194300,73.7919921875
2015-02-10,74.19841724749513,74.68414960136984,73.85146556615605,74.53546142578125,15811300,74.53546142578125
2015-02-11,74.43632681458317,76.08187989931314,74.37685154361012,75.8439712524414,20877400,75.8439712524414
2015-02-12,76.1909269464051,76.20084201308207,75.22936967919682,75.56641387939453,17235000,75.56641387939453
2015-02-13,75.79440675213716,75.81423688530275,74.84276456064548,75.08067321777344,18621900,75.08067321777344
2015-02-17,74.64451059267356,76.24049602086794,74.42642449992947,74.94189453125,25254400,74.94189453125
2015-02-18,75.27895008087576,76.2305924410859,74.79321005093945,76.04224395751953,22426400,76.04224395751953
2015-02-19,76.3197834341252,79.14497206080091,76.28013073513934,78.72863006591797,45851200,78.72863006591797
2015-02-20,78.85751605460308,79.64063240726638,78.51055677278842,79.2044677734375,36931700,79.2044677734375
2015-02-23,79.26393953748658,79.49194069289109,77.69769177560839,78.1536865234375,24139100,78.1536865234375
2015-02-24,77.81664235050326,78.78811458908662,77.4201229151023,77.76707458496094,18897100,77.76707458496094
2015-02-25,77.81665378159448,79.50185217587638,77.81665378159448,78.86742401123047,25593800,78.86742401123047
2015-02-26,79.1846293528528,80.66166411457924,79.02602611068869,79.71002197265625,31111900,79.71002197265625
2015-02-27,79.97766009857656,80.52287523194641,77.93559534991617,78.28254699707031,30739200,78.28254699707031
2015-03-02,78.31229967458121,79.1648139216467,77.83647477922692,79.05577087402344,21662500,79.05577087402344
2015-03-03,78.91698141107238,79.00619431485242,77.83646612197876,78.90706634521484,18635000,78.90706634521484
2015-03-04,78.60969971196991,80.44359402371846,78.16361240609747,80.19577026367188,28126700,80.19577026367188
2015-03-05,80.52288188956297,81.27626051053582,80.34444851870532,80.5030517578125,27825700,80.5030517578125
2015-03-06,80.19575893618928,80.62201604578073,79.13507369552867,79.31350708007812,24488600,79.31350708007812
2015-03-09,78.98636748920882,79.21436861376866,77.94550495666255,78.74845886230469,18925100,78.74845886230469
2015-03-10,77.81664312753415,78.5700293060209,76.87491607666016,76.87491607666016,23067100,76.87491607666016
2015-03-11,77.12273837509682,77.74725137569477,76.58743827616465,76.89473724365234,20215700,76.89473724365234
2015-03-12,77.42012810301617,78.36186277057135,77.23178721988889,78.24290466308594,16093300,78.24290466308594
2015-03-13,77.91578264348344,78.68899150518448,77.00379309188635,77.37057495117188,18557300,77.37057495117188
2015-03-16,77.28134545044,77.4399562563664,76.68657005417496,77.39038848876953,19305400,77.39038848876953
2015-03-17,77.67785656445484,79.08549328255042,77.65802643435282,78.66915130615234,22170000,78.66915130615234
2015-03-18,78.56011259650603,80.53278712325103,78.48080719769742,80.2056655883789,36912400,80.2056655883789
2015-03-19,80.41384744333466,82.27747918904008,80.29488932906321,82.02965545654297,42099500,82.02965545654297
2015-03-20,82.66407634841887,83.86354220082876,82.3468623011946,83.07051086425781,44466300,83.07051086425781
2015-03-23,83.18946010338082,84.22040763147263,82.5748621506768,83.69502258300781,27357300,83.69502258300781
2015-03-24,83.97259211185474,85.32075381365149,83.78424365612457,84.56736755371094,32576500,84.56736755371094
2015-03-25,84.75570838267322,84.77553095165999,82.19816589355469,82.19816589355469,37436100,82.19816589355469
2015-03-26,81.99991523440353,83.04077034029963,81.42496237801527,82.28739166259766,32794800,82.28739166259766
2015-03-27,82.65416509176136,83.21920287576444,82.15851764744356,82.57486724853516,18372600,82.57486724853516
2015-03-30,83.08042137713934,83.60580645285862,81.69261459711852,82.4757308959961,24527700,82.4757308959961
2015-03-31,82.1783456407831,82.77312104588215,81.49434976528043,81.50426483154297,19734300,81.50426483154297
2015-04-01,81.78182962544315,81.99991571452112,80.16602165369807,80.95905303955078,22058200,80.95905303955078
2015-04-02,81.5340173627663,81.8413164062289,80.73107079734162,80.85002136230469,19664100,80.85002136230469
2015-04-06,80.09662810098605,82.08912533388758,80.09662810098605,81.72235107421875,19062900,81.72235107421875
2015-04-07,81.93051501756023,82.69380866987153,81.50425795996382,81.60338592529297,17467000,81.60338592529297
2015-04-08,81.91068763369105,82.37659740563981,81.12756382426343,81.56373596191406,18966700,81.56373596191406
2015-04-09,81.7818334335173,82.0792249439222,80.99870951489932,81.45470428466797,15927300,81.45470428466797
2015-04-10,81.49435450300267,81.89087398378047,81.19697056465436,81.32583618164062,12529700,81.32583618164062
2015-04-13,81.21679135683605,83.20929622095127,81.20687629021421,82.28739166259766,26883100,82.28739166259766
2015-04-14,82.4459941630099,82.9614717409337,81.722353128782,82.7929458618164,19634200,82.7929458618164
2015-04-15,82.82268948806671,82.931732528903,81.55382570042435,81.98999786376953,22390900,81.98999786376953
2015-04-16,81.7520937896446,82.34686923288393,81.4348797157183,81.5934829711914,13769700,81.5934829711914
2015-04-17,80.7707007288053,81.39521370768776,79.6703629353132,80.07678985595703,24215000,80.07678985595703
2015-04-20,80.8301740210888,82.42615915780216,80.53278257384606,82.3666763305664,28796800,82.3666763305664
2015-04-21,83.26877155347222,83.75450393656645,82.8127768072846,82.89208221435547,27171900,82.89208221435547
2015-04-22,83.5859886488767,84.00233070662182,82.9218228572861,83.8932876586914,45548000,83.8932876586914
2015-04-23,83.36790262310775,84.84492996043406,81.69261932373047,81.69261932373047,73728100,81.69261932373047
2015-04-24,82.04947020194854,82.21799607183827,80.77070651964827,80.82026672363281,29660400,80.82026672363281
2015-04-27,81.15730774978286,82.20807781440709,80.91939155316751,81.19696044921875,25446000,81.19696044921875
2015-04-28,81.11765935175683,81.18704968870442,79.53158910511252,79.97766876220703,23775300,79.97766876220703
2015-04-29,79.31350599215692,80.68149021295179,78.82776605239182,79.76950073242188,26430300,79.76950073242188
2015-04-30,79.31350832096102,80.25523546566228,77.63821749331308,78.08429718017578,28999000,78.08429718017578
2015-05-01,78.55019949870798,79.06567704089836,77.43003907364621,78.30237579345703,24136400,78.30237579345703
2015-05-04,78.63941703715639,78.99628376446793,77.94550615050439,78.12393951416016,14692000,78.12393951416016
2015-05-05,77.86620628678729,78.11402997635317,76.54778244318196,76.88481903076172,22311300,76.88481903076172
2015-05-06,77.29125464147259,78.12393862035356,76.3792652656566,77.42012023925781,28663000,77.42012023925781
2015-05-07,77.32099634075057,78.25281589629247,76.88482419764937,77.74725341796875,19749400,77.74725341796875
2015-05-08,78.41142130676606,78.54029447787595,77.35073611729135,77.8265609741211,19943600,77.8265609741211
2015-05-11,77.79681949666734,78.3420271007367,77.25160432961881,77.3309097290039,18874100,77.3309097290039
2015-05-12,77.19213245449043,77.2119550237184,76.12153220467182,76.78569793701172,21285300,76.78569793701172
2015-05-13,77.04343055861739,77.84637690033134,76.97404022739494,77.75716400146484,21512300,77.75716400146484
2015-05-14,78.25282001631018,81.13748417584368,77.98516616423179,80.66166687011719,49438000,80.66166687011719
2015-05-15,80.70131993419554,80.81035541322058,79.48202390222357,79.71993255615234,27069900,79.71993255615234
2015-05-18,79.63071856883404,80.6715736425414,79.53159059462091,80.1759262084961,21613700,80.1759262084961
2015-05-19,80.54269842411315,80.97887053419386,79.84879512442,79.92809295654297,17955400,79.92809295654297
2015-05-20,79.76950288039794,80.39401595308121,78.76829290036731,79.84880828857422,23056900,79.84880828857422
2015-05-21,79.4919349074089,80.21557589867365,79.38289187097514,79.77941131591797,13402700,79.77941131591797
2015-05-22,79.65054162943196,80.60218380110709,79.55141365460781,79.8388900756836,19567900,79.8388900756836
2015-05-26,79.72984234049169,79.89836064406938,78.39159585170418,78.63941955566406,16321300,78.63941955566406
2015-05-27,78.90707358318582,79.95785133407162,78.73855526304621,79.84880828857422,14160900,79.84880828857422
2015-05-28,79.551413741534,80.36427523674763,79.30359002271304,79.45228576660156,11982000,79.45228576660156
2015-05-29,79.25402720547596,79.37298532061511,78.19334192517071,78.50064849853516,16134600,78.50064849853516
2015-06-01,78.60969220409955,79.68028499738487,77.97526404401185,79.59107208251953,18119000,79.59107208251953
2015-06-02,79.06567297698994,80.64182803114292,78.86740948519218,79.73975372314453,18923300,79.73975372314453
2015-06-03,80.64183573883797,81.81156398182048,80.54270776495395,81.72235107421875,31775000,81.72235107421875
2015-06-04,81.42496731059246,82.22791380706478,80.80045420922293,81.33575439453125,20863900,81.33575439453125
2015-06-05,81.15731099721265,81.74217132059165,80.80044425098906,81.42495727539062,16143100,81.42495727539062
2015-06-08,81.10773335585081,81.2861667072395,79.4324428657558,79.96774291992188,16915500,79.96774291992188
2015-06-09,79.89835259232508,80.48322040747964,78.62949656599595,79.96774291992188,16497500,79.96774291992188
2015-06-10,80.12636965146135,81.88095832016649,80.10653951792796,81.44479370117188,21531200,81.44479370117188
2015-06-11,81.59347782183156,82.17834572424164,80.65175072638331,81.11766052246094,18656800,81.11766052246094
2015-06-12,80.66166348271113,81.37538941132777,80.4931376128214,80.82026672363281,11417900,80.82026672363281
2015-06-15,79.84881250972734,80.22550187400813,79.37298759849547,80.00741577148438,18805100,80.00741577148438
2015-06-16,80.11645382849782,80.80044973232377,79.74967199139203,80.35436248779297,13693700,80.35436248779297
2015-06-17,81.0482729222393,81.50426766744737,80.63192331750164,81.07801055908203,18350300,81.07801055908203
2015-06-18,80.92931419420115,82.46582429850652,80.85992385443781,82.18826293945312,26782600,82.18826293945312
2015-06-19,82.10895446783913,82.25765020834652,81.40513602994896,81.79174041748047,23353200,81.79174041748047
2015-06-22,82.68391050785866,84.23032811802642,82.58477496835164,84.00232696533203,29383100,84.00232696533203
2015-06-23,84.22040366046016,87.20420306799227,84.02214772951235,87.11498260498047,50667900,87.11498260498047
2015-06-24,86.89689804081816,88.47305300188253,86.68871949598092,88.0864486694336,41370200,88.0864486694336
2015-06-25,88.4829905595098,88.62177124936116,87.07534596347686,87.2141342163086,27302000,87.2141342163086
2015-06-26,87.35290137153027,87.5709798768069,86.07413015919488,87.24385833740234,38214600,87.24385833740234
2015-06-29,85.85604698891,86.73829879446679,84.98371024942111,85.0531005859375,35957900,85.0531005859375
2015-06-30,85.84613779746725,85.94526577599143,84.82510524900634,85.02336120605469,23016500,85.02336120605469
2015-07-01,86.01464652338827,87.18437469065674,85.73708518928713,86.15343475341797,25260000,86.15343475341797
2015-07-02,86.63917151768712,86.67882421929734,85.5883938324652,86.5301284790039,16908800,86.5301284790039
2015-07-06,85.73709456801035,87.42230045122086,85.63796658969913,86.78787231445312,24635900,86.78787231445312
2015-07-07,87.03568429110072,87.08524449207528,84.48805702125784,86.46073150634766,33059900,86.46073150634766
2015-07-08,85.5388394589721,85.99483421410602,84.70614779435104,84.90441131591797,24399300,84.90441131591797
2015-07-09,85.97499949568997,86.83742111296607,84.90439931943796,85.13239288330078,23307400,85.13239288330078
2015-07-10,86.58958902181939,87.45201811844623,86.01463629073483,87.18436431884766,23245900,87.18436431884766
2015-07-13,87.8882142374262,89.43463194525836,87.65029800315949,89.315673828125,29976700,89.315673828125
2015-07-14,89.67253128320421,90.00957546517817,88.86958487432253,88.89932250976562,26627800,88.89932250976562
2015-07-15,89.21653871819885,90.19791852646472,88.64158587578866,88.97863006591797,30886600,88.97863006591797
2015-07-16,89.49408251306136,90.06903524265796,88.9885201085555,90.05912017822266,21804100,90.05912017822266
2015-07-17,91.74434813121306,94.55962208176166,91.73443306435054,94.14328002929688,54001600,94.14328002929688
2015-07-20,95.01562818320987,97.74168954641766,94.52989573067296,97.05770111083984,54860500,97.05770111083984
2015-07-21,98.08864639129331,98.37612287571596,96.29440469377337,97.53352355957031,39453300,97.53352355957031
2015-07-22,95.89787520148239,96.73056692571521,95.0850136123159,96.19526672363281,28299500,96.19526672363281
2015-07-23,96.11594913110103,96.60168149695419,93.9846636603459,94.60918426513672,29418800,94.60918426513672
2015-07-24,96.50255278044366,96.90898730189261,95.0453481311192,96.10603332519531,33444900,96.10603332519531
2015-07-27,95.73926704858671,95.7690046866876,93.0132059656291,93.3502426147461,38585400,93.3502426147461
2015-07-28,94.0144077378475,94.72814129909489,92.49772770168688,94.46049499511719,35236000,94.46049499511719
2015-07-29,95.48152514535475,96.4331673485733,93.91527737708715,96.14569091796875,64648300,96.14569091796875
2015-07-30,94.083811109217,94.97597054962473,91.0008830859966,94.38119506835938,86211300,94.38119506835938
2015-07-31,94.12344718966223,95.49143898411887,93.13215229535096,93.19163513183594,46509000,93.19163513183594
2015-08-03,92.71581272816415,94.25232288052686,91.99217167128164,93.32050323486328,29343100,93.32050323486328
2015-08-04,92.97354938398222,93.90536900818567,92.51755463849412,93.24119567871094,20136000,93.24119567871094
2015-08-05,94.42083581739578,96.24481473733888,94.35144547941924,95.60047912597656,29813200,95.60047912597656
2015-08-06,96.33404207441555,97.88045975267885,93.59806593650498,94.29197692871094,42271300,94.29197692871094
2015-08-07,94.54970344613349,94.56953357911003,92.79511482669858,93.47911071777344,23199100,93.47911071777344
2015-08-10,94.84710151755802,95.06518761755238,92.81494383631625,93.3304214477539,21624200,93.3304214477539
2015-08-11,92.91408914299542,93.93512184297651,92.09131242948366,92.80504608154297,22491000,92.80504608154297
2015-08-12,91.89302901875041,93.61788749275215,90.39617924957187,93.37006378173828,27050500,93.37006378173828
2015-08-13,93.23128184824475,93.90536263560897,92.53737092899901,92.6166763305664,17451800,92.6166763305664
2015-08-14,92.72572383754894,93.89545209663633,92.39859471254609,93.59806060791016,15929700,93.59806060791016
2015-08-17,93.59805994504866,93.6377126474633,92.5770274375553,93.1123275756836,18313500,93.1123275756836
2015-08-18,93.261037164938,95.01562602014722,93.22138445663634,94.34154510498047,22278800,94.34154510498047
2015-08-19,93.80623531572344,95.26344005445334,93.34033305742464,94.48031616210938,23251300,94.48031616210938
2015-08-20,92.72572185334639,93.94501029247724,89.6725318779466,89.77165985107422,44598200,89.77165985107422
2015-08-21,86.75811092278607,88.40366379496989,84.8647419325636,85.31082153320312,62778700,85.31082153320312
2015-08-24,76.35943967117464,81.3753890991211,71.37322787810069,81.3753890991211,83710700,81.3753890991211
2015-08-25,86.19307713235268,86.9068105760513,82.2774658203125,82.2774658203125,52021200,82.2774658203125
2015-08-26,85.20178870555631,86.69864603567956,82.53521072149796,86.43099975585938,45124300,86.43099975585938
2015-08-27,88.32437766277128,89.27601989784388,86.43100825966295,88.94889831542969,42431400,88.94889831542969
2015-08-28,89.09758247719081,90.68366036023805,89.00836956683384,90.2177505493164,33215900,90.2177505493164
2015-08-31,89.81131002237808,90.25739723335265,88.11619677182516,88.65149688720703,32850700,88.65149688720703
2015-09-01,86.0939604467878,88.61185039725655,85.7470087448094,86.47065734863281,36097400,86.47065734863281
2015-09-02,88.0368903215416,89.10749053955078,86.86716213437882,89.10749053955078,27190500,89.10749053955078
2015-09-03,88.9786300054553,89.03810527774017,86.96630262136675,87.38264465332031,27048200,87.38264465332031
2015-09-04,86.44090629557519,87.62054956540419,85.9452588797451,87.49168395996094,27328700,87.49168395996094
2015-09-08,88.90922877158631,89.45443634767227,88.05671467940081,88.75061798095703,27012500,88.75061798095703
2015-09-09,89.9897312684677,91.17928944113301,89.38504089903296,89.65269470214844,32551100,89.65269470214844
2015-09-10,89.28592918671535,91.2586038724959,88.84975702108318,91.17930603027344,26437400,91.17930603027344
2015-09-11,90.88191355071163,91.27843300941659,90.33669834961984,91.24869537353516,21185000,91.24869537353516
2015-09-14,91.50642395019531,91.81373049238007,90.8026055237376,91.50642395019531,20127900,91.50642395019531
2015-09-15,91.56590827306938,92.43824502083466,90.99095544334749,92.09129333496094,18859400,92.09129333496094
2015-09-16,92.09128988673712,92.78519323250235,91.8236360512425,92.6364974975586,16321200,92.6364974975586
2015-09-17,92.5572109456304,94.67858150474673,92.09130111538875,93.51876068115234,27841800,93.51876068115234
2015-09-18,92.38869609598054,94.36137870067384,92.24000788812316,93.57825469970703,62300000,93.57825469970703
2015-09-21,93.7963341921079,95.65005097352773,93.69719864323538,94.7182388305664,28790000,94.7182388305664
2015-09-22,92.95372623158848,93.85580828667739,91.11983204529682,92.1507797241211,36888900,92.1507797241211
2015-09-23,92.58694736459891,93.49893687907516,91.99217192311355,93.15198516845703,21701400,93.15198516845703
2015-09-24,92.24991097276651,93.94502452794141,91.43704936918006,93.58816528320312,29106000,93.58816528320312
2015-09-25,94.95613220979578,95.0156074791521,91.25859918423178,91.96241760253906,28961600,91.96241760253906
2015-09-28,91.27842164699112,91.48659263522748,87.41237064108176,88.43340301513672,41199900,88.43340301513672
2015-09-29,88.32436641489717,89.27600852878066,84.97379266624617,85.91551971435547,42281800,85.91551971435547
2015-09-30,87.6701191753474,89.23635929443464,87.24386208625276,89.1174087524414,36169100,89.1174087524414
2015-10-01,89.26610483982176,90.15826416015625,87.59081411243095,90.15826416015625,29283700,90.15826416015625
2015-10-02,88.12611368102033,91.39738214835974,87.60072862057663,91.26851654052734,37881700,91.26851654052734
2015-10-05,92.13094989744208,93.44936635901138,91.8533885371117,93.19163513183594,27292500,93.19163513183594
2015-10-06,93.26102853756197,93.35024145075224,91.53616991941594,91.99217224121094,22172800,91.99217224121094
2015-10-07,92.29946049841011,92.84467566989494,90.57460964413508,91.59564208984375,24129300,91.59564208984375
2015-10-08,91.09009379665103,92.40851791619824,89.68245676041799,91.66504669189453,27290500,91.66504669189453
2015-10-09,92.09129284983716,92.92397689154761,91.43703462022509,92.42832946777344,20012900,92.42832946777344
2015-10-12,92.50763356134009,93.77648973816586,91.86329040695779,93.439453125,18449600,93.439453125
2015-10-13,92.84468730502083,94.53980073745777,92.73564425705878,93.3006820678711,19480300,93.3006820678711
2015-10-14,93.26103658875545,94.37128216241967,92.79512672281531,93.2511215209961,19253400,93.2511215209961
2015-10-15,94.16309942447175,95.46170087238444,94.07388651465796,95.1246566772461,27557500,95.1246566772461
2015-10-16,95.34274860219438,96.74047054907182,94.51997197850424,96.69091033935547,25412900,96.69091033935547
2015-10-19,96.33403692237282,97.71193620312984,96.07629813545302,97.61280822753906,23729900,97.61280822753906
2015-10-20,97.87056046935967,98.72306722702372,95.7194445321154,96.1556167602539,30881800,96.1556167602539
2015-10-21,96.5223872293846,97.32533367901061,95.63022030592244,96.2646484375,21917800,96.2646484375
2015-10-22,96.93872885162594,98.86184337129369,96.70082019406267,98.80236053466797,26392100,98.80236053466797
2015-10-23,101.02286893032043,101.95468101232065,99.2881028202708,101.30043029785156,42809700,101.30043029785156
2015-10-26,101.31032849285491,102.90631377249261,100.66599290442497,102.86666107177734,25961200,102.86666107177734
2015-10-27,102.04390067007198,103.19379883533972,101.50860050998907,102.79727935791016,23795500,102.79727935791016
2015-10-28,102.99555426371052,103.57050719139228,102.0240818147661,103.29293823242188,24081500,103.29293823242188
2015-10-29,103.05502096912072,104.2049267287947,102.61884877572986,103.96701049804688,20316700,103.96701049804688
2015-10-30,103.60023405586422,103.80840508120326,100.76512998375725,101.08234405517578,33487100,101.08234405517578
2015-11-02,100.83452727925558,102.56929350636001,100.29922707876283,102.41068267822266,24003900,102.41068267822266
2015-11-03,102.32145507306565,102.74771215877689,101.508593602986,101.68702697753906,21242300,101.68702697753906
2015-11-04,102.29171564711855,103.23344270784227,101.58789722730766,103.03518676757812,43469300,103.03518676757812
2015-11-05,107.85288512432194,109.68677912536012,107.01027843253875,107.813232421875,63232900,107.813232421875
2015-11-06,107.09949842893036,107.79340181122612,104.98804308310504,106.16767883300781,35084300,106.16767883300781
2015-11-09,106.06855078111202,107.30766936500352,104.93847523764136,105.56298828125,26383500,105.56298828125
2015-11-10,105.03760490070856,107.20854311474754,104.32387137483384,106.97063446044922,25031700,106.97063446044922
2015-11-11,107.32748680310304,108.91356456503446,106.17758874497996,108.06105041503906,25057100,108.06105041503906
2015-11-12,107.53566842313103,108.43774280193067,107.05984356844917,107.07966613769531,20924700,107.07966613769531
2015-11-13,106.77237603606648,107.30767620599117,102.9261544291389,103.04510498046875,30278400,103.04510498046875
2015-11-16,102.42059715298532,103.26319637439212,99.5954079692188,103.13433074951172,49309200,103.13433074951172
2015-11-17,103.70928113781402,105.27552142221741,103.23345623067937,104.21483612060547,26807200,104.21483612060547
2015-11-18,104.87898856275591,106.94087591430727,104.47255408119904,106.83183288574219,23836500,106.83183288574219
2015-11-19,106.42541426274563,106.79219607496137,105.02768491290517,105.33499145507812,25520600,105.33499145507812
2015-11-20,105.90994021068651,106.9309802790157,105.69186169233332,106.3857650756836,22129600,106.3857650756836
2015-11-23,106.25689814462494,106.53445949451512,105.15656024828922,106.01898193359375,19897200,106.01898193359375
2015-11-24,105.07725018259968,105.56298252335677,103.48126492856149,104.81951141357422,23577300,104.81951141357422
2015-11-25,105.40438293813644,105.67202921922087,104.18508694813526,104.49239349365234,15150800,104.49239349365234
2015-11-27,104.85917258688451,105.03760597016995,103.94718310030555,104.53204345703125,5913100,104.53204345703125
2015-11-30,104.91864318273731,105.17638196109883,102.84684057866001,103.33257293701172,20383200,103.33257293701172
2015-12-01,103.91744896934472,106.21725289650989,103.59031982845543,106.18751525878906,22781900,106.18751525878906
2015-12-02,106.06854910666601,106.98053855489798,104.86908324395192,105.14664459228516,24429100,105.14664459228516
2015-12-03,105.34490601456966,105.91985887342742,102.4503267129119,103.47135925292969,23236500,103.47135925292969
2015-12-04,103.89761480885585,106.79220163017443,103.20371141232935,105.25569152832031,21224700,105.25569152832031
2015-12-07,105.55308788446158,105.90003959871437,103.74893140736691,104.69065856933594,15474900,104.69065856933594
2015-12-08,103.09466617977243,105.97933787330206,103.04509841122491,105.56298828125,20401800,105.56298828125
2015-12-09,105.2556777705171,105.51341652538679,102.64857527807519,103.6894302368164,23517300,103.6894302368164
2015-12-10,104.13552981310961,105.47377638393765,103.50110169711736,104.50230407714844,17454300,104.50230407714844
2015-12-11,103.24336845202176,103.43170934585865,101.02286992688794,101.23104095458984,26427700,101.23104095458984
2015-12-14,101.39955270142016,103.82822209674805,100.5767761479249,103.7489242553711,24648100,103.7489242553711
2015-12-15,104.38334844052778,104.87899585465568,103.37222348043844,103.63987731933594,21764300,103.63987731933594
2015-12-16,104.45275268107527,106.15777365975052,103.28302432549621,105.86038970947266,22680500,105.86038970947266
2015-12-17,106.55429035981999,106.81202916034714,105.20612864426582,105.29534912109375,21675700,105.29534912109375
2015-12-18,105.15657341867632,105.66212841373209,103.06494040334834,103.13433074951172,35994200,103.13433074951172
2015-12-21,103.99674416665293,104.23465280803826,102.6981427975119,103.85795593261719,16138800,103.85795593261719
2015-12-22,104.30404580143195,104.74021795756902,103.8976112808534,104.59152221679688,14597100,104.59152221679688
2015-12-23,104.96821859375046,105.18630468647656,102.95589111392698,103.71918487548828,19599700,103.71918487548828
2015-12-24,103.82822020795666,104.4031730346131,103.59031156219449,104.10578155517578,6501800,104.10578155517578
2015-12-28,104.10577637977073,105.05742604146909,103.62004404628448,105.00785827636719,13069700,105.00785827636719
2015-12-29,105.4936022898774,106.80211126586403,105.32508397063957,106.3262939453125,17179900,106.3262939453125
2015-12-30,106.06855795969507,106.31638169324576,105.13673830139084,105.29534912109375,13115000,105.29534912109375
2015-12-31,105.07725574493534,105.24577405695834,103.7092715531928,103.7489242553711,18391100,103.7489242553711
2016-01-04,101.06251580945562,101.34999224876456,98.88166997308589,101.33016967773438,37912400,101.33016967773438
2016-01-05,101.99433476242874,102.80719630266707,100.78495373751754,101.83573150634766,23258200,101.83573150634766
2016-01-06,100.24965982721776,102.86667800129246,100.02166621430658,102.07364654541016,25096200,102.07364654541016
2016-01-07,99.625139135943,100.54704371106347,96.45299842745324,97.06759643554688,45172900,97.06759643554688
2016-01-08,99.0105321438869,99.62513770613984,96.18534318421922,96.48273468017578,35402300,96.48273468017578
2016-01-11,97.05767512357802,97.74166337601748,94.55960805342842,96.6611557006836,29932400,96.6611557006836
2016-01-12,98.13820774110579,99.08985006012851,96.70083297615064,98.50498962402344,28395400,98.50498962402344
2016-01-13,99.70443926239523,99.70443926239523,94.38118311864586,94.60918426513672,33410600,94.60918426513672
2016-01-14,95.0156121859711,98.00932694152843,91.64520810086469,97.51367950439453,48658600,97.51367950439453
2016-01-15,93.16190017334986,95.54100193770867,92.72572798716006,94.14328002929688,46132800,94.14328002929688
2016-01-19,95.68968136595164,96.57193309171895,93.10240145371938,94.43074035644531,30998300,94.43074035644531
2016-01-20,92.02189885459451,94.17300677313965,88.59201972599345,93.5286636352539,59051400,93.5286636352539
2016-01-21,94.08380321116466,95.15439596237702,91.81373696760096,93.34033203125,30518900,93.34033203125
2016-01-22,95.57073773002386,97.21628320714557,94.658740742954,97.08741760253906,30495400,97.08741760253906
2016-01-25,97.86064083817831,98.61402713447325,96.08622193088097,96.16552734375,32482000,96.16552734375
2016-01-26,96.90899488389593,97.02794543569125,94.82727703469624,96.49264526367188,26877100,96.49264526367188
2016-01-27,96.93872887621608,96.99820414987701,93.40972146337624,93.62779998779297,58699400,93.62779998779297
2016-01-28,106.2668173807775,109.37948297046616,103.89762301594402,108.16019439697266,107475300,108.16019439697266
2016-01-29,108.04123668839956,111.85772081121252,107.89254093026805,111.23320770263672,62739500,111.23320770263672
2016-02-01,111.29266836051919,114.7126400963508,111.03493714746106,114.08811950683594,46132700,114.08811950683594
2016-02-02,113.80065313134833,116.56635913965604,112.21457530248163,113.6123046875,59778600,113.6123046875
2016-02-03,114.266565370283,114.33595571414932,108.7946205830214,111.70903015136719,56919300,111.70903015136719
2016-02-04,110.82677686290741,110.96555754890012,108.29897175107693,109.5281753540039,38890200,109.5281753540039
2016-02-05,108.55670930994611,108.62609965214851,102.28181062214956,103.1640625,76894700,103.1640625
2016-02-08,99.53591868719016,101.78615465018032,96.61159436633275,98.88166046142578,71229700,98.88166046142578
2016-02-09,96.29439811796921,101.50861206680645,95.97718401250654,98.67350769042969,62709000,98.67350769042969
2016-02-10,100.66599614347797,102.35119438171387,99.36739473295165,100.12078094482422,45179400,100.12078094482422
2016-02-11,98.73296151325292,104.19499803121266,98.01922804033877,101.02285766601562,43670600,101.02285766601562
2016-02-12,102.83692218712126,103.33256959556908,100.20998940975191,101.12198638916016,36176800,101.12198638916016
2016-02-16,102.89640966373365,103.02527527307458,99.36739481345849,100.72547149658203,45687200,100.72547149658203
2016-02-17,101.13189982916133,104.79969540478906,99.52600697181951,104.28421783447266,44073400,104.28421783447266
2016-02-18,104.87901702163241,105.0772730021044,102.1331255579119,102.56929779052734,29593500,102.56929779052734
2016-02-19,101.65730125207473,104.10579345227119,101.17156127595197,103.65971374511719,32404500,103.65971374511719
2016-02-22,104.57169698962113,107.30767303403553,104.42300124187406,106.22716522216797,35709700,106.22716522216797
2016-02-23,105.91986873777837,106.53447435755231,104.20493263113693,104.5419692993164,25319300,104.5419692993164
2016-02-24,103.30284455115724,106.01899056284702,101.84563978264732,105.94960021972656,34412400,105.94960021972656
2016-02-25,106.1775997255719,107.12924194335938,104.69065734222019,107.12924194335938,29906300,107.12924194335938
2016-02-26,107.75374618037416,108.49721731104735,106.22715878081382,106.98053741455078,26686200,106.98053741455078
2016-02-29,106.66332334791363,107.96192473207113,105.82072424590513,105.98924255371094,32779000,105.98924255371094
2016-03-01,106.89133130137738,108.86400604248047,106.66333014577194,108.86400604248047,26817300,108.86400604248047
2016-03-02,108.72522784305909,109.58765715180294,107.82314582969688,108.99287414550781,25670200,108.99287414550781
2016-03-03,109.29025673490047,109.33982450237566,107.59514345636568,108.62609100341797,21353100,108.62609100341797
2016-03-04,109.09201012399915,109.09201012399915,106.99046214871866,107.44645690917969,24938900,107.44645690917969
2016-03-07,107.12923479243477,107.12923479243477,103.80839853721264,104.80960845947266,31436400,104.80960845947266
2016-03-08,103.86786774583571,106.43532520593561,103.49117844519031,105.00785827636719,25617000,105.00785827636719
2016-03-09,105.77115796340341,106.57411193847656,104.57169209686349,106.57411193847656,20493300,106.57411193847656
2016-03-10,106.9706329813471,107.71410413335653,104.84925500300558,106.3857650756836,24854300,106.3857650756836
2016-03-11,107.53566842596219,108.46748044014531,106.98053816832214,108.45757293701172,20697600,108.45757293701172
2016-03-14,108.32871248191277,109.36957521955541,107.8231499325166,108.93340301513672,17249400,108.93340301513672
2016-03-15,108.16017886897775,109.86520717660716,107.89252503118654,109.70659637451172,17618500,109.70659637451172
2016-03-16,109.52816991467029,111.52067475458657,109.14156551389276,111.20346069335938,24744800,111.20346069335938
2016-03-17,111.17371103194598,111.70901112042588,109.76607426019088,110.05354309082031,24241200,110.05354309082031
2016-03-18,110.58885566516342,111.44136987681145,109.31008434769136,110.47981262207031,36256900,110.47981262207031
2016-03-21,110.68799425231632,111.39181273703599,110.06347361322786,110.87633514404297,18448000,110.87633514404297
2016-03-22,110.39059820038916,111.89736308698244,110.2022497534476,111.2728500366211,19001100,111.2728500366211
2016-03-23,111.03494055132248,112.2046688009156,111.02502548498416,111.5603256225586,18562000,111.5603256225586
2016-03-24,111.1538979953203,112.10554022242134,110.70781830114113,112.0658950805664,17839100,112.0658950805664
2016-03-28,112.3335355543593,113.59247672486774,111.9667537259061,112.7003173828125,21351800,112.7003173828125
2016-03-29,112.83910135276626,115.30742355955206,112.65075289982559,115.12899017333984,29825300,115.12899017333984
2016-03-30,115.71386560602826,115.9715968538406,113.36449379572049,113.70153045654297,33235200,113.70153045654297
2016-03-31,113.70152593625075,114.00883250870277,112.77962134485497,113.10675048828125,21207500,113.10675048828125
2016-04-01,112.7598013169153,115.15873329685,112.36328182166635,115.04969024658203,24760500,115.04969024658203
2016-04-04,113.07700875324309,113.55283363216635,110.6384242108386,111.57024383544922,48487900,111.57024383544922
2016-04-05,111.13406761684755,112.33353349266605,110.92589660332331,111.24311065673828,22962400,111.24311065673828
2016-04-06,111.49094257712933,112.81927416012773,111.441374805175,112.72014617919922,20814600,112.72014617919922
2016-04-07,112.79943731120969,113.88986008936011,112.08570383809909,112.65074157714844,20714500,112.65074157714844
2016-04-08,113.25545224490612,113.33475765896756,108.94332056480778,109.66696166992188,48497800,109.66696166992188
2016-04-11,109.73634262285753,109.9445212076935,107.82314315953676,108.04122924804688,39762300,108.04122924804688
2016-04-12,108.38817653466846,110.19234044320017,108.04122484571221,109.64712524414062,26248100,109.64712524414062
2016-04-13,111.2530248813197,111.66936690521838,105.59272460501998,109.5479965209961,88227400,109.5479965209961
2016-04-14,109.65702831872743,111.06466505311892,109.30016160254665,109.87510681152344,28473300,109.87510681152344
2016-04-15,109.8255758037321,110.0040092092508,108.24941279448676,108.68558502197266,20922800,108.68558502197266
2016-04-18,108.78470687604386,109.84539218153662,108.24940668967642,109.488525390625,21167200,109.488525390625
2016-04-19,110.1328642527979,111.47111088406582,108.20975724814582,111.31250762939453,30210500,111.31250762939453
2016-04-20,111.45129079949126,112.28397492179529,110.58886147597906,111.44137573242188,21027900,111.44137573242188
2016-04-21,111.5702399365838,113.04726716588841,111.3323237239463,112.4524917602539,20875200,112.4524917602539
2016-04-22,110.24190023809378,110.77720036891048,108.06105457593345,109.5975570678711,38458200,109.5975570678711
2016-04-25,108.9135622177798,109.70659351867519,108.12052335390528,109.14155578613281,21017900,109.14155578613281
2016-04-26,109.52816831557233,109.53808338192898,107.20854194477349,107.813232421875,22521500,107.813232421875
2016-04-27,107.00037339972747,107.99166829485043,105.38455788036991,107.94210052490234,52213100,107.94210052490234
2016-04-28,118.53904857285139,119.73851452076177,115.21821209716829,115.71385955810547,87110100,115.71385955810547
2016-04-29,115.80306368901023,116.81418110493357,114.83159141153295,116.55644989013672,37140600,116.55644989013672
2016-05-02,116.80428565227155,117.69645261894075,115.55525189893464,117.537841796875,28095200,117.537841796875
2016-05-03,116.49696589580667,117.13140154931487,116.00131847739483,116.40775299072266,24117500,116.40775299072266
2016-05-04,115.59489023730747,117.27018091300097,115.5552375367194,117.03226470947266,23448400,117.03226470947266
2016-05-05,117.01244786509925,117.94426746705629,116.22932400687702,116.7844467163086,22056700,116.7844467163086
2016-05-06,116.140110181249,118.5985172147285,116.09054241273562,118.44982147216797,26395600,118.44982147216797
2016-05-09,118.49938732993513,119.2329434016313,117.86495923068772,118.20199584960938,21138100,118.20199584960938
2016-05-10,118.57869776317375,119.45103454589844,117.96409220715282,119.45103454589844,23220000,119.45103454589844
2016-05-11,119.36182025410181,120.02598600927148,118.38043287654452,118.47956085205078,22038400,118.47956085205078
2016-05-12,118.93554915291966,119.78805569230934,117.86494899232028,119.2329330444336,22035500,119.2329330444336
2016-05-13,119.33206654797748,119.5898053163042,118.63816320591998,118.76702880859375,18124300,118.76702880859375
2016-05-16,118.34077368058124,118.56877481841735,116.32844639259623,117.63695526123047,31247800,117.63695526123047
2016-05-17,117.78565775275949,117.97400620077451,116.17975731884665,116.32845306396484,21328600,116.32845306396484
2016-05-18,115.78324013347684,117.24043719281025,115.7138497973181,116.62583923339844,21642300,116.62583923339844
2016-05-19,116.0310604255935,116.46722499875376,114.87123975112982,115.79314422607422,20544100,115.79314422607422
2016-05-20,115.94184866444542,116.96288118435466,115.93193359797627,116.32845306396484,18944800,116.32845306396484
2016-05-23,116.39783897875773,116.57627235352096,114.93072684224178,114.96046447753906,20441000,114.96046447753906
2016-05-24,115.22811775448218,116.70515260975077,115.10916720607071,116.67540740966797,20183600,116.67540740966797
2016-05-25,117.10166292902795,117.63696307853861,116.35819175964866,116.86375427246094,20019800,116.86375427246094
2016-05-26,117.21070427731428,118.71747672740297,116.89349021881873,118.43000030517578,18481300,118.43000030517578
2016-05-27,118.51920026783756,118.80667665866298,117.97399268218565,118.34076690673828,13493600,118.34076690673828
2016-05-31,118.42008475793936,119.05451287235451,117.09175325681379,117.77574157714844,23547600,117.77574157714844
2016-06-01,117.46843323528209,118.04338603163306,116.79435247200351,117.7459945678711,15029500,117.7459945678711
2016-06-02,117.65678283170698,118.40025393549554,117.19087306325613,117.89469146728516,13228300,117.89469146728516
2016-06-03,117.94426794991213,117.94426794991213,116.83401496352397,117.43870544433594,14135100,117.43870544433594
2016-06-06,117.58740971313529,118.39035620262815,117.32967090845376,117.75592803955078,12744700,117.75592803955078
2016-06-07,118.20199834378337,118.26148117889139,116.64566569826142,116.7348861694336,17103000,116.7348861694336
2016-06-08,116.7348848489614,117.56756890125766,116.24914492214235,117.3593978881836,14505600,117.3593978881836
2016-06-09,117.10165886309343,117.64687406023288,116.68531683781218,117.52791595458984,13859200,117.52791595458984
2016-06-10,116.5168021043951,117.08183988833326,115.24794585716413,115.60481262207031,18510800,115.60481262207031
2016-06-13,113.99890858478645,114.47473344398178,112.32361785586525,112.95804595947266,31718200,112.95804595947266
2016-06-14,113.07701615490885,113.94935299989206,112.591283740553,113.93944549560547,17618500,113.93944549560547
2016-06-15,114.29630507225973,114.43508575331492,113.07700901672644,113.6023941040039,19819400,113.6023941040039
2016-06-16,112.8787484452695,113.5032614844765,111.95684392283273,113.39421844482422,19236300,113.39421844482422
2016-06-17,113.423954742293,113.43386980841157,111.58014571917408,112.03614044189453,24644300,112.03614044189453
2016-06-20,112.77962197191759,113.72135670250387,111.76850446104558,112.38311004638672,20785400,112.38311004638672
2016-06-21,113.12657663285094,114.2070844428773,112.97788088535727,113.38430786132812,19166300,113.38430786132812
2016-06-22,113.65195972044715,113.74117262958632,112.62101213573158,112.91840362548828,14846300,112.91840362548828
2016-06-23,113.37439809581757,114.08812405618437,112.55162153068311,114.07821655273438,16176900,114.07821655273438
2016-06-24,110.04365430764778,112.69041000399397,110.03373924053219,111.10433959960938,40643100,111.10433959960938
2016-06-27,110.59878115849337,110.59878115849337,107.28785953928616,108.02141571044922,36130400,108.02141571044922
2016-06-28,109.66696043770801,111.76850850883987,109.58766258751811,111.71894073486328,26813800,111.71894073486328
2016-06-29,112.38309021744288,113.25542688786742,112.05596112991661,113.16621398925781,20968300,113.16621398925781
2016-06-30,113.67177588590296,114.17733836481317,112.68048105987158,113.28517150878906,23192700,113.28517150878906
2016-07-01,113.20586087159758,114.12776531968603,112.8192565123649,113.19595336914062,14980000,113.19595336914062
2016-07-05,112.94814797216976,113.20587921142578,111.98659066954022,113.20587921142578,14207000,113.20587921142578
2016-07-06,112.37319860280283,115.77334065843013,111.98659416885813,115.68412017822266,24337600,115.68412017822266
2016-07-07,115.61472341235358,115.95176761678209,114.35578219585247,114.84151458740234,16630200,114.84151458740234
2016-07-08,115.41647487273292,116.4771601992623,114.84152196897442,116.21942138671875,18142600,116.21942138671875
2016-07-11,116.68532229053281,117.66670212826423,116.47715126816432,116.84393310546875,17711600,116.84393310546875
2016-07-12,117.5972999444585,117.68652040961972,116.54652987175876,116.90339660644531,15217700,116.90339660644531
2016-07-13,117.3593823351702,117.369297400092,115.66426925651463,115.76339721679688,16207700,115.76339721679688
2016-07-14,116.47715295898412,116.6159336425777,115.68411399875222,116.26898193359375,14579700,116.26898193359375
2016-07-15,116.71505680158224,117.25035694318412,115.56515867601429,115.84272003173828,16646000,115.84272003173828
2016-07-18,116.2987215678041,118.56878787838798,115.87246444288259,118.33087921142578,20868400,118.33087921142578
2016-07-19,117.95416592729129,119.79797485709273,117.62704439172971,119.56006622314453,21541300,119.56006622314453
2016-07-20,120.19449973648801,121.13622681232438,119.51050387453519,120.8586654663086,20046500,120.8586654663086
2016-07-21,120.85865998871147,121.03709335491739,119.2031994907327,119.56006622314453,17801700,119.56006622314453
2016-07-22,118.85625532729318,119.95659322786378,118.27138742664829,119.9466781616211,18422400,119.9466781616211
2016-07-25,120.33327361966984,120.789268314249,116.75469883264621,120.57118225097656,18487400,120.57118225097656
2016-07-26,120.93797318672543,121.0073635245593,119.69885460899259,120.16476440429688,17612000,120.16476440429688
2016-07-27,121.35432213539455,123.91186484082438,120.45224769210297,122.26631164550781,52654200,122.26631164550781
2016-07-28,126.40992510978877,127.21287913933396,122.55378846873343,123.911865234375,78955800,123.911865234375
2016-07-29,123.564910081131,124.74454586246482,122.6330904603804,122.86109161376953,35058800,122.86109161376953
2016-08-01,122.77187237807001,123.49552098587958,121.79049254050246,123.22786712646484,25006900,123.22786712646484
2016-08-02,122.98003559975676,123.71359922771306,121.00736098307196,122.01847839355469,23968400,122.01847839355469
2016-08-03,122.01848778484819,122.84126438162328,121.24527895914824,121.44354248046875,18525300,121.44354248046875
2016-08-04,121.86979834918819,123.70369241548202,121.44354123644055,123.27743530273438,21066000,123.27743530273438
2016-08-05,123.89203619159431,124.74454282193066,123.53516943332343,124.06055450439453,20184000,124.06055450439453
2016-08-08,124.15967874499813,124.35793468786224,123.4657753819943,124.16959381103516,15233900,124.16959381103516
2016-08-09,124.24889007703834,124.99236119783339,123.44594368673309,123.97132873535156,19621000,123.97132873535156
2016-08-10,123.98124853005451,124.38768305515445,123.45586346139724,123.79290008544922,10670100,123.79290008544922
2016-08-11,124.1101051527801,124.28853851817493,123.66402552078252,123.8127212524414,11729500,123.8127212524414
2016-08-12,123.61446670713357,123.91185819198618,123.09899670476595,123.79290008544922,12159000,123.79290008544922
2016-08-15,123.82264394196761,123.83255144517022,122.6231705122505,122.8214340209961,19295100,122.8214340209961
2016-08-16,122.42491763286068,122.84125966718523,121.71118410945874,122.2266616821289,14222400,122.2266616821289
2016-08-17,122.58351984921087,123.29724575959207,121.78056591019082,123.28733825683594,13794200,123.28733825683594
2016-08-18,122.93048784486086,123.17831158029999,122.56370599373807,122.83135986328125,12400800,122.83135986328125
2016-08-19,122.52403532881009,123.07916555764872,122.20682129646477,122.48438262939453,11688300,122.48438262939453
2016-08-22,122.25641331054486,123.74335580015116,122.03832720199237,123.06927490234375,14386400,123.06927490234375
2016-08-23,123.42611892521388,124.00106416721714,123.16838015694947,123.28733825683594,13309500,123.28733825683594
2016-08-24,123.3864701072888,123.60455618245257,122.01847838598128,122.40509033203125,12243700,122.40509033203125
2016-08-25,122.04822211718597,123.28734065392365,122.02839198532973,122.81151580810547,10730800,122.81151580810547
2016-08-26,122.9701332310433,124.10020879234648,122.83135255249587,123.87220764160156,17504800,123.87220764160156
2016-08-29,123.26751549030008,125.6268021196452,123.26751549030008,125.4384536743164,15925900,125.4384536743164
2016-08-30,125.49792353939242,125.49792353939242,124.06054906596344,124.74453735351562,17804300,124.74453735351562
2016-08-31,124.50663242486422,125.12123795837465,124.01098499676924,125.02210998535156,14200600,125.02210998535156
2016-09-01,125.2798491871309,125.52767291697305,124.50664036010019,125.0716781616211,13536100,125.0716781616211
2016-09-02,125.7457662148907,125.75568128228696,124.90316699774013,125.40872955322266,12118800,125.40872955322266
2016-09-06,125.56731764969224,128.80885606550805,125.36906170359678,128.60067749023438,26278400,128.60067749023438
2016-09-07,128.9079774530822,130.83109190930534,128.8187645455566,129.90919494628906,27990800,129.90919494628906
2016-09-08,129.78032194013753,129.93893274880375,128.67998403469946,129.135986328125,15676600,129.135986328125
2016-09-09,128.58085603394414,128.81875710694152,125.99356842041016,125.99356842041016,27100700,125.99356842041016
2016-09-12,124.86349448267336,127.63911543784107,124.65532347825922,127.56973266601562,21252800,127.56973266601562
2016-09-13,126.91548449915734,127.2327061267738,125.55741533007877,126.10262298583984,18016200,126.10262298583984
2016-09-14,125.78540857671156,127.67878545571753,125.78540857671156,126.65774536132812,15691100,126.65774536132812
2016-09-15,126.8659147261625,127.97616765016545,126.55860818832548,127.23269653320312,15077200,127.23269653320312
2016-09-16,127.08398963470113,128.055454298081,127.08398963470113,127.94642639160156,24119200,127.94642639160156
2016-09-19,128.77913936419338,128.8088770046439,127.14349350960761,127.53009796142578,14958800,127.53009796142578
2016-09-20,127.530064362571,128.04554187117557,126.91546645389933,127.52015686035156,11083800,127.52015686035156
2016-09-21,128.00593708137473,128.8782664563115,127.27237328507661,128.8088836669922,14068300,128.8088836669922
2016-09-22,129.3639891527466,129.59198275276609,128.43216949271877,128.94764709472656,15538300,128.94764709472656
2016-09-23,126.44957275862836,127.4805279066973,126.19184153459089,126.8460922241211,28326300,126.8460922241211
2016-09-26,126.2612269130135,127.04435074677319,125.69618915485518,126.20174407958984,15064900,126.20174407958984
2016-09-27,126.499132446475,127.88693914256922,126.32069907655156,127.56973266601562,15637100,127.56973266601562
2016-09-28,128.08522649569827,128.34295773604612,127.28226488446138,128.10504150390625,12047600,128.10504150390625
2016-09-29,128.05546044544167,128.16450348311392,126.4396601384275,126.9749526977539,14532200,126.9749526977539
2016-09-30,126.91547277831037,127.47059544941297,126.34051997582316,127.15338897705078,18402900,127.15338897705078
2016-10-03,127.2624282350143,127.96623905572451,126.68747544958521,127.64903259277344,13156900,127.64903259277344
2016-10-04,128.04554607884128,128.15458911066858,126.43965336098258,127.07408142089844,14307500,127.07408142089844
2016-10-05,127.1335679697271,127.6787831772453,126.71722593652031,127.35165405273438,12386800,127.35165405273438
2016-10-06,127.311994352652,127.93651496821606,126.96505021975156,127.61930847167969,11682700,127.61930847167969
2016-10-07,127.91671726768055,128.12489590097059,127.21290619400578,127.8671646118164,12804400,127.8671646118164
2016-10-10,128.5511091254094,129.56223410954888,128.07529183179747,129.1062469482422,15138700,129.1062469482422
2016-10-11,129.09631073297828,129.50274520968725,127.11372123795799,127.75807189941406,17537900,127.75807189941406
2016-10-12,127.88694495951215,128.53129569668877,127.3417448850786,127.92660522460938,11073000,127.92660522460938
2016-10-13,127.09393315836476,127.13357830124266,125.64663586497082,126.70732116699219,17139300,126.70732116699219
2016-10-14,127.37147503810846,127.82746217822375,126.46939313463218,126.76677703857422,13345300,126.76677703857422
2016-10-17,127.08399921612971,127.35165306610313,126.21166245383856,126.42974853515625,11351700,126.42974853515625
2016-10-18,127.55981832151438,128.26364434407367,126.89565256482409,127.45079040527344,13504000,127.45079040527344
2016-10-19,127.6193021360843,129.33423796043195,127.48052146462192,128.9773712158203,16752300,128.9773712158203
2016-10-20,128.9377450769051,129.52260548382137,128.37269967886118,128.86834716796875,13167500,128.86834716796875
2016-10-21,128.65022992353573,130.97977860887002,128.57092452935868,130.92030334472656,19088800,130.92030334472656
2016-10-24,131.56467397155825,132.24866994359138,130.99962855954433,132.1197967529297,17470200,132.1197967529297
2016-10-25,132.3378707154076,132.3378707154076,131.06901443847525,131.13839721679688,13336800,131.13839721679688
2016-10-26,130.49405972237582,131.10865771861535,129.8001563192087,129.89927673339844,13084700,129.89927673339844
2016-10-27,130.59319268147271,130.65266795400302,128.14469312257833,128.56103515625,16741400,128.56103515625
2016-10-28,129.3639632803481,131.81246249274238,128.79891801935375,130.14707946777344,24545500,130.14707946777344
2016-10-31,130.86082602990442,130.96986906704848,129.74067314937935,129.84971618652344,15669000,129.84971618652344
2016-11-01,130.26604193839168,130.79142692649887,127.53005884836956,128.37266540527344,22077800,128.37266540527344
2016-11-02,129.09634086714192,129.09634086714192,125.1807287256711,126.06298065185547,39640900,126.06298065185547
2016-11-03,120.93796526590984,122.20682139632797,118.45972827275594,118.95537567138672,63766300,118.95537567138672
2016-11-04,118.54894688858133,120.8685807587336,118.2119102714965,119.6988525390625,30545500,119.6988525390625
2016-11-07,121.76075840807688,122.13744775985919,120.29363857985611,121.08667755126953,23008900,121.08667755126953
2016-11-08,120.96770332365813,123.52524572467033,120.48197098893196,123.13864135742188,19460800,123.13864135742188
2016-11-09,120.44232845429073,122.73221721709533,119.4609486363716,122.10770416259766,31916000,122.10770416259766
2016-11-10,122.85117086824003,123.09899458034711,114.26655385062068,119.74842071533203,67846700,119.74842071533203
2016-11-11,118.48947209758641,119.64928525586684,117.12148792856176,117.9839096069336,32840100,117.9839096069336
2016-11-14,118.09295627708902,118.09295627708902,112.56153659711285,114.07821655273438,51377000,114.07821655273438
2016-11-15,115.71386152564564,117.45853517246444,114.82169456819275,116.17976379394531,34681400,116.17976379394531
2016-11-16,113.48343851484168,116.85383497700384,113.21578466828272,115.32723999023438,32397900,115.32723999023438
2016-11-17,115.79315323316041,116.7646255493164,115.00012186201369,116.7646255493164,18597800,116.7646255493164
2016-11-18,117.35938883214223,118.09294485441447,115.8228788922819,116.00131225585938,22879300,116.00131225585938
2016-11-21,117.17105371897185,120.88840958014455,116.77454181083064,120.70997619628906,35415400,120.70997619628906
2016-11-22,121.33448687800157,121.90943968586116,119.8475446553863,120.41258239746094,26089200,120.41258239746094
2016-11-23,120.1746826431112,120.25398048631503,118.89591132957436,119.78807067871094,15672100,119.78807067871094
2016-11-25,119.95659765203645,120.08546326602573,119.02477802832668,119.33207702636719,8658600,119.33207702636719
2016-11-28,119.07433999246336,120.63067260297757,118.7769485125518,119.36181640625,18101300,119.36181640625
2016-11-29,119.52042619179777,121.03710618381358,119.3519078733471,119.81781768798828,18891000,119.81781768798828
2016-11-30,119.27259904293261,120.72980371908162,116.92322746679648,117.3891372680664,30188900,117.3891372680664
2016-12-01,117.34948367456744,117.41887401276296,113.00761487823426,114.09803771972656,43277000,114.09803771972656
2016-12-02,114.10795509365111,115.46603181206181,113.30500865501065,114.39543151855469,25070400,114.39543151855469
2016-12-05,114.94063330451269,116.54653366283962,114.06829657078045,116.40775299072266,20201500,116.40775299072266
2016-12-06,116.66548469727296,116.7745277277551,115.31732319583833,116.28878784179688,19131200,116.28878784179688
2016-12-07,115.98150588145802,116.92323303222656,115.55524876245141,116.92323303222656,21913700,116.92323303222656
2016-12-08,116.95297338784029,118.45973827924597,116.61592919555154,117.8748779296875,22442800,117.8748779296875
2016-12-09,118.18217361004085,118.89590711443039,117.914519764405,118.63816833496094,17464700,118.63816833496094
2016-12-12,118.18217889211805,118.20200146235725,116.6258462055347,116.74479675292969,17805500,116.74479675292969
2016-12-13,116.83401818936315,120.46215361142971,116.5861944629413,119.26268768310547,29768000,119.26268768310547
2016-12-14,118.95538032255946,120.63067101558892,117.81538974853905,119.1635513305664,25913100,119.1635513305664
2016-12-15,119.03469151352151,121.43362331824433,118.58860427782989,119.52042388916016,20139600,119.52042388916016
2016-12-16,119.8475553678651,120.44233079747889,118.23173983455473,118.82652282714844,25324300,118.82652282714844
2016-12-19,118.80668631342012,119.31224880478212,117.47835484405194,118.20199584960938,15918100,118.20199584960938
2016-12-20,118.45973346511748,118.72737974439885,117.76583010181065,118.05329895019531,13684400,118.05329895019531
2016-12-21,117.8847955435145,118.16235692392213,117.4486309012941,118.00375366210938,10767600,118.00375366210938
2016-12-22,117.82531086762017,117.95417648025062,115.91211143329228,116.37802124023438,16258600,116.37802124023438
2016-12-23,115.98149922193446,116.53662192626203,115.28759584152499,116.2491455078125,10890000,116.2491455078125
2016-12-27,115.94184157340958,117.6468698787946,115.84271360372006,116.98270416259766,12051500,116.98270416259766
2016-12-28,117.1611475595336,117.22062283384116,115.63455249413994,115.9021987915039,12087400,115.9021987915039
2016-12-29,115.98150139011045,116.50688646838205,115.04968177930134,115.337158203125,9934900,115.337158203125
2016-12-30,115.58497967486277,115.81298082138268,113.77090825792048,114.04847717285156,18684100,114.04847717285156
2017-01-03,115.0199434679995,116.81418477677228,114.50447345922346,115.84272003173828,20663900,115.84272003173828
2017-01-04,116.52671612923757,118.61834893035878,116.26897734289162,117.65679168701172,19630900,117.65679168701172
2017-01-05,117.82531128079145,119.89711397154653,117.29001113240511,119.61955261230469,19492200,119.61955261230469
2017-01-06,119.92685420232482,122.80160321506223,118.98511955765264,122.33570098876953,28545300,122.33570098876953
2017-01-09,122.47447479346964,124.33810628305424,121.96891233102107,123.8127212524414,22880400,123.8127212524414
2017-01-10,123.73342689455781,124.40750771697775,123.19812675060845,123.26751708984375,17324600,123.26751708984375
2017-01-11,123.26751206892482,125.02210817423183,122.98003565723667,124.99236297607422,18356500,124.99236297607422
2017-01-12,124.51654370909799,125.6267966369815,123.7135973201256,125.51775360107422,18653900,125.51775360107422
2017-01-13,126.38017162557257,128.1446827181637,126.26122109016985,127.22277069091797,24884300,127.22277069091797
2017-01-17,126.92538482940549,127.22277630699845,126.29096429896742,126.75687408447266,15294500,126.75687408447266
2017-01-18,127.29217455026046,127.31198955645034,125.73583438469585,126.80643463134766,13145900,126.80643463134766
2017-01-19,127.11373234540149,127.23269801114922,126.34052358485569,126.43965911865234,12195500,126.43965911865234
2017-01-20,126.98487496250479,127.36155671578022,125.6763585141913,125.93409729003906,19097200,125.93409729003906
2017-01-23,126.20173216270537,128.1248463972545,125.84486544777916,127.80762481689453,16593600,127.80762481689453
2017-01-24,128.25374282033934,128.7692052929933,127.26244789082912,128.2438201904297,15162700,128.2438201904297
2017-01-25,128.8683219149665,130.59318028440399,128.64032834992364,130.33543395996094,18731300,130.33543395996094
2017-01-26,130.48416233748912,131.98101230368118,130.29581387217496,131.6241455078125,20020100,131.6241455078125
2017-01-27,131.5249900636528,131.79264390155546,129.938927419914,131.0293426513672,19539500,131.0293426513672
2017-01-30,130.43459627532897,130.43459627532897,128.4718364352734,129.83981323242188,18956100,129.83981323242188
2017-01-31,129.0368588191783,129.5225987787039,128.39252316707874,129.18556213378906,19790500,129.18556213378906
2017-02-01,131.09874099238365,132.32795202434926,129.54240085208951,132.07020568847656,50139800,132.07020568847656
2017-02-02,132.06030595669853,134.31054958376146,129.26484711700454,129.70101928710938,54366400,129.70101928710938
2017-02-03,130.0975596097968,131.69354514477098,129.6217271250867,129.83981323242188,24804900,129.83981323242188
2017-02-06,129.83978496327447,130.91038513183594,129.1657117789716,130.91038513183594,17058500,130.91038513183594
2017-02-07,131.08883352540656,131.84221214948707,130.51388070994037,130.6923065185547,14596400,130.6923065185547
2017-02-08,131.4456910023173,133.26966972737824,131.28708021075784,133.03175354003906,22390600,133.03175354003906
2017-02-09,133.31926458415361,133.32917208840541,132.14952866613126,132.97230529785156,16470600,132.97230529785156
2017-02-10,132.9326529334247,133.7653370241619,132.5162957620962,133.02186584472656,15061900,133.02186584472656
2017-02-13,133.527422806338,133.527422806338,132.53612788553968,132.88308715820312,13526200,132.88308715820312
2017-02-14,132.93266872662454,133.0615267940497,131.3961584147195,132.68484497070312,14364900,132.68484497070312
2017-02-15,132.2883041103043,132.5361278404195,131.50518777856269,132.2783966064453,13226500,132.2783966064453
2017-02-16,131.91159494183702,132.70461861280893,131.86202718091204,132.6748809814453,12831100,132.6748809814453
2017-02-17,132.33787710738244,132.92273750331933,132.01074795559722,132.36761474609375,12276500,132.36761474609375
2017-02-21,132.33786789348608,132.74430242885742,131.74308490874947,132.5559539794922,14759100,132.5559539794922
2017-02-22,132.43700630596757,135.5992243697369,132.29822562331302,134.93505859375,27360100,134.93505859375
2017-02-23,134.70705620159785,134.93504978122027,133.1606386598825,134.18167114257812,18422500,134.18167114257812
2017-02-24,132.9921149265556,134.43939687412143,132.9921149265556,134.26097106933594,12625700,134.26097106933594
2017-02-27,134.08253602609818,135.9858203238411,133.8446349426047,135.2225341796875,14306700,135.2225341796875
2017-02-28,135.5992106780862,135.61904080959457,133.57697591702748,134.36009216308594,16112100,134.36009216308594
2017-03-01,135.28201251992422,136.28321489624622,135.11349420663987,136.22373962402344,16257000,136.22373962402344
2017-03-02,135.8966176658228,136.62027385191215,135.1234088342414,135.56948852539062,12294800,135.56948852539062
2017-03-03,135.44064423107747,136.13454772402565,134.89542894163185,135.97593688964844,11160600,135.97593688964844
2017-03-06,135.68844704805903,136.63017415215825,135.32165765941963,136.22373962402344,12748200,136.22373962402344
2017-03-07,135.83714349602923,137.1654750763817,135.79749835412093,136.10479736328125,13527100,136.10479736328125
2017-03-08,135.95607287961366,136.78877198964133,135.85695247729558,136.5211181640625,10184500,136.5211181640625
2017-03-09,136.52114347785908,137.36375024656763,136.20392182932292,137.03662109375,15535300,137.03662109375
2017-03-10,137.70075276105916,138.27570551200208,137.01675698621398,137.581787109375,16314100,137.581787109375
2017-03-13,137.50252898451708,138.46407116883688,137.46286871603266,138.38478088378906,10955500,138.38478088378906
2017-03-14,138.24600420253864,138.24600420253864,137.31418450363623,138.1072235107422,12944000,138.1072235107422
2017-03-15,138.07745847662878,138.8804200427763,137.2844346659481,138.50372314453125,19344800,138.50372314453125
2017-03-16,138.97954102053976,139.02910879039848,138.51363121059498,138.77137756347656,13612900,138.77137756347656
2017-03-17,139.11831282030312,139.11831282030312,138.48388473410347,138.62266540527344,20592800,138.62266540527344
2017-03-20,138.49383864824253,138.9696560388879,138.0378362679842,138.72183227539062,12099500,138.72183227539062
2017-03-21,139.92124725907567,141.07115279393864,137.19518670929875,137.30422973632812,29894800,137.30422973632812
2017-03-22,136.72927921869407,138.57308808046568,136.4021652581809,138.3748321533203,17055400,138.3748321533203
2017-03-23,138.26581613817274,139.1678981777798,137.87921171062123,138.3153839111328,13022800,138.3153839111328
2017-03-24,138.86058543282468,139.79240501888796,138.543363818012,139.11831665039062,16664700,139.11831665039062
2017-03-27,137.83956195573714,139.42562475566535,137.5620005876007,139.0985107421875,12800500,139.0985107421875
2017-03-28,139.1381635419163,140.71431892472097,138.7912042496688,140.52597045898438,14679400,140.52597045898438
2017-03-29,140.75397521336726,141.61639697844183,140.19883733628012,141.40821838378906,16527600,141.40821838378906
2017-03-30,141.16035020017083,141.70556527548703,140.61515025081042,141.17027282714844,12404000,141.17027282714844
2017-03-31,141.0711619913886,141.38838359104963,140.6548199863023,140.8134307861328,11478300,140.8134307861328
2017-04-03,140.6944988129181,141.22980660903724,139.59417583125975,141.0414581298828,13564000,141.0414581298828
2017-04-04,140.62508899200463,140.85308257380223,140.04022865671735,140.4962158203125,12948600,140.4962158203125
2017-04-05,141.02160801474525,142.1913438704237,140.0600507449448,140.6151885986328,17158100,140.6151885986328
2017-04-06,140.872920712733,140.98196375821786,139.68336984214542,139.94110107421875,15103400,139.94110107421875
2017-04-07,139.9708464660045,140.31780575521262,139.0192117671973,139.55450439453125,11818300,139.55450439453125
2017-04-10,139.77256494695504,140.19881444484406,139.40579071612422,139.8122100830078,9039400,139.8122100830078
2017-04-11,139.57432494311445,139.80231853484233,137.6016426467983,138.7019805908203,16638100,138.7019805908203
2017-04-12,138.5037556876592,139.17782911031136,138.22619426351267,138.36497497558594,11612500,138.36497497558594
2017-04-13,138.40456826444395,139.35621788061988,138.1170994421373,138.17657470703125,10965600,138.17657470703125
2017-04-17,138.54338102832324,140.31780751394345,138.53347352386427,140.18893432617188,11519700,140.18893432617188
2017-04-18,140.04023968348227,140.6746678367567,139.38598139624168,139.73294067382812,14807500,139.73294067382812
2017-04-19,140.11953519765154,141.7948108134509,140.04022979334803,141.03152465820312,15563900,141.03152465820312
2017-04-20,141.70559584141338,142.9942821721427,141.44786462565114,142.54820251464844,15968200,142.54820251464844
2017-04-21,142.64731580260812,142.91496963412595,141.0315155627533,142.42922973632812,12382000,142.42922973632812
2017-04-24,143.69810414342254,144.40191499695086,143.083491067742,144.2036590576172,14407200,144.2036590576172
2017-04-25,144.52086424443638,145.869025796205,144.52086424443638,145.21478271484375,17767500,145.21478271484375
2017-04-26,145.80956478007778,146.3052122354123,144.81826986940877,145.2841796875,12395000,145.2841796875
2017-04-27,145.39322827740756,146.46382863687356,144.86784316479375,146.4142608642578,11275100,146.4142608642578
2017-04-28,148.19859118469543,150.2109186709727,147.772341627702,148.9420623779297,30652200,148.9420623779297
2017-05-01,150.4190942176456,151.24187080329597,150.10187258782193,151.13282775878906,25218300,151.13282775878906
2017-05-02,152.0051501671389,152.10428570349973,150.33978206318312,151.4500274658203,21870400,151.4500274658203
2017-05-03,152.2628951582923,152.2628951582923,150.02255911450226,150.4785614013672,29782500,150.4785614013672
2017-05-04,148.86274635084632,150.20100045359757,147.42537183830993,149.53683471679688,36225500,149.53683471679688
2017-05-05,150.13161784835117,150.31005880567795,148.4860645934915,148.93215942382812,17148500,148.93215942382812
2017-05-08,149.39805100106364,149.76482524912447,148.43649380256366,149.7449951171875,15827500,149.7449951171875
2017-05-09,150.17126141873845,151.26167667196853,148.9024052280234,149.1700439453125,17453900,149.1700439453125
2017-05-10,148.92224469042733,149.2097287130422,147.56417537092534,148.98171997070312,12080700,148.98171997070312
2017-05-11,149.00154058885647,149.33857723953253,148.10938118978214,148.73388671875,11841900,148.73388671875
2017-05-12,149.09077561312438,149.1502660243839,148.3274892838647,149.02139282226562,9598200,149.02139282226562
2017-05-15,148.86275348487308,150.16134738517624,148.46624157481222,148.88258361816406,15064700,148.88258361816406
2017-05-16,148.80329494074527,148.9024304923861,147.73269451206275,148.47616577148438,14550800,148.47616577148438
2017-05-17,146.7116382892881,147.37580402588802,143.16280089933753,143.5890655517578,28300100,143.5890655517578
2017-05-18,143.46019395071266,146.86032807430684,143.25201537381787,146.37460327148438,23031600,146.37460327148438
2017-05-19,147.15772256393998,148.08954217542922,146.67199775119826,146.7711181640625,16187900,146.7711181640625
2017-05-22,146.79095887898018,147.29651386112334,146.40435445123288,146.94956970214844,12586700,146.94956970214844
2017-05-23,147.22710073115698,147.51456955367675,145.96815216145728,146.78102111816406,12817800,146.78102111816406
2017-05-24,147.21720666474738,148.92223517823382,147.12799375003203,148.73388671875,17862400,148.73388671875
2017-05-25,148.99160829170276,151.2616666799294,148.6446490687096,150.6371612548828,19891400,150.6371612548828
2017-05-26,150.90481499226937,150.9246451250914,149.8342147092718,150.80569458007812,14996200,150.80569458007812
2017-05-30,150.64706284084235,151.5689596885398,150.31993376154276,151.05349731445312,13226000,151.05349731445312
2017-05-31,151.37072120711613,152.01507193790442,149.77473588685828,150.1415252685547,18023900,150.1415252685547
2017-06-01,150.42900833981997,150.9643009562491,148.99163369059534,150.21092224121094,14530600,150.21092224121094
2017-06-02,150.52813829156642,152.29264202313797,149.98292306530328,152.27281188964844,16854400,152.27281188964844
2017-06-05,152.30254055982212,153.36323331264384,152.07454697897558,152.29263305664062,12520400,152.29263305664062
2017-06-06,152.07454981879818,153.17488773085245,151.1526377230968,151.47976684570312,13457100,151.47976684570312
2017-06-07,151.93575162895687,152.4115688770121,151.01383963951992,151.78704833984375,12066700,151.78704833984375
2017-06-08,152.73871486734126,153.383050480275,151.76725013330054,153.3632354736328,17799400,153.3632354736328
2017-06-09,153.4227067451964,154.23556064915013,145.33373721407455,148.29771423339844,35577700,148.29771423339844
2017-06-12,146.8801732723935,147.90120587712488,143.30159784069716,147.1478271484375,33170200,147.1478271484375
2017-06-13,148.8429011237596,149.86393350934978,147.6037826824164,149.3682861328125,20483400,149.3682861328125
2017-06-14,149.9432648061395,151.07334041481715,147.7525114939469,148.9420623779297,20808800,148.9420623779297
2017-06-15,146.3845238489349,148.7338880465079,145.095837385243,148.49598693847656,18994200,148.49598693847656
2017-06-16,148.2878115682486,149.51702278166803,147.3064392243533,149.32867431640625,22882400,149.32867431640625
2017-06-19,150.38935502415814,152.23316413203648,150.38935502415814,151.53924560546875,19026500,151.53924560546875
2017-06-20,151.5491727417081,152.50080739770982,150.88500695809267,150.92465209960938,14743900,150.92465209960938
2017-06-21,151.03369552800885,152.7387240107787,150.5578781988052,152.57020568847656,15039800,152.57020568847656
2017-06-22,151.67803181275923,153.20463447568622,151.57891139532308,152.06463623046875,13005500,152.06463623046875
2017-06-23,151.390573984864,153.84898135568093,151.32117607423078,153.72012329101562,18027000,153.72012329101562
2017-06-26,154.8898544945922,155.13767826178358,151.8664015096653,152.2530059814453,18049700,152.2530059814453
2017-06-27,151.5095167008542,151.97542653796327,149.08084709577176,149.26919555664062,19360800,149.26919555664062
2017-06-28,149.60620991381904,152.13401468767745,148.55543984236974,151.90602111816406,16719100,151.90602111816406
2017-06-29,150.95436967852862,151.1724557427916,147.62361857319013,149.72515869140625,23973500,149.72515869140625
2017-06-30,150.57768465542878,150.59751478809116,148.7537057254306,149.6656951904297,17666000,149.6656951904297
2017-07-03,150.3992467475771,150.82549624681354,146.51337298592566,147.13787841796875,13862700,147.13787841796875
2017-07-05,147.70291865707227,149.5368200062176,146.84049705958236,149.03125,14334300,149.03125
2017-07-06,147.73268434179258,148.73388679020908,146.71165175922079,147.52452087402344,14951800,147.52452087402344
2017-07-07,147.95076582111912,150.66691932911039,147.89129054647026,150.1217041015625,13615900,150.1217041015625
2017-07-10,150.36951609123315,152.6395746102247,150.19107515525667,152.16375732421875,13378700,152.16375732421875
2017-07-11,152.03491113906492,154.06706893870927,151.57892390411652,153.9183807373047,13667700,153.9183807373047
2017-07-12,155.12771487343275,157.7744699384572,154.84023093651473,157.5167236328125,22739400,157.5167236328125
2017-07-13,157.3581338129062,158.3890736958638,157.0409122329454,157.87359619140625,13929200,157.87359619140625
2017-07-14,158.7360644347633,158.92441289452822,157.9430254533134,158.57745361328125,16371200,158.57745361328125
2017-07-17,158.85501618493964,159.38040129984262,157.42754903276526,158.33953857421875,12858800,158.33953857421875
2017-07-18,158.2701355823085,162.30469765946916,158.03221937867391,161.44227600097656,23722900,161.44227600097656
2017-07-19,162.1659206722687,164.25755340811133,161.74957865092037,162.7111358642578,26273600,162.7111358642578
2017-07-20,163.3654016595521,163.56365761328536,161.39271937390092,163.09774780273438,18523100,163.09774780273438
2017-07-21,162.7309727206717,163.61322456745162,162.32453818567117,162.9986114501953,14744000,162.9986114501953
2017-07-24,163.20677014985625,164.72344993622636,162.87964106099793,164.554931640625,17367000,164.554931640625
2017-07-25,163.57356318735518,164.09894826523268,162.43358012236655,163.84121704101562,15383200,163.84121704101562
2017-07-26,164.56486213230303,164.56486213230303,162.67150035489652,164.16835021972656,35236900,164.16835021972656
2017-07-27,173.17919385794744,173.96232519933488,166.04187451588885,168.95628356933594,68910700,168.95628356933594
2017-07-28,167.59824020240413,171.9202715537653,167.57841006863856,170.9488067626953,24557600,170.9488067626953
2017-07-31,170.50271800279265,171.21645152078807,167.08275371920757,167.7766571044922,25478900,167.7766571044922
2017-08-01,168.34170251677014,168.9860381335434,167.57840122963862,168.38134765625,14385000,168.38134765625
2017-08-02,168.8175124808189,169.06533618818182,165.45702361401592,167.8262176513672,17433800,167.8262176513672
2017-08-03,167.82620140447796,168.2227132474897,166.78533890912553,167.12237548828125,10793800,167.12237548828125
2017-08-04,167.49908179559245,168.57958948594137,167.22152046460295,168.14341735839844,10777700,168.14341735839844
2017-08-07,168.47053727684883,170.56216977383949,168.1830684589685,170.4828643798828,12787800,170.4828643798828
2017-08-08,170.38376111886248,171.54357426096124,169.13471994586473,169.73941040039062,14393500,169.73941040039062
2017-08-09,168.5002687221776,169.9574731399694,168.08392676365943,169.6898193359375,10815000,169.6898193359375
2017-08-10,168.57958140866546,169.10496641186225,165.39753375730044,165.94273376464844,20832700,165.94273376464844
2017-08-11,166.48797862685876,167.3504154920727,165.3975632914955,166.61685180664062,13791200,166.61685180664062
2017-08-14,168.6093373500427,169.59072469656067,167.81629844511536,169.2635955810547,12954200,169.2635955810547
2017-08-15,169.9971687820269,170.0070762857359,168.53004143126063,169.5114288330078,8729200,169.5114288330078
2017-08-16,169.75924491882324,169.88811809103936,167.76674769388046,168.52012634277344,15779900,168.52012634277344
2017-08-17,167.8658860172147,168.38136363512615,165.3975712309456,165.45704650878906,17216000,165.45704650878906
2017-08-18,165.3876523496632,167.20172399481453,164.76314679218962,165.95269775390625,15093600,165.95269775390625
2017-08-21,165.70484480440558,166.53752881826688,164.37651338334706,166.31944274902344,11907500,166.31944274902344
2017-08-22,166.81510735138656,168.3912626385125,165.6949392553481,168.16326904296875,11391000,168.16326904296875
2017-08-23,167.3702215723392,167.88569913801135,166.73579346303475,167.24136352539062,9856500,167.24136352539062
2017-08-24,167.4098759174614,167.81629530248614,164.96137647455325,166.27980041503906,14030400,166.27980041503906
2017-08-25,166.3987492339309,166.91422677604442,164.7333660693943,164.87216186523438,12614500,164.87216186523438
2017-08-28,165.45703529677854,166.24015161191866,164.88208243998466,165.78416442871094,8553700,165.78416442871094
2017-08-29,163.81148365729695,166.9637942063987,163.5636599301301,166.5871124267578,11121000,166.5871124267578
2017-08-30,166.70604525149682,168.69854236073286,166.17075271315045,168.44081115722656,11138300,168.44081115722656
2017-08-31,168.9166365085145,170.65140249723558,168.57959988950745,170.4729766845703,17226500,170.4729766845703
2017-09-01,170.89921897310757,171.4146965089108,169.81871126183174,170.5225372314453,11677600,170.5225372314453
2017-09-05,169.77908669600956,170.88933217599208,168.0740582083449,169.23387145996094,13210900,169.23387145996094
2017-09-06,169.42221349289323,170.97853860664867,168.0938819688554,170.59193420410156,13906300,170.59193420410156
2017-09-07,170.44324547078008,171.80131462709602,168.78778482285844,171.7021942138672,18049500,171.7021942138672
2017-09-08,171.58320796959194,171.9797349528443,169.31314960355868,169.4618377685547,10998500,169.4618377685547
2017-09-11,170.89921964805296,172.37625436422556,170.70096371071747,171.9995574951172,12372000,171.9995574951172
2017-09-12,172.2473693981394,172.48528558221815,170.25487240658603,171.454345703125,11186300,171.454345703125
2017-09-13,171.50391883649743,171.66252964483928,170.5621917416514,171.5435791015625,9119300,171.5435791015625
2017-09-14,170.76047317150932,170.78030330700108,169.0157993972707,169.4718017578125,15615700,169.4718017578125
2017-09-15,169.3924496914385,170.83973153856772,168.7778366681488,170.1458282470703,15660500,170.1458282470703
2017-09-18,170.49280395904697,170.57210936088856,167.86586357315537,168.530029296875,12954000,168.530029296875
2017-09-19,169.13471922211838,171.05783361438,168.87698801140778,171.0181884765625,13168600,171.0181884765625
2017-09-20,170.99836324958235,171.54357844745402,169.21402947743837,170.67123413085938,12264100,170.67123413085938
2017-09-21,170.19542098725773,170.77037383486703,168.53003771729297,169.62046813964844,11161400,169.62046813964844
2017-09-22,168.72830592668825,170.2350632334732,167.74691856325026,169.055419921875,12097100,169.055419921875
2017-09-25,167.7667688169061,167.82624409589138,160.15361546160733,161.45220947265625,41251600,161.45220947265625
2017-09-26,163.06801697172008,164.05931190771838,161.3629884717262,162.78054809570312,23363300,162.78054809570312
2017-09-27,164.45580284565122,166.87456460098434,164.12868886935962,166.22030639648438,19242500,166.22030639648438
2017-09-28,166.47808356204263,167.59825174455776,165.7048746774984,167.26119995117188,12178700,167.26119995117188
2017-09-29,167.36031817937436,170.1656845346237,167.34048804629552,169.38255310058594,15340400,169.38255310058594
2017-10-02,169.89803540415485,170.37385272956294,167.28101742547034,167.9947509765625,13392300,167.9947509765625
2017-10-03,167.82622575951183,169.24377017365308,167.72709022139367,168.48048400878906,8190300,168.48048400878906
2017-10-04,168.35158662818927,169.18427057520137,166.82498426604315,166.953857421875,12127900,166.953857421875
2017-10-05,167.70724860003665,169.81871138444345,167.13231092140677,169.74932861328125,14580600,169.74932861328125
2017-10-06,168.76795326414327,170.8694935687407,168.2723058243073,170.730712890625,13124500,170.730712890625
2017-10-09,171.19660798448908,173.3576385019914,170.50270465353262,170.99835205078125,14570400,170.99835205078125
2017-10-10,171.49401235464845,171.692268303277,169.31316666781586,170.09628295898438,11341100,170.09628295898438
2017-10-11,170.45315092595013,171.275927488256,169.90793571888486,171.2362823486328,11283700,171.2362823486328
2017-10-12,171.10741839085242,172.3366295488127,170.79019675294256,171.04794311523438,10351000,171.04794311523438
2017-10-13,171.94008560822274,173.12963638159022,171.69226190018958,172.22756958007812,13658300,172.22756958007812
2017-10-16,172.9710558195453,173.47661078276658,172.54479113897983,173.00079345703125,11498800,173.00079345703125
2017-10-17,173.18915836431472,174.59679546755905,172.84219905940483,174.57696533203125,15990100,174.57696533203125
2017-10-18,175.1122328672521,175.2014609013485,174.22007353396262,174.4976348876953,12752400,174.4976348876953
2017-10-19,173.4071947735673,174.49762512074045,171.12722879922828,173.04042053222656,14048400,173.04042053222656
2017-10-20,173.97226472159687,174.34896164506213,173.10984295046387,173.456787109375,12602200,173.456787109375
2017-10-23,173.67484937384677,173.81363004355651,169.75923786150307,169.77906799316406,13852700,169.77906799316406
2017-10-24,170.80010604422043,171.73192562535988,170.00706713733842,170.30445861816406,12267900,170.30445861816406
2017-10-25,170.40358519404103,170.75054445521923,167.41979302655508,169.1149139404297,15868200,169.1149139404297
2017-10-26,169.88810916810442,170.79017594836097,168.90672186207252,169.14463806152344,11833100,169.14463806152344
2017-10-27,172.6339871346305,176.65865681621037,172.38616342922563,176.33152770996094,30285300,176.33152770996094
2017-10-30,177.69950875728185,179.1170682534274,176.0638783107652,178.30419921875,24353200,178.30419921875
2017-10-31,178.99809317644258,179.22608672464187,177.3822779576513,178.49252319335938,20174200,178.49252319335938
2017-11-01,180.77252429976699,181.3078168480914,178.99811322425236,181.06991577148438,40918300,181.06991577148438
2017-11-02,179.05759338106873,180.35618721285795,175.79622485794295,177.3624725341797,35529900,177.3624725341797
2017-11-03,177.72924678793294,178.29429211221563,175.17171938884402,177.3624725341797,17822100,177.3624725341797
2017-11-06,177.00560768877534,178.87915436815607,176.75778397390508,178.60159301757812,13312700,178.60159301757812
2017-11-07,178.92873193156206,179.17655565999914,177.40214441981212,178.680908203125,12928200,178.680908203125
2017-11-08,178.2248960481268,178.78003387498475,177.55082280445228,177.9969024658203,10494100,177.9969024658203
2017-11-09,176.7577789315302,177.83828666731063,175.5483980273867,177.73916625976562,12610300,177.73916625976562
2017-11-10,176.79742059804647,177.5408916432427,176.4108162595827,176.90646362304688,11070200,176.90646362304688
2017-11-13,175.95485730424994,177.48144490374852,175.75660133529647,177.21380615234375,9523400,177.21380615234375
2017-11-14,176.5793727372629,177.41205685773943,175.6376304422426,176.5198974609375,9585900,176.5198974609375
2017-11-15,175.12216091520685,177.01553780715068,174.8644145602232,176.4009246826172,10253700,176.4009246826172
2017-11-16,177.2038652895388,178.2645580595446,176.94613406901334,178.02664184570312,15607600,178.02664184570312
2017-11-17,177.73916393159448,178.4132371475223,177.34263692873233,177.4417724609375,13018000,177.4417724609375
2017-11-20,177.3129095618501,177.93743017379774,176.54962339831343,177.18405151367188,10052400,177.18405151367188
2017-11-21,177.59047022839147,180.3066236224047,177.43187454463632,180.27688598632812,14504000,180.27688598632812
2017-11-22,179.72176637669597,180.14801591844798,178.86925216723236,179.29550170898438,10376300,179.29550170898438
2017-11-24,178.8295866840351,181.55564754888903,178.72054364440257,181.18887329101562,9426300,181.18887329101562
2017-11-27,180.9708119438332,182.13062527335998,180.4057816619433,181.4367218017578,12344500,181.4367218017578
2017-11-28,181.9125238148173,182.6460874948777,180.5048868552094,180.83201599121094,14379700,180.83201599121094
2017-11-29,180.30663221603828,180.38593762467534,172.48531590998596,173.60548400878906,41933500,173.60548400878906
2017-11-30,175.31052025041137,176.72806478698746,173.6748744859458,175.63763427734375,25307600,175.63763427734375
2017-12-01,174.49764163388252,175.93501622684508,170.83976099925295,173.57574462890625,20182500,173.57574462890625
2017-12-04,174.75537433465558,175.0329508274134,169.30325228890467,169.9773406982422,24459400,169.9773406982422
2017-12-05,168.9661987220778,173.8532900408707,167.5387317638425,171.3254852294922,20184900,171.3254852294922
2017-12-06,170.99833701210616,175.2311696476158,170.4035541373335,174.52734375,20255800,174.52734375
2017-12-07,174.26962272863028,178.81966207017962,174.26962272863028,178.57183837890625,20404500,178.57183837890625
2017-12-08,179.94974714095116,180.69321825461432,177.184041253546,177.4417724609375,19883800,177.4417724609375
2017-12-11,177.73914584325223,178.65113516808506,177.24349848458505,177.4813995361328,13168600,177.4813995361328
2017-12-12,177.04526332730197,177.62020101993312,175.06267366014723,175.41954040527344,16854100,175.41954040527344
2017-12-13,175.75658415449456,177.6003932248488,175.7070163856114,176.7478790283203,14615700,176.7478790283203
2017-12-14,176.73796162726978,178.7899493372519,176.1332711313096,176.83709716796875,13591000,176.83709716796875
2017-12-15,177.4616206202517,178.91882536114028,176.80736234353435,178.61151123046875,28463100,178.61151123046875
2017-12-18,179.43427447688407,179.72175845251718,178.18524841732895,179.24594116210938,17265400,179.24594116210938
2017-12-19,178.38351409476869,178.51238727197827,176.66857815433568,177.9473419189453,14920600,177.9473419189453
2017-12-20,178.244714857361,178.244714857361,175.81604563223334,176.3414306640625,11860500,176.3414306640625
2017-12-21,176.3910133740639,177.12456190467773,175.5087615358687,175.9052734375,11600700,175.9052734375
2017-12-22,175.5979649161255,175.984569293323,174.69588299401184,175.65744018554688,8509500,175.65744018554688
2017-12-26,175.0924206761534,175.4591949439212,173.1494760428211,174.45799255371094,8897300,174.45799255371094
2017-12-27,175.01309868238997,176.88664523561903,174.72561472196054,176.0737762451172,9496100,176.0737762451172
2017-12-28,176.40092293940634,177.38231032746017,176.133269083399,176.37118530273438,12220800,176.37118530273438
2017-12-29,176.45047651503316,177.2930831555164,174.92388916015625,174.92388916015625,10261500,174.92388916015625
2018-01-02,176.13326524181693,179.9993243104074,176.00440719436878,179.84071350097656,18151900,179.84071350097656
2018-01-03,180.2967176457999,183.1714667479119,179.751502436514,183.0624237060547,16886600,183.0624237060547
2018-01-04,183.29043309694796,184.58904220774693,182.49740922520243,182.72540283203125,13880900,182.72540283203125
2018-01-05,183.97440850911812,185.27300234901395,183.3201502745883,185.22344970703125,13574500,185.22344970703125
2018-01-08,185.57040614019564,187.25560448028762,184.7079843994458,186.64100646972656,17994700,186.64100646972656
2018-01-09,187.05731931756827,187.1564548445506,185.47125676755513,186.2345428466797,12393100,186.2345428466797
2018-01-10,185.312674607517,186.25440175552492,184.01408068357387,186.204833984375,10529900,186.204833984375
2018-01-11,186.7599577874975,186.7599577874975,185.7488478548627,186.1354522705078,9588600,186.1354522705078
2018-01-12,176.50996931999322,179.900196098337,175.8557110489199,177.80856323242188,77551300,177.80856323242188
2018-01-16,179.920024921805,180.16784864759262,176.49013790148217,176.83709716796875,36183800,176.83709716796875
2018-01-17,177.69952368356135,177.7590140851603,174.26965169674097,176.05398559570312,27992400,176.05398559570312
2018-01-18,176.57935691632113,179.4045381703737,175.5384942960032,178.2348175048828,23304900,178.2348175048828
2018-01-19,179.2756807377695,180.78243802802905,178.6015923702668,179.7118377685547,26826500,179.7118377685547
2018-01-22,179.22612252990405,183.77616253090503,178.8395181205241,183.75633239746094,21059500,183.75633239746094
2018-01-23,184.43042955325888,187.89996189858664,183.93478207535492,187.7017059326172,25678800,187.7017059326172
2018-01-24,188.2369925841679,189.000293911204,184.89633352933782,184.9260711669922,24334500,184.9260711669922
2018-01-25,186.3139018274493,186.97806769656515,184.97566258405308,185.84799194335938,17377700,185.84799194335938
2018-01-26,186.11562520077354,188.34603881835938,185.18380553593957,188.34603881835938,17759200,188.34603881835938
2018-01-29,187.10692956860157,187.19614248756918,184.01409403670232,184.3610382080078,20453200,184.3610382080078
2018-01-30,185.98676689498654,186.54188968628011,180.25708288690976,185.49111938476562,20858600,185.49111938476562
2018-01-31,186.73021954855946,188.17751678957273,183.60764659578518,185.2631072998047,43275100,185.2631072998047
2018-02-01,186.58154732869892,193.6197479250521,186.25441816144698,191.40914916992188,54211300,191.40914916992188
2018-02-02,190.3682544055563,192.51937751905749,188.32618945544513,188.6235809326172,26677500,188.6235809326172
2018-02-05,185.30275408797968,188.95072729752363,179.03777799305453,179.68211364746094,33128200,179.68211364746094
2018-02-06,177.01552105619726,184.15284064583065,176.19274455076217,183.69683837890625,37758500,183.69683837890625
2018-02-07,182.5469532686563,183.46886540875073,178.38351763438607,178.61151123046875,27601900,178.61151123046875
2018-02-08,179.43426751267143,180.25704401733483,169.9872292150419,170.08636474609375,38478300,170.08636474609375
2018-02-09,173.23871101419198,175.3600817368224,165.72469300107193,174.57696533203125,39887600,174.57696533203125
2018-02-12,175.51866421721985,176.00440414043877,170.34410387550926,174.87432861328125,32092100,174.87432861328125
2018-02-13,174.09118425077367,174.43814347381303,171.5931322983389,171.64268493652344,21809400,171.64268493652344
2018-02-14,171.94009298227024,178.24472899006133,171.70219189296904,177.95726013183594,28929700,177.95726013183594
2018-02-15,178.92874049961085,178.92874049961085,175.30059731132724,178.39344787597656,20922100,178.39344787597656
2018-02-16,177.43185534552515,178.3141070809034,174.76527000883195,175.8160400390625,20645300,175.8160400390625
2018-02-20,174.23991262011282,176.40092828892864,173.58565434156927,174.47781372070312,21204900,174.47781372070312
2018-02-21,175.17171631732015,179.69201832848506,174.86440221377168,176.36126708984375,23200800,176.36126708984375
2018-02-22,177.144400765712,178.64126578893575,175.86563696287894,177.431884765625,18464200,177.431884765625
2018-02-23,178.3339385336285,181.79356302621224,177.94733414484938,181.69442749023438,19007300,181.69442749023438
2018-02-26,182.97320054028455,184.0438007659705,181.6250389737865,183.3201446533203,17599700,183.3201446533203
2018-02-27,182.84433303041052,183.09215674422944,179.88037109375,179.88037109375,15849800,179.88037109375
2018-02-28,180.71306495711616,181.28801781951887,176.58927450496145,176.76771545410156,18783000,176.76771545410156
2018-03-01,177.45171509454127,178.55205316563902,172.89176710356614,174.408447265625,23201600,174.408447265625
2018-03-02,171.7814903672907,175.56824422955643,171.48411399147727,175.08250427246094,20025900,175.08250427246094
2018-03-05,174.66613948006142,179.5730456796201,174.35884051442227,178.82957458496094,16189300,178.82957458496094
2018-03-06,180.19757071409077,180.79235365497092,177.55081536649521,178.21498107910156,15086800,178.21498107910156
2018-03-07,177.18405716824475,182.21983711221935,176.51989139549858,182.1107940673828,19097300,182.1107940673828
2018-03-08,181.9620817426893,182.7947657933089,179.8704489869449,180.75270080566406,17225900,180.75270080566406
2018-03-09,182.3090522826453,183.89511507833163,181.61514886416,183.6175537109375,18526300,183.6175537109375
2018-03-12,183.61755166276623,184.4799885187979,182.61634925054545,183.15164184570312,15301200,183.15164184570312
2018-03-13,183.9942326059095,184.3709294787594,179.53340590474082,180.2967071533203,18067500,180.2967071533203
2018-03-14,181.01045363600093,182.6460841601859,180.2669824657424,182.58660888671875,16821700,182.58660888671875
2018-03-15,181.64486252055227,182.3982411145937,180.60399996726105,182.25946044921875,15614300,182.25946044921875
2018-03-16,182.88400714179264,183.71669125303876,181.81340680192181,183.47877502441406,24403400,183.47877502441406
2018-03-19,175.46908971092665,175.62770051151432,168.57959377370895,171.05783081054688,88140100,171.05783081054688
2018-03-20,166.0121754374141,168.71840656155632,160.54022278311524,166.68624877929688,129851800,166.68624877929688
2018-03-21,163.36538116688382,171.89050711569357,161.87843901146795,167.91542053222656,106598800,167.91542053222656
2018-03-22,164.68383151956297,168.78779192368677,162.29480710863663,163.45462036132812,73743000,163.45462036132812
2018-03-23,163.99983995076295,165.1497457300234,157.63572814797135,158.00250244140625,53609700,158.00250244140625
2018-03-26,159.42005028555604,159.69761164261664,147.72276764529062,158.66665649414062,126116600,158.66665649414062
2018-03-27,154.94930527971079,161.43238247494358,149.4377079889614,150.89491271972656,79117000,150.89491271972656
2018-03-28,150.32986888497823,154.52305729612175,149.48727727677547,151.69786071777344,60029200,151.69786071777344
2018-03-29,153.7993944412321,160.01481756842747,152.79819205869137,158.3990020751953,59434300,158.3990020751953
2018-04-02,156.4362394861042,157.81413873690323,152.76845152813178,154.0373077392578,36796000,154.0373077392578
2018-04-03,155.18720974605736,156.01989377884564,149.4971719367533,154.75103759765625,42543900,154.75103759765625
2018-04-04,150.70654980494265,154.20581929856272,149.19977744796915,153.7498321533203,49885600,153.7498321533203
2018-04-05,160.15361800773965,160.163540638369,155.28635592058296,157.95294189453125,41449600,157.95294189453125
2018-04-06,156.35691270401688,160.01479265860203,155.4449233723357,155.83152770996094,41644800,155.83152770996094
2018-04-09,156.44617837378374,159.13257925388,154.68165942316588,156.55520629882812,34915200,156.55520629882812
2018-04-10,156.55519472850744,164.53512161877373,155.64320524475696,163.60330200195312,57889300,163.60330200195312
2018-04-11,163.9205121817908,167.18186548698537,161.82887950474625,164.87216186523438,56144600,164.87216186523438
2018-04-12,165.52642456735143,165.99233439844414,161.68021049227764,162.44349670410156,38263000,162.44349670410156
2018-04-13,163.14732012381594,164.25756559646135,162.34437365692347,163.0878448486328,19990600,163.0878448486328
2018-04-16,164.27739346518842,164.33686873955153,161.96767451300823,163.3951416015625,18119400,163.3951416015625
2018-04-17,164.38645157374856,167.52885490688664,164.21793323895758,167.1918182373047,22743000,167.1918182373047
2018-04-18,165.42728173256938,166.6564776089216,164.32694389508612,164.91180419921875,20969600,164.91180419921875
2018-04-19,164.75320365323768,166.86466655747395,163.76190878754315,166.6366729736328,22235000,166.6366729736328
2018-04-20,166.3293694282149,166.9637975775333,164.36660970469242,164.83251953125,19119400,164.83251953125
2018-04-23,165.81389126649358,166.98361191119776,163.65286066094558,164.39633178710938,23088100,164.39633178710938
2018-04-24,163.98988807508448,164.65406888804205,156.81292355374302,158.29986572265625,35079900,158.29986572265625
2018-04-25,158.74594534813863,159.65793472995713,154.83033399519203,158.29986572265625,41083600,158.29986572265625
2018-04-26,171.71210128586256,174.73555371199632,169.31316947793533,172.6439208984375,77556900,172.6439208984375
2018-04-27,175.2708433689428,175.55832735149198,171.09750044096126,172.07887268066406,29804700,172.07887268066406
2018-04-30,172.2771272099344,174.19033415685408,170.2152472102316,170.50271606445312,20750500,170.50271606445312
2018-05-01,170.50271803213053,172.5051379094044,168.7481218729266,172.34652709960938,26025900,172.34652709960938
2018-05-02,172.7331436839345,176.52980512779848,172.6835759116308,174.5373077392578,30424500,174.5373077392578
2018-05-03,173.60546479650847,174.58683697712183,170.62165773984208,172.505126953125,24026100,172.505126953125
2018-05-04,171.5733014554478,175.4393450271891,171.5534713246815,175.07257080078125,17677800,175.07257080078125
2018-05-07,175.80613267663972,177.9374103716553,175.6276917533874,176.4207305908203,18697200,176.4207305908203
2018-05-08,176.69830680059127,177.48142307573013,175.5682312779849,177.3624725341797,15577200,177.3624725341797
2018-05-09,178.10593880910025,181.41685988352248,177.22368702277913,181.06991577148438,23282800,181.06991577148438
2018-05-10,181.55564566843228,184.50971521116793,180.91131006652415,183.91493225097656,21071400,183.91493225097656
2018-05-11,183.24087311580786,186.68066771899814,182.5766922045635,185.36224365234375,21207800,185.36224365234375
2018-05-14,186.07596681987758,186.22465500008715,184.5791018846244,185.01527404785156,15646700,185.01527404785156
2018-05-15,183.27059204206418,183.6770114244875,181.60520887096772,182.71546936035156,15429400,182.71546936035156
2018-05-16,182.1008567642753,182.715469842902,181.06991679922325,181.60520935058594,16975500,181.60520935058594
2018-05-17,181.08972391464383,182.4577155571271,180.63373678445473,182.1603240966797,14840700,182.1603240966797
2018-05-18,181.89269847722036,182.58660185086396,181.02035416409177,181.08973693847656,13130500,181.08973693847656
2018-05-21,182.17026914302417,183.68694913939493,181.53584100811065,182.88400268554688,13532900,182.88400268554688
2018-05-22,183.3201498461213,183.80588976928098,181.83320756709747,182.1999969482422,12731400,182.1999969482422
2018-05-23,180.91130385662845,185.28291762388713,180.5940822551595,185.2729949951172,16628100,185.2729949951172
2018-05-24,184.26189450103053,185.17388396248023,183.41928781469022,184.3114471435547,12354700,184.3114471435547
2018-05-25,184.4006874332807,184.70798644195935,182.84434713002395,183.3102569580078,10965100,183.3102569580078
2018-05-29,182.7352860669987,185.18378551702415,182.1107806072386,184.12310791015625,16398900,184.12310791015625
2018-05-30,184.91613265056702,186.36342977123363,183.63736896340973,186.0363006591797,13736900,186.0363006591797
2018-05-31,186.23456797963453,191.04235429390687,185.8479635737623,190.11053466796875,30782600,190.11053466796875
2018-06-01,191.38932575682037,192.85643806671433,190.39803079387244,192.3013153076172,17307200,192.3013153076172
2018-06-04,190.17003638777527,192.29140716325458,189.80326206416177,191.59750366210938,18939800,191.59750366210938
2018-06-05,192.60859865668937,193.30250204910965,190.94321538892117,191.26043701171875,15544300,191.26043701171875
2018-06-06,189.3670479502752,190.8539901778862,187.46376371404816,189.67434692382812,22558900,189.67434692382812
2018-06-07,189.089505312926,189.30759140462192,185.14415578072197,186.5418701171875,21503200,186.5418701171875
2018-06-08,185.897547550669,187.83056974855285,184.80711701547244,187.45388793945312,12677100,187.45388793945312
2018-06-11,187.16638877095053,190.92340493501214,187.15648126723664,189.87261962890625,12928900,189.87261962890625
2018-06-12,190.49713458751896,191.59747250538933,189.8924441078612,190.72512817382812,11562700,190.72512817382812
2018-06-13,191.0621755034795,192.80684900024443,190.2393989599829,190.73504638671875,15853800,190.73504638671875
2018-06-14,191.41904522967624,195.5626505211031,191.23069678443696,195.09674072265625,19120900,195.09674072265625
2018-06-15,194.08563593863826,195.35450741885344,192.94565277106884,194.14512634277344,21860900,194.14512634277344
2018-06-18,193.10425471126862,197.84264324995695,192.44008892561553,196.5836944580078,16826000,196.5836944580078
2018-06-19,194.53172482858133,196.23675333859273,192.103040120348,195.77084350585938,19994000,195.77084350585938
2018-06-20,197.36681284359656,201.77807194914203,197.07932886341587,200.24156188964844,28230900,200.24156188964844
2018-06-21,200.99493669999057,201.61945729069967,198.34818128721037,199.74591064453125,19045700,199.74591064453125
2018-06-22,199.408903293371,200.47950369486628,197.5750015163172,199.98385620117188,17420200,199.98385620117188
2018-06-25,198.2589827132341,198.2589827132341,191.4289613638016,194.64076232910156,25275100,194.64076232910156
2018-06-26,195.87986297661615,197.36680521036791,194.5217787841377,197.26766967773438,17897600,197.26766967773438
2018-06-27,197.44611426289367,199.0024545426921,194.09554772984515,194.13519287109375,18734400,194.13519287109375
2018-06-28,193.48094208149342,195.62214281480124,191.5776575827622,194.5218048095703,18172400,194.5218048095703
2018-06-29,195.6023334373244,195.87989482267386,192.2715816871701,192.62844848632812,15811600,192.62844848632812
2018-07-02,191.68668061146298,195.7311654210613,190.54669758251922,195.64195251464844,13961600,195.64195251464844
2018-07-03,192.85640992349778,193.6990014434691,190.8440826524459,191.05224609375,13489500,191.05224609375
2018-07-05,193.04474752797844,196.92069855429588,192.34092159106035,196.72244262695312,19684200,196.72244262695312
2018-07-06,196.72247272558616,201.8672957511645,195.97900153983116,201.4608612060547,19740100,201.4608612060547
2018-07-09,203.14608176160985,204.00851871709835,200.36054516770028,202.95774841308594,18149400,202.95774841308594
2018-07-10,202.71979239080133,203.12622690064134,200.4992865300264,201.7681427001953,13190100,201.7681427001953
2018-07-11,200.45964897718486,202.71980006118886,199.99373918017042,200.77685546875,12927400,200.77685546875
2018-07-12,201.6591191657459,205.27735471458382,201.42121806455688,205.11874389648438,15454700,205.11874389648438
2018-07-13,206.00098359257464,206.61558156891698,204.65282197037004,205.5152587890625,11486800,205.5152587890625
2018-07-16,205.69367923260577,206.90306014708625,205.03942100819003,205.426025390625,11078200,205.426025390625
2018-07-17,203.1163004856667,208.62791233417767,203.0568252172297,208.16200256347656,15349900,208.16200256347656
2018-07-18,207.9934931321234,209.15330629398784,206.62550139589192,207.53749084472656,15334900,207.53749084472656
2018-07-19,206.9526069649994,208.16198775705746,205.95138959766436,206.2785186767578,11350400,206.2785186767578
2018-07-20,207.03193426662722,209.65885955343802,206.68497502076514,208.11244201660156,16163900,208.11244201660156
2018-07-23,208.7468760040104,209.7778160156813,206.98237234156252,209.07400512695312,16732000,209.07400512695312
2018-07-24,213.23747227761913,214.3179802187849,210.74932722369434,212.80130004882812,28468700,212.80130004882812
2018-07-25,213.84210967305705,216.7168584647963,212.40473527718743,215.6066131591797,58954200,215.6066131591797
2018-07-26,173.36756255605715,178.56195322047824,172.23748698747983,174.7256317138672,169803700,174.7256317138672
2018-07-27,178.30421346498736,178.3636887403823,171.49402216498564,173.36756896972656,60073700,173.36756896972656
2018-07-30,173.77398788664595,173.77398788664595,165.11006556914384,169.57089233398438,65280800,169.57089233398438
2018-07-31,169.18430553020826,172.72323572512056,168.52013973577664,171.0776824951172,40356500,171.0776824951172
2018-08-01,172.41591285655338,173.55591105496342,169.41229055168418,170.15576171875,34042100,170.15576171875
2018-08-02,169.19421556821757,175.25102834505836,168.78779613261557,174.83468627929688,32400000,174.83468627929688
2018-08-03,176.1431632030566,177.29306872145202,174.6165608465074,176.2323760986328,24763400,176.2323760986328
2018-08-06,177.41205931410516,184.17268304199823,176.82719892086038,184.0735626220703,49716200,184.0735626220703
2018-08-07,184.87648540963886,186.6608191251113,182.1206869980598,182.20989990234375,33398600,182.20989990234375
2018-08-08,183.1417435923466,185.22346905568853,182.16035613803498,183.5679931640625,22205200,183.5679931640625
2018-08-09,184.23216899315278,184.9459025536132,180.8914947897321,181.49618530273438,19732100,181.49618530273438
2018-08-10,180.4553148486952,180.5148052478118,177.8581270811096,178.69081115722656,21500400,178.69081115722656
2018-08-13,178.53221852730192,181.02036329471073,177.3426525399582,178.48265075683594,17423300,178.48265075683594
2018-08-14,179.13692007057833,180.40577641775562,177.06510209464406,179.53343200683594,19102000,179.53343200683594
2018-08-15,177.77879940177561,179.29547918109884,173.2584976966587,177.96714782714844,33020200,177.96714782714844
2018-08-16,178.84940670722017,178.92871210664836,172.49520338389536,173.17919921875,31351800,173.17919921875
2018-08-17,172.9809363909558,174.68596459583154,170.54234461506593,172.2870330810547,24893200,172.2870330810547
2018-08-20,172.52493937888548,173.05033953585055,169.42219695776055,170.99835205078125,21518000,170.99835205078125
2018-08-21,171.3056580091081,172.65381958969067,169.89802115858143,171.1173095703125,19578500,171.1173095703125
2018-08-22,170.71088888479383,172.72321617437234,170.63158348348546,172.12843322753906,16894100,172.12843322753906
2018-08-23,171.58321537779156,174.02180727071823,171.32548417201818,171.39486694335938,18053600,171.39486694335938
2018-08-24,172.18789641829295,173.29815683276797,171.41468771722438,173.12962341308594,14631600,173.12962341308594
2018-08-27,174.45798700324298,177.11464995458536,174.25971593144564,175.91519165039062,17921900,175.91519165039062
2018-08-28,176.54962580560777,176.68840648504852,174.29938217199907,174.7256317138672,15910700,174.7256317138672
2018-08-29,174.7652555863518,175.25098030026587,173.2287458029654,174.3687286376953,18494100,174.3687286376953
2018-08-30,174.36876933386665,178.2249059445459,174.1705133762454,176.0936279296875,24216500,176.0936279296875
2018-08-31,175.60789335361738,176.0738031875716,173.45678513934126,174.20025634765625,18065200,174.20025634765625
2018-09-04,171.98967045259835,172.37627487047934,167.33058730414652,169.6700439453125,29809000,169.6700439453125
2018-09-05,168.01457428368036,169.6402972782341,165.2191154678236,165.72467041015625,31226700,165.72467041015625
2018-09-06,165.5264016622307,165.5264016622307,158.60716818541047,161.11514282226562,41514800,161.11514282226562
2018-09-07,158.91448146466843,163.19688265178635,158.7657932814878,161.62071228027344,24300600,161.62071228027344
2018-09-10,162.08661247615825,163.57355472361868,160.7483735290191,162.7507781982422,20197700,162.7507781982422
2018-09-11,162.51287846001128,165.73458668942166,162.29479238517447,164.49546813964844,20457100,164.49546813964844
2018-09-12,161.82887065557784,163.05808161156838,160.3914962691272,160.58975219726562,24078100,160.58975219726562
2018-09-13,160.58976562307177,161.89828208490528,159.45969009965148,159.95533752441406,25453800,159.95533752441406
2018-09-14,160.31219947956913,161.42244483751762,158.9442077878408,160.906982421875,21770400,160.906982421875
2018-09-17,160.51047576179135,160.64925644912427,158.37919767933,159.18214416503906,21005300,159.18214416503906
2018-09-18,158.0024895664645,160.35185358058038,157.48701199604824,158.90457153320312,22465200,158.90457153320312
2018-09-19,158.68647907291242,162.01723032504097,158.0916961212628,161.64053344726562,19629000,161.64053344726562
2018-09-20,163.0680108438316,165.0010328711957,163.03827320694597,164.5747833251953,18936000,164.5747833251953
2018-09-21,165.18936815138855,165.79405859644982,161.3927071767853,161.51165771484375,45994800,161.51165771484375
2018-09-24,159.62820142342736,164.25754635300876,159.47951325288895,163.97007751464844,19222800,163.97007751464844
2018-09-25,160.579877295948,164.1485301048222,159.7471780271793,163.47445678710938,27622800,163.47445678710938
2018-09-26,162.86976327620582,167.82623802517153,162.78055036095498,165.49668884277344,25252200,165.49668884277344
2018-09-27,166.09144511635068,170.2747103408988,165.75440851792655,167.37020874023438,27266900,167.37020874023438
2018-09-28,166.86465689793098,167.3206440392169,161.14488161871418,163.02835083007812,34265600,163.02835083007812
2018-10-01,161.61080028025717,164.43599668976157,159.85620413774518,161.02593994140625,26407700,161.02593994140625
2018-10-02,160.17342180932874,160.86732517104096,157.28875019925482,157.94300842285156,36031000,157.94300842285156
2018-10-03,158.60719743669617,162.23534070829126,158.141287584149,161.0160369873047,23109500,161.0160369873047
2018-10-04,160.05447377741564,160.05447377741564,155.98025132256063,157.46719360351562,25739600,157.46719360351562
2018-10-05,157.82407327832271,159.4993490128948,154.84026584295069,155.96043395996094,25744000,155.96043395996094
2018-10-08,154.1860129790727,156.9616419202774,153.04602981395192,155.88113403320312,24046000,155.88113403320312
2018-10-09,156.31727297250595,159.19202172332666,156.04961915229816,156.5254364013672,18844400,156.5254364013672
2018-10-10,155.4548877725954,156.31730957458828,149.99284269074408,150.06224060058594,30610000,150.06224060058594
2018-10-11,148.8231049644271,153.4623577358115,147.86154772210898,152.01507568359375,35338900,152.01507568359375
2018-10-12,155.36564977512566,155.5242605937799,149.98292557845363,152.4016876220703,25293500,152.4016876220703
2018-10-15,151.9853377997949,154.21575127301105,151.22203650924783,152.18359375,15433500,152.18359375
2018-10-16,154.04720023041824,158.0718696768923,153.66059587760898,157.3977813720703,19180100,157.3977813720703
2018-10-17,158.17102251162822,159.09293469642188,156.57503700974743,158.03224182128906,17592000,158.03224182128906
2018-10-18,157.13014074433553,157.27884404695308,151.94567293006756,153.57139587402344,21675100,153.57139587402344
2018-10-19,154.50322574740176,155.98026061313823,152.213336918493,152.708984375,19761300,152.708984375
2018-10-22,153.4128023118527,155.9703451195602,153.1154259251105,153.43263244628906,15424700,153.43263244628906
2018-10-23,149.90361745909107,153.42271741381617,149.536843182799,153.0460205078125,19095000,153.0460205078125
2018-10-24,152.9369669569993,153.3037412080965,144.33253499208868,144.76869201660156,27744600,144.76869201660156
2018-10-25,146.44400009056494,150.8850123985702,145.72035900560203,149.63597106933594,22105700,149.63597106933594
2018-10-26,144.5506327795137,147.70294337086048,142.54821280190168,144.1045379638672,31303300,144.1045379638672
2018-10-29,147.20727635601764,147.5344054519238,137.81971348202526,140.8530731201172,31336800,140.8530731201172
2018-10-30,138.72179810056574,145.36347030089044,138.5235421638017,144.94712829589844,50528300,144.94712829589844
2018-10-31,153.65070640888268,155.03851319057912,147.66329198875871,150.46864318847656,60101300,150.46864318847656
2018-11-01,150.20099202743262,151.42028039369788,148.04988413089902,150.42898559570312,25640800,150.42898559570312
2018-11-02,150.4785887592857,152.7883079970654,147.6633145009472,149.0412139892578,24708700,149.0412139892578
2018-11-05,148.7933482692828,148.88256116669925,146.15650059973072,147.3856964111328,15971200,147.3856964111328
2018-11-06,148.01021458355558,149.65576747522903,146.7116208997984,148.63473510742188,16667100,148.63473510742188
2018-11-07,150.25058250966376,151.67803452879494,148.5257238550179,150.21092224121094,21877400,150.21092224121094
2018-11-08,149.17996644756505,149.62604610195993,145.46261078434273,146.582763671875,24145800,146.582763671875
2018-11-09,145.47253139151496,146.4737338283187,142.81586823201502,143.6981201171875,17326900,143.6981201171875
2018-11-12,143.2222659943768,143.777388652633,139.2670094913224,140.31777954101562,18542100,140.31777954101562
2018-11-13,140.76388978036832,143.61882421622144,140.38719284064845,140.92250061035156,15141700,140.92250061035156
2018-11-14,142.44906103823376,144.3127001195929,140.31778324911562,142.96453857421875,22068400,142.96453857421875
2018-11-15,141.09100582748175,143.57915059692607,139.60406346804558,142.5977783203125,30320300,142.5977783203125
2018-11-16,139.84198661292328,140.5358900564823,136.5707102350472,138.3153839111328,37250600,138.3153839111328
2018-11-19,136.41210678416934,136.55088748038136,130.06782477738918,130.4048614501953,44362700,130.4048614501953
2018-11-20,125.92418951177702,132.99212696522133,125.74575612786026,131.2771759033203,41939500,131.2771759033203
2018-11-21,133.23003563116546,135.99575702053914,132.9623968845504,133.64639282226562,25469700,133.64639282226562
2018-11-23,132.48653604009556,133.32914262004758,130.11734221493376,130.583251953125,11886100,130.583251953125
2018-11-26,131.84219852760188,135.80737743068764,131.6241124778556,135.19277954101562,24263600,135.19277954101562
2018-11-27,134.56828503078884,135.4207992647516,132.54605005480934,133.82481384277344,20750300,133.82481384277344
2018-11-28,135.09367119656213,135.5992261630699,130.70224193837456,135.56948852539062,29847500,135.56948852539062
2018-11-29,134.73677975533016,138.77135662285056,134.47904856729994,137.47274780273438,24238700,137.47274780273438
2018-11-30,137.05640709084486,139.7428225266298,136.16424786361634,139.38595581054688,25732600,139.38595581054688
2018-12-03,141.75516267065694,142.42923590401517,139.53465677508606,139.86178588867188,24819200,139.86178588867188
2018-12-04,139.50492247762543,142.14177045558748,135.96600766590524,136.7292938232422,30307400,136.7292938232422
2018-12-06,132.65506971188452,138.4838725125762,132.50636642492378,138.41448974609375,28218100,138.41448974609375
2018-12-07,138.03781105661508,139.64370391046762,135.47036096593592,136.22373962402344,21195500,136.22373962402344
2018-12-10,138.3847750580367,141.80473946175877,137.79989956721752,140.6151885986328,26422200,140.6151885986328
2018-12-11,142.6275193234303,142.6275193234303,139.87172062898193,140.8431854248047,20300300,140.8431854248047
2018-12-12,141.83447428129028,145.9086968728815,141.26942893510338,143.2421112060547,23696900,143.2421112060547
2018-12-13,144.3028338804787,144.58039529631088,141.94354671994228,143.74769592285156,18148600,143.74769592285156
2018-12-14,142.0922051933876,144.7389607213662,141.26942862367775,142.80593872070312,21785800,142.80593872070312
2018-12-17,141.83447667724295,143.6584556703444,137.21503879444398,138.96963500976562,24334000,138.96963500976562
2018-12-18,139.85186627849436,144.6596367793827,138.61274783095237,142.40940856933594,24709100,142.40940856933594
2018-12-19,139.98077696885701,143.64856553179374,131.3465906559733,132.0801544189453,57404900,132.0801544189453
2018-12-20,129.56223074953317,134.3898468384208,128.8683273964364,132.2387237548828,40297900,132.2387237548828
2018-12-21,132.22882044679108,133.7256702363829,122.34560950669906,123.86228942871094,56901500,123.86228942871094
2018-12-24,122.02838417735094,128.6105883812805,121.94907878095904,122.98002624511719,22066000,122.98002624511719
2018-12-26,124.90314796409214,133.07142276835884,124.7941049282915,133.01193237304688,39723400,133.01193237304688
2018-12-27,131.28708871863012,133.81489354132347,128.54119782489917,133.34898376464844,31202500,133.34898376464844
2018-12-28,134.1618676151418,134.73682055573616,131.04920178224273,132.04049682617188,22627600,132.04049682617188
2018-12-31,133.27957290640487,133.46792132452754,128.81874663870548,129.94882202148438,24625300,129.94882202148438
2019-01-02,127.867135867288,136.31295760854468,127.44087119055204,134.49888610839844,28146200,134.49888610839844
2019-01-03,133.51751772787816,135.9759249408471,129.97858753588125,130.59320068359375,22717900,130.59320068359375
2019-01-04,132.8434110479297,136.79868275555486,132.5856798446048,136.74911499023438,29002100,136.74911499023438
2019-01-07,136.36251144124867,137.66110522026977,134.72688105755734,136.84825134277344,20089300,136.84825134277344
2019-01-08,138.672242933716,141.8939513581992,138.32528366838775,141.2892608642578,26263800,141.2892608642578
2019-01-09,141.70560054652648,143.44036659235024,140.04023240299622,142.97445678710938,22205900,142.97445678710938
2019-01-10,141.83448713202247,143.30159946279355,139.61398093807526,142.94473266601562,16125000,142.94473266601562
2019-01-11,141.90385178630427,144.09462006114,141.3289140839084,142.54820251464844,12908000,142.54820251464844
2019-01-14,140.76385525654737,145.29407954885505,140.0402143204262,144.1243438720703,20520300,144.1243438720703
2019-01-15,144.7389418282902,149.36828652209846,144.71912682386647,147.65335083007812,24069000,147.65335083007812
2019-01-16,147.7029275799057,148.34726315990443,145.72033794796064,146.25563049316406,18025700,146.25563049316406
2019-01-17,145.67076394964502,147.70292126063728,145.22468432673398,147.00901794433594,15787900,147.00901794433594
2019-01-18,148.4464178404582,151.10308102949585,147.25686693303894,148.73388671875,31029600,148.73388671875
2019-01-22,147.9011854169663,150.2109041829542,145.09581923662802,146.28538513183594,22378700,146.28538513183594
2019-01-23,146.98920313450117,147.50468070575025,141.81464266708224,143.04385375976562,20098400,143.04385375976562
2019-01-24,143.3809034439345,145.16523741000162,141.27936295387815,144.560546875,20955500,144.560546875
2019-01-25,146.19619509422847,148.52574459744997,145.26437529293986,147.71287536621094,22237200,147.71287536621094
2019-01-28,146.7612015918361,147.6632835111283,144.93722274747904,146.18624877929688,15508500,146.18624877929688
2019-01-29,146.80084285211072,146.81076548069362,142.18140546803033,142.93479919433594,17632100,142.93479919433594
2019-01-30,144.94714479455325,149.63596554324403,144.43166719952566,149.11058044433594,44613200,149.11058044433594
2019-01-31,164.15842964512674,170.18548889138478,163.56364669766086,165.2389373779297,77233600,165.2389373779297
2019-02-01,164.39634462521155,167.62797571991626,164.21791880145875,164.26748657226562,30806500,164.26748657226562
2019-02-04,164.25755728331245,167.82622487328953,162.19566213421007,167.7766571044922,20036000,167.7766571044922
2019-02-05,167.67753145426727,170.48289792287443,167.22154425674623,169.6700439453125,22557000,169.6700439453125
2019-02-06,169.7096855492788,170.96863432011753,167.79649363363717,169.00587463378906,13281200,169.00587463378906
2019-02-07,166.73580479734449,167.7667599987707,163.81148776857412,164.93165588378906,17517600,164.93165588378906
2019-02-08,163.03827846153243,165.91302771016467,162.78054722489733,165.87338256835938,12561400,165.87338256835938
2019-02-11,166.43840403876956,166.83493106571902,163.64296034708318,164.34677124023438,12811200,164.34677124023438
2019-02-12,165.4074659623436,166.8745781643805,163.06800941673683,163.60330200195312,16292300,163.60330200195312
2019-02-13,163.9403633711484,164.77304749739332,162.30471763106678,162.6417694091797,14205100,162.6417694091797
2019-02-14,161.7694179484916,163.43478612823927,160.83759831774523,162.52279663085938,12755200,162.52279663085938
2019-02-15,163.07790052577138,163.26624895610345,159.4596805911411,161.0854034423828,15504400,161.0854034423828
2019-02-19,159.10284691275353,162.72106759901422,158.9343285784909,160.87725830078125,14345400,160.87725830078125
2019-02-20,160.83756800092215,162.2947724465078,159.84627328288872,161.14486694335938,11770700,161.14486694335938
2019-02-21,160.5203667171822,160.82768082441467,158.2007404140604,158.64682006835938,15607800,158.64682006835938
2019-02-22,159.18213427165955,160.99620572431036,158.91448041773808,160.48072814941406,15858500,160.48072814941406
2019-02-25,161.65047090724298,164.6243556864197,161.48193745891135,163.1869659423828,18737100,163.1869659423828
2019-02-26,162.90939636367105,164.79286570447985,162.37410378581643,162.70123291015625,13784100,162.70123291015625
2019-02-27,161.4819436294445,162.50297623256728,159.0136288490233,161.39273071289062,12697500,161.39273071289062
2019-02-28,160.95656048607134,162.07672864976868,159.459710516976,160.04457092285156,11114200,160.04457092285156
2019-03-01,161.1845464371865,161.7099314903632,160.28246450589862,160.86732482910156,11097800,160.86732482910156
2019-03-04,162.4732153985315,166.0418828108191,162.40383262643738,165.9130096435547,18894700,165.9130096435547
2019-03-05,165.91299852445002,170.383747556052,165.10014468976811,169.76913452148438,28187900,169.76913452148438
2019-03-06,171.3949052392709,172.05908622255265,169.77910462034345,171.00830078125,21531700,171.00830078125
2019-03-07,170.00707896641893,170.24499519282546,166.15094232842895,167.65771484375,18306500,167.65771484375
2019-03-08,164.75319990787847,168.14342645636808,164.52520632922034,168.1236114501953,13184800,168.1236114501953
2019-03-11,170.10621846208326,172.7827117860263,170.08638832793187,170.57212829589844,18884000,170.57212829589844
2019-03-12,170.5919191804617,172.28703995062727,169.72949754133722,170.42340087890625,12155300,170.42340087890625
2019-03-13,170.8199616768411,172.51506765646533,170.62169057605306,171.86080932617188,11973300,171.86080932617188
2019-03-14,168.282209886595,169.66010913612425,166.69614718712864,168.6886444091797,18037400,168.6886444091797
2019-03-15,165.70484623018143,166.1211882406944,161.09531622801035,164.5351104736328,37135400,164.5351104736328
2019-03-18,162.14612531215909,162.4732393410278,157.89346142533574,159.07310485839844,37524200,159.07310485839844
2019-03-19,160.0742851530314,162.39392655443643,159.42004205997952,160.16351318359375,25611500,160.16351318359375
2019-03-20,160.0940980011946,164.6738747879194,159.83636681817808,163.9998016357422,20211500,163.9998016357422
2019-03-21,163.4546035608646,164.9415458026552,162.3245280621421,164.63424682617188,16223000,164.63424682617188
2019-03-22,164.20800253461144,165.96259883263585,162.66158483165862,162.90940856933594,16389200,162.90940856933594
2019-03-25,161.5810539585268,165.09023092895288,160.5897591489653,164.8424072265625,12631200,164.8424072265625
2019-03-26,165.8931924201928,167.97490244456756,164.90189761069288,166.22030639648438,15437900,166.22030639648438
2019-03-27,166.3888458515842,167.4693536028453,163.3554709188399,164.4260711669922,10620300,164.4260711669922
2019-03-28,163.13739153814683,165.26866929524382,161.90818054802259,164.10885620117188,10443000,164.10885620117188
2019-03-29,164.94154590419674,165.734584792165,163.37529826009805,165.2389373779297,13455500,165.2389373779297
2019-04-01,166.36903877657028,167.42971654265463,165.8238235108442,167.23146057128906,10381500,167.23146057128906
2019-04-02,168.6589084826218,173.3774666158427,168.0740481398785,172.68356323242188,23946500,172.68356323242188
2019-04-03,172.98094656020862,176.41083330215372,171.44443655984026,172.029296875,27391100,172.029296875
2019-04-04,174.4877166748047,176.4504761631489,174.00197677260604,174.4877166748047,17847700,174.4877166748047
2019-04-05,175.34022847031102,175.4591790056014,173.57572494236527,174.19032287597656,9594100,174.19032287597656
2019-04-08,173.68478779432664,173.97225666273442,172.7133078920715,173.40721130371094,7297400,173.40721130371094
2019-04-09,174.09120452139553,177.63013455501002,174.0218217442837,176.03414916992188,19751000,176.03414916992188
2019-04-10,176.62891584767104,177.23360633426717,175.00319283671809,176.27206420898438,11701500,176.27206420898438
2019-04-11,176.68839304318382,176.84698871765096,175.4591820288233,175.96473693847656,8071000,175.96473693847656
2019-04-12,176.4504936230873,178.06630916342613,176.4009258524956,177.54092407226562,12329800,177.54092407226562
2019-04-15,176.94612237336904,178.92871197979335,175.33030700382656,178.0861053466797,10834800,178.0861053466797
2019-04-16,177.4417698933258,178.6015829987426,176.74786655580616,177.31289672851562,11215200,177.31289672851562
2019-04-17,178.0365628932567,179.166638428535,176.80735182160203,177.22369384765625,9973700,177.22369384765625
2019-04-18,177.24352015384164,177.32282555603885,175.79622303417014,176.72804260253906,11655600,176.72804260253906
2019-04-22,176.69831676064928,180.0885435195673,176.69831676064928,179.8605499267578,13389900,179.8605499267578
2019-04-23,181.14922056670716,182.61633266272705,179.9001794148618,182.18016052246094,19954800,182.18016052246094
2019-04-24,182.88400806018296,183.52834371774856,180.0687189481805,180.99063110351562,37289900,180.99063110351562
2019-04-25,195.26528586530097,196.7522283729203,190.4475915355759,191.57766723632812,54148800,191.57766723632812
2019-04-26,190.82426145000804,191.22077334549448,187.4439423312348,189.82305908203125,22075000,189.82305908203125
2019-04-29,189.2877654509235,193.70894753134465,188.9903739442293,193.0844268798828,19641300,193.0844268798828
2019-04-30,192.49954679695807,195.67168724983304,190.6061700282569,191.71641540527344,23494700,191.71641540527344
2019-05-01,193.08443663994132,194.4722435733849,191.32984027511816,191.34967041015625,15996600,191.34967041015625
2019-05-02,191.31989841845302,192.31119322891132,188.09819028446353,190.85398864746094,13209500,190.85398864746094
2019-05-03,192.68789436252177,194.45239795411985,192.02372863992778,193.76840209960938,14575400,193.76840209960938
2019-05-06,189.5752277508168,192.5887573629574,188.89123190151273,192.19224548339844,13994900,192.19224548339844
2019-05-07,190.86388707837614,191.22075379821743,186.21472734410835,188.11801147460938,16253000,188.11801147460938
2019-05-08,187.74134172164767,189.05976576230006,186.90865763048612,187.89002990722656,12505700,187.89002990722656
2019-05-09,185.57039222153955,188.1180272372568,184.63857264576686,187.0077667236328,12967000,187.0077667236328
2019-05-10,186.61127231518952,188.3460384588898,182.98312920727724,186.7004852294922,12578500,186.7004852294922
2019-05-13,181.9026156964481,183.81580760925243,179.26576760980052,179.9596710205078,16833300,179.9596710205078
2019-05-14,180.93116477372462,181.89272211859387,176.5496427581366,179.15673828125,17628100,179.15673828125
2019-05-15,178.84941753091877,185.6497009023566,178.45290563573982,184.64849853515625,16746900,184.64849853515625
2019-05-16,183.4391290758097,186.93839895440448,183.4391290758097,185.36224365234375,12953100,185.36224365234375
2019-05-17,183.23093314658834,185.9470864320573,182.67581046073104,183.6869354248047,10485400,183.6869354248047
2019-05-20,180.29669530651955,182.62622891070967,179.79112529965988,181.12937927246094,10352000,181.12937927246094
2019-05-21,182.96331213224315,184.08346511529646,182.28922371566398,183.2111358642578,7502800,183.2111358642578
2019-05-22,183.12188117363468,185.1143933696589,182.0116358561002,183.70675659179688,9213800,183.70675659179688
2019-05-23,180.83201181191941,182.29912401217322,178.10595086753645,179.29550170898438,12768800,179.29550170898438
2019-05-24,180.742789621871,182.03147593642154,179.2558473649186,179.4838409423828,8807700,179.4838409423828
2019-05-28,179.9596451517736,183.10206287061908,179.87043225306962,182.70553588867188,14843300,182.70553588867188
2019-05-29,181.9026284245801,182.95339868088442,179.77135027271464,180.60403442382812,12797700,180.60403442382812
2019-05-30,181.48628328371103,181.8827952177458,179.31534489886306,181.41688537597656,8581500,181.41688537597656
2019-05-31,178.71064615567346,178.968377388357,175.61781085963088,175.92510986328125,15226500,175.92510986328125
2019-06-03,173.47660994406445,173.52617771495474,159.60838865233333,162.72105407714844,56059600,162.72105407714844
2019-06-04,162.28488459513008,166.81509413959097,159.43985812423,166.04188537597656,46044300,166.04188537597656
2019-06-05,166.02204361818937,167.25125457665985,163.1968626031123,166.70603942871094,19758300,166.70603942871094
2019-06-06,166.83491690726305,168.22272356891128,165.77422421689334,166.86465454101562,12446400,166.86465454101562
2019-06-07,168.68866230633674,172.35645065006608,167.37023818833885,171.8409881591797,16917300,171.8409881591797
2019-06-10,173.22877409748656,176.31170166929564,172.28704702028858,173.2981719970703,14767900,173.2981719970703
2019-06-11,176.92628805389447,178.4132302235143,175.25099745596955,176.5496063232422,15266600,176.5496063232422
2019-06-12,176.82717148339296,177.70942325144773,171.37505007663788,173.5162353515625,17699800,173.5162353515625
2019-06-13,174.001995307064,176.48023259580583,173.0900057999222,175.92510986328125,12253600,175.92510986328125
2019-06-14,178.9386263311227,180.2570502849708,178.43307140748,179.75149536132812,16773700,179.75149536132812
2019-06-17,183.3994448378117,187.85036391902162,182.80467703554277,187.3646240234375,29459900,187.3646240234375
2019-06-18,192.31118942774077,192.83657445682238,185.64968722305372,186.82933044433594,37571400,186.82933044433594
2019-06-19,185.37217455410484,186.4626051606903,182.94350470412317,185.84799194335938,21417100,185.84799194335938
2019-06-20,189.2877639392114,189.4959425300229,186.00658013966265,187.880126953125,14635700,187.880126953125
2019-06-21,187.10691055343167,190.3286189470669,187.10691055343167,189.47610473632812,22751200,189.47610473632812
2019-06-24,190.74495993412827,192.2913775343927,189.9023683575532,190.92340087890625,15509000,190.92340087890625
2019-06-25,191.200960995286,191.458692218337,186.4923103226598,187.1961212158203,16750300,187.1961212158203
2019-06-26,187.89003717436265,189.09941821704652,185.67945368281707,186.0264129638672,12808600,186.0264129638672
2019-06-27,188.22711506239224,197.14877080285336,186.63112937489348,187.8504180908203,11159000,187.8504180908203
2019-06-28,188.8912462907689,191.5181717263665,188.28655579650456,191.31991577148438,16378900,191.31991577148438
2019-07-01,193.51068415672523,193.58006693425207,190.25922296762738,191.31991577148438,14181800,191.31991577148438
2019-07-02,191.31991569323418,193.30250549316406,191.03244682766663,193.30250549316406,9050000,193.30250549316406
2019-07-03,192.4698077753127,195.68159334310286,192.4698077753127,195.48333740234375,10246100,195.48333740234375
2019-07-05,194.47223677606365,195.35450380586803,192.47973936427107,194.69032287597656,11164100,194.69032287597656
2019-07-08,193.49084747695187,194.96786714791654,191.9543374081715,194.05587768554688,9723900,194.05587768554688
2019-07-09,193.2727648400982,197.72368431682693,193.19345943422346,197.47586059570312,14698600,197.47586059570312
2019-07-10,198.25899418437882,201.1932339537304,197.9318650288593,200.96522521972656,20571700,200.96522521972656
2019-07-11,201.49059895148787,202.02590667605622,198.467161561897,199.478271484375,13678500,199.478271484375
2019-07-12,197.94175549280985,203.5128430354404,197.4262930429974,203.08657836914062,15366300,203.08657836914062
2019-07-15,202.47197008541062,203.5425703225195,200.06313089638468,202.1349334716797,16030300,202.1349334716797
2019-07-16,202.11511952873352,203.68136730888554,201.33200320163752,202.0655517578125,12132700,202.0655517578125
2019-07-17,202.40256047007514,202.58100139557666,199.83511062581152,200.0432891845703,12083700,200.0432891845703
2019-07-18,198.40767539491912,200.70748690695692,197.6443891848717,199.03219604492188,11937900,199.03219604492188
2019-07-19,200.41999361955826,200.56869692864873,196.34578614217662,196.6332550048828,12098300,196.6332550048828
2019-07-22,198.16976776685834,200.80661584010522,197.0793373227458,200.5587921142578,13589000,200.5587921142578
2019-07-23,201.07425175994294,202.46207368084626,199.21062765329847,200.5984344482422,14583700,200.5984344482422
2019-07-24,195.90960129358152,203.02709088347058,195.50316678471034,202.87840270996094,32532500,202.87840270996094
2019-07-25,204.90064563487275,206.84359022630701,196.53411455148293,198.96279907226562,39889900,198.96279907226562
2019-07-26,198.44731105393143,201.11389652131422,194.54160707017806,198.01113891601562,24434000,198.01113891601562
2019-07-29,197.26768926146963,197.89220990195136,193.5999010792876,194.2343292236328,16530800,194.2343292236328
2019-07-30,193.6891221694407,196.9802287062787,191.81557529485497,195.3247528076172,11903600,195.3247528076172
2019-07-31,195.23553857855745,197.0297800289434,191.00270488074463,192.53921508789062,14593500,192.53921508789062
2019-08-01,192.47971305224087,196.74228379607928,189.21835975548873,191.05224609375,17777000,191.05224609375
2019-08-02,189.4364680327754,190.94322544251955,186.43284559132607,187.37457275390625,15297000,187.37457275390625
2019-08-05,183.08224968810975,184.0537144133837,177.7788161490501,180.14801025390625,23086700,180.14801025390625
2019-08-06,182.09095467662416,184.17266480045308,181.496171712125,182.90380859375,18035700,182.90380859375
2019-08-07,182.00172845167083,184.7476041135495,179.64244202468092,183.53822326660156,15833200,183.53822326660156
2019-08-08,184.9954612885677,188.68307976367197,182.44784109731447,188.50465393066406,14828900,188.50465393066406
2019-08-09,188.34604560594815,189.317510448015,185.4911112322452,186.2147674560547,11058800,186.2147674560547
2019-08-12,185.22345975312427,185.95700830499604,182.85426552621433,183.75633239746094,10930900,183.75633239746094
2019-08-13,183.90500763965017,189.7139955234168,183.75630435045628,186.8094940185547,13577000,186.8094940185547
2019-08-14,184.18259698527254,184.37094543800103,177.74908758513192,178.14561462402344,18903700,178.14561462402344
2019-08-15,179.37481100961836,181.6052245579926,178.46282150717607,181.0005340576172,12925900,181.0005340576172
2019-08-16,182.1504131003642,183.48866708372955,180.77251398181335,182.10084533691406,12654600,182.10084533691406
2019-08-19,184.39076662053793,185.86780152869838,183.24087598414363,184.54937744140625,9691200,184.54937744140625
2019-08-20,183.8356228151167,184.38083799567198,180.8022630617929,182.20989990234375,10083400,182.20989990234375
2019-08-21,183.38953813213305,184.28169740239255,181.54572919776624,181.95216369628906,8398200,181.95216369628906
2019-08-22,181.83316011104571,182.50724830044044,178.34381403096694,180.45526123046875,10821400,180.45526123046875
2019-08-23,179.26574930151776,181.5358228805133,175.12214426793494,176.20265197753906,17323400,176.20265197753906
2019-08-26,177.83828257947536,178.9287129191165,176.68839209744098,178.78993225097656,8773600,178.78993225097656
2019-08-27,180.34626143965681,182.4378941392219,179.43427200976495,179.7217559814453,14399600,179.7217559814453
2019-08-28,178.9584460267569,180.36608280398838,177.36246082053702,180.177734375,9386100,180.177734375
2019-08-29,182.1702712258315,184.46016006512284,181.8728797253869,183.95460510253906,10128700,183.95460510253906
2019-08-30,185.15406416381285,185.17389429750483,181.86297289106756,184.05372619628906,10774500,184.05372619628906
2019-09-03,182.39826200894478,184.05372268054123,180.5247152487826,180.80227661132812,9779400,180.80227661132812
2019-09-04,183.04261062484505,186.1156310900315,182.28923189107817,185.5109405517578,11308000,185.5109405517578
2019-09-05,186.88881056344226,189.6941767095341,186.30395025187858,189.23817443847656,13876700,189.23817443847656
2019-09-06,188.5542028808882,188.5542028808882,184.72780409788703,185.85787963867188,15226800,185.85787963867188
2019-09-09,186.09580391997025,187.33492265535642,184.232179627603,187.11683654785156,14722400,187.11683654785156
2019-09-10,185.80832625236286,186.4625845439744,182.94348447650563,184.54937744140625,15455900,184.54937744140625
2019-09-11,184.83685468140106,187.79090926366644,184.46015777711304,186.84918212890625,11761700,186.84918212890625
2019-09-12,188.20720634775392,189.26788377744631,185.60009652955188,185.8380126953125,11419800,185.8380126953125
2019-09-13,185.69925124393947,186.33367929226395,184.91611990440845,185.5604705810547,11441100,185.5604705810547
2019-09-16,185.3027335816854,186.15524773256575,184.15284308534797,184.5989227294922,8444800,184.5989227294922
2019-09-17,185.03512720589518,186.68068052612696,183.9248665269878,186.44276428222656,9671100,186.44276428222656
2019-09-18,186.45267526617613,187.43406277387243,184.39077982511293,186.5022430419922,9681900,186.5022430419922
2019-09-19,187.0177052428198,189.4364672937098,186.51213514758413,188.4848175048828,10392700,188.4848175048828
2019-09-20,189.00028272958482,191.41904462211022,186.48238530010315,188.27662658691406,19934200,188.27662658691406
2019-09-23,187.69179337675325,188.44518726422032,183.59775527517326,185.19374084472656,13327600,185.19374084472656
2019-09-24,186.3436074918448,186.40308276455025,178.81968297541698,179.70193481445312,18546600,179.70193481445312
2019-09-25,179.87045555900784,181.8233077110018,176.321618022033,181.20870971679688,18068300,181.20870971679688
2019-09-26,179.75149517282722,179.8208779461365,176.12335242778306,178.5421142578125,16083300,178.5421142578125
2019-09-27,178.91882348545542,179.18646222006666,174.1308672621529,175.55833435058594,14656200,175.55833435058594
2019-09-30,176.3216065865108,177.11464547576873,175.31049675051665,176.52978515625,10740000,176.52978515625
2019-10-01,177.5904621056924,178.27445795608688,173.35764408749932,174.279541015625,17073000,174.279541015625
2019-10-02,173.3179944761418,174.9932852559371,171.5832284232583,173.08009338378906,16151700,173.08009338378906
2019-10-03,174.0416354160809,178.27445332430023,172.1185210826058,177.81846618652344,16086300,177.81846618652344
2019-10-04,177.98700626999957,179.40455074799638,176.54963165829395,178.87916564941406,10430200,178.87916564941406
2019-10-07,178.433051041195,179.6027715597834,176.5396744804726,178.11582946777344,9178300,178.11582946777344
2019-10-08,176.70820688385956,178.79983953206306,176.17291434340012,176.20265197753906,9466900,176.20265197753906
2019-10-09,177.60036701083405,179.14678436559575,176.39098623319586,178.28436279296875,7556900,178.28436279296875
2019-10-10,178.75031359741428,180.029077434309,177.6103153232604,178.46282958984375,8605000,178.46282958984375
2019-10-11,180.56435883307805,184.86659016737028,180.55445132948677,182.58660888671875,14930500,182.58660888671875
2019-10-14,182.5964986759369,183.01284067577564,180.98069844164908,181.68450927734375,7006000,181.68450927734375
2019-10-15,182.19999465624394,188.7227165199571,182.06121398365255,187.2456817626953,15039100,187.2456817626953
2019-10-16,186.680644489377,188.0486210313374,185.27299255881692,187.89993286132812,10516900,187.89993286132812
2019-10-17,188.64343783881,189.1787304729266,187.12675772852518,188.73265075683594,9603000,188.73265075683594
2019-10-18,188.5740394528963,189.82308080594515,182.31897056109966,184.232177734375,16874200,184.232177734375
2019-10-21,185.41181535227682,188.25684236783937,185.12434644962562,188.10813903808594,8122600,188.10813903808594
2019-10-22,188.34602304935783,188.99035865677462,179.92001675504446,180.75270080566406,19537600,180.75270080566406
2019-10-23,180.42555086397425,184.75751917979792,180.41564336188145,184.52951049804688,12300400,184.52951049804688
2019-10-24,183.01286435066095,185.10449724902045,181.20871545130507,184.75755310058594,11413500,184.75755310058594
2019-10-25,184.21232949714437,187.35473245387462,183.47876584007477,186.25439453125,8061200,186.25439453125
2019-10-28,185.57040542859633,187.88012440021436,183.46886504496106,187.75125122070312,13657900,187.75125122070312
2019-10-29,190.02131975799415,190.85400383481056,186.82934900423825,187.6620330810547,13574900,187.6620330810547
2019-10-30,187.90987636872714,188.7921283070634,184.36103848026198,186.6112823486328,28734600,186.6112823486328
2019-10-31,194.9876854763928,196.3655846528349,186.6112473839516,189.9816436767578,42286500,189.9816436767578
2019-11-01,191.17125350882932,192.4202798073132,188.25684368640512,191.93453979492188,21711800,191.93453979492188
2019-11-04,192.85641455328835,195.6518581424761,192.1228509247985,193.02493286132812,16371300,193.02493286132812
2019-11-05,193.66929611840797,194.04599305250838,191.91471488801213,192.62844848632812,9942000,192.62844848632812
2019-11-06,192.34092945973836,192.67796606260498,189.6842666475544,189.8825225830078,10973000,189.8825225830078
2019-11-07,190.23942511682074,191.7561052410906,187.82066292163034,188.76239013671875,13473000,188.76239013671875
2019-11-08,188.346057253242,190.66568401234056,188.04866571659716,189.17874145507812,10760800,189.17874145507812
2019-11-11,188.27660281378556,188.4253061004437,186.89870372944776,187.9593963623047,8631200,187.9593963623047
2019-11-12,188.34599576642557,193.36194460194676,188.08826458598443,192.77708435058594,17615500,192.77708435058594
2019-11-13,193.00510478704902,193.99639963970563,191.06217534637915,191.5082550048828,10860700,191.5082550048828
2019-11-14,191.25048084858682,192.34091107830895,189.783368915289,191.46856689453125,9040500,191.46856689453125
2019-11-15,192.56895782359803,193.59991307576755,191.69662852479425,193.4016571044922,11524300,193.4016571044922
2019-11-18,192.86633617996145,196.9009137431693,191.36948630414045,195.68161010742188,16167200,195.68161010742188
2019-11-19,195.68163067286173,198.2590037722861,195.14633801809967,197.58493041992188,19056800,197.58493041992188
2019-11-20,196.8513268715214,197.8525291928546,193.72873911769227,195.79063415527344,12355400,195.79063415527344
2019-11-21,195.70141531808585,197.3568757996604,195.14629265671454,196.20697021484375,12131000,196.20697021484375
2019-11-22,196.65310695461915,197.56509653957016,195.89971307394907,197.0892791748047,9959800,197.0892791748047
2019-11-25,197.78315778311097,199.22053232730747,197.51550393147346,198.05079650878906,15272300,198.05079650878906
2019-11-26,198.25897808369487,198.4076662668738,196.31603344305245,197.23794555664062,11735500,197.23794555664062
2019-11-27,198.1598366315011,201.3716374259675,197.68401933356654,200.24156188964844,12736600,200.24156188964844
2019-11-29,199.8450747047195,202.02592064301706,199.45847026623022,199.8847198486328,7985200,199.8847198486328
2019-12-02,200.3704481627684,200.420000808283,196.3259630509845,197.9615936279297,11503400,197.9615936279297
2019-12-03,195.87989806463978,197.1983071038898,193.38183042918882,197.0892791748047,11595300,197.0892791748047
2019-12-04,198.25898842932156,198.28872606750912,196.32596631732775,196.980224609375,8456300,196.980224609375
2019-12-05,198.12017436511053,199.5377186331052,196.4845440365078,197.62452697753906,9740400,197.62452697753906
2019-12-06,198.75463522235444,199.81532806729382,198.31846302914425,199.2998504638672,12270600,199.2998504638672
2019-12-09,198.90331489241436,201.3716446295494,198.46715784384807,199.58731079101562,11954800,199.58731079101562
2019-12-10,199.90454567511955,200.29115010527653,198.407680601825,199.1214141845703,9475700,199.1214141845703
2019-12-11,198.53655356709888,200.8661027756935,198.53655356709888,200.4993133544922,8036800,200.4993133544922
2019-12-12,200.58853487278247,201.88712880922554,192.41035171100938,195.0372772216797,23734800,195.0372772216797
2019-12-13,194.69028540262767,195.08681238340188,191.4884075534089,192.42022705078125,18798000,192.42022705078125
2019-12-16,193.57015711535357,197.38663336055586,193.114154811215,196.19708251953125,14911500,196.19708251953125
2019-12-17,197.10905877067222,197.2676695724178,194.42265827366506,196.66297912597656,10175700,196.66297912597656
2019-12-18,198.34818884451172,202.52154694337764,198.34818884451172,200.73721313476562,23274400,200.73721313476562
2019-12-19,201.01475908786588,204.5041210322217,200.7471052555937,204.26620483398438,16514600,204.26620483398438
2019-12-20,205.67385582041007,205.90186453167533,201.6591085633621,204.50413513183594,27306900,204.50413513183594
2019-12-23,204.90062460705698,206.77417110518726,203.88949971293593,204.38514709472656,13348900,204.38514709472656
2019-12-24,204.50413215983875,204.98985695947684,203.21544581969275,203.3343963623047,6046300,203.3343963623047
2019-12-26,203.78049468916097,206.0109081576368,203.52274834107865,205.9811553955078,9350700,205.9811553955078
2019-12-27,206.85349761464175,207.11122883413438,204.79160248082297,206.28846740722656,10284200,206.28846740722656
2019-12-30,206.05051790492615,206.09016303768948,202.12498421925616,202.63055419921875,10524300,202.63055419921875
2019-12-31,202.22413834119976,203.77055580247915,201.82762647326695,203.4632568359375,8953500,203.4632568359375
2020-01-02,204.95021983697868,207.96374966670473,204.47440252196083,207.95384216308594,12077100,207.95384216308594
2020-01-03,205.40621831494474,208.56843626979165,205.1484719660643,206.85350036621094,11188400,206.85350036621094
2020-01-06,204.9006640479928,210.927739185822,204.72223821666302,210.7493133544922,17058900,210.7493133544922
2020-01-07,210.96736016633307,212.71203351581175,209.90666750220223,211.20526123046875,14912400,211.20526123046875
2020-01-08,211.14580552041744,214.35760631734092,210.7592011294325,213.3464813232422,13475000,213.3464813232422
2020-01-09,215.64629488466662,216.47899413112594,214.39726870391826,216.39968872070312,12642800,216.39968872070312
2020-01-10,217.29181863884628,217.96590697301042,215.5273150927095,216.1617431640625,12119400,216.1617431640625
2020-01-13,217.68833721292663,220.03770097396455,217.30173285825006,219.9782257080078,14463400,219.9782257080078
2020-01-14,219.68083509001343,220.44413629993724,216.72678090388717,217.1530303955078,13288900,217.1530303955078
2020-01-15,218.6895609435289,219.7502385844087,218.22365114653817,219.224853515625,10036500,219.224853515625
2020-01-16,220.6325164962698,220.69199177101737,218.4714857160289,219.8394775390625,10015300,219.8394775390625
2020-01-17,220.0971947542229,220.35492597036807,218.61025247639355,220.20623779296875,15905900,220.20623779296875
2020-01-21,220.22609320450323,220.43425667675686,217.21254803831434,219.51235961914062,14275800,219.51235961914062
2020-01-22,220.37475907681832,220.81093123768824,219.35372657567254,219.3933868408203,12212800,219.3933868408203
2020-01-23,218.82835703609265,219.56192073379037,217.36124476665748,217.8469696044922,11195000,217.8469696044922
2020-01-24,218.87793568264115,219.84940053253646,214.2287597834863,216.04283142089844,11905800,216.04283142089844
2020-01-27,211.24494592278575,214.17917031016634,210.6501629417429,212.99952697753906,13810700,212.99952697753906
2020-01-28,214.25847351180462,216.83584623519565,211.66128578161968,215.89410400390625,13413800,215.89410400390625
2020-01-29,219.51234719018524,222.2483156951887,216.5483699652949,221.28675842285156,33181300,221.28675842285156
2020-01-30,204.7321393985765,209.58947847472322,202.96763564432172,207.70602416992188,48775500,207.70602416992188
2020-01-31,206.61559093454187,206.8733372918856,199.30975228448216,200.15235900878906,31359900,200.15235900878906
2020-02-03,201.66905013841216,203.35424855404304,200.7372304509798,202.4125213623047,15495600,202.4125213623047
2020-02-04,204.82136959821392,208.7667346185418,203.41373250275578,208.00343322753906,19628900,208.00343322753906
2020-02-05,210.66004622291484,210.87813228249038,206.89313819597234,208.28094482421875,12538200,208.28094482421875
2020-02-06,208.6378142504393,209.35154770448926,207.517646305008,209.01451110839844,10567500,209.01451110839844
2020-02-07,208.46933139342443,210.9673989072856,208.10254197559698,210.48165893554688,12242500,210.48165893554688
2020-02-10,209.6786739404196,211.93882480545525,208.82615983336527,211.20526123046875,11856400,211.20526123046875
2020-02-11,208.36026761626928,209.0244333528046,204.71229469095942,205.38638305664062,25030800,205.38638305664062
2020-02-12,206.04065155669,209.38131053815937,205.59455674975018,208.92530822753906,13813700,208.92530822753906
2020-02-13,207.69609402344153,212.46421966686736,207.3590422903707,211.28457641601562,15396600,211.28457641601562
2020-02-14,212.1370954297724,213.05899236907703,210.79884134747206,212.31552124023438,10741700,212.31552124023438
2020-02-18,211.6910190874841,216.0824480300486,211.54231578381527,215.90402221679688,15609200,215.90402221679688
2020-02-19,216.09238818984397,216.41951733330308,214.22874887291087,215.59674072265625,12135100,215.59674072265625
2020-02-20,214.6351966202389,216.86561035969106,211.09626622651342,212.7120819091797,13109200,212.7120819091797
2020-02-21,211.62163328593365,212.3750270986265,207.0121180018901,208.35035705566406,14092300,208.35035705566406
2020-02-24,200.04330227154202,201.87718865486534,196.4448971524232,198.9727020263672,23080100,198.9727020263672
2020-02-25,200.4893587454681,201.72847715551424,194.24419893364404,195.05706787109375,21433500,195.05706787109375
2020-02-26,195.47342989939133,199.45843935027182,193.7882317140009,195.48333740234375,16524500,195.48333740234375
2020-02-27,190.15016240072933,194.1748165850465,187.85035136628684,188.09817504882812,21682600,188.09817504882812
2020-02-28,181.1095555314714,191.0621637168897,180.2372263998823,190.7945098876953,32568900,190.7945098876953
2020-03-02,192.34097110427834,194.85886892016788,187.20607017225234,194.72999572753906,24949000,194.72999572753906
2020-03-03,194.51188274461072,195.5230077584199,182.36852045331503,184.2718048095703,27984100,184.2718048095703
2020-03-04,187.52324816700101,190.1600961433349,184.76744964693935,190.0906982421875,23062500,190.0906982421875
2020-03-05,185.15404495490924,187.34481315880845,182.28920353501553,183.5580596923828,19333400,183.5580596923828
2020-03-06,176.77762701445522,182.18018136792298,174.72563924503544,179.5135955810547,24559600,179.5135955810547
2020-03-09,168.12362589966506,173.47661246240665,163.75201163538196,168.0244903564453,29949000,168.0244903564453
2020-03-10,173.14949241413558,176.73797540293373,168.02449918050053,176.63885498046875,24517800,176.63885498046875
2020-03-11,172.49521209053785,174.34894375307698,166.2004988435292,168.75804138183594,20373900,168.75804138183594
2020-03-12,158.15120910071093,165.14976501347877,152.9964777525055,153.12535095214844,43266300,153.12535095214844
2020-03-13,162.1064728706814,169.30326924656868,156.22810068211894,168.79771423339844,35028600,168.79771423339844
2020-03-16,150.99405163604348,157.7447677177131,141.8543111327493,144.7389678955078,39120400,144.7389678955078
2020-03-17,149.42780983914605,152.59995073103067,138.78129637211103,148.11929321289062,34255600,148.11929321289062
2020-03-18,138.53345221468916,146.8900603543709,135.9065269708406,145.68069458007812,37553100,145.68069458007812
2020-03-19,145.34367202253395,158.53780641212242,143.53952293884313,151.79701232910156,39862300,151.79701232910156
2020-03-20,154.66185962784465,157.8835685755813,146.71166900462208,148.42660522460938,32568400,148.42660522460938
2020-03-23,148.35720874770473,150.98413436617852,141.0117093943652,146.810791015625,29830800,146.810791015625
2020-03-24,153.8588832945832,159.90577292075932,151.24186544509297,159.57864379882812,30440400,159.57864379882812
2020-03-25,157.53659002543301,161.5711676910729,151.72760107288883,154.85018920898438,35184300,154.85018920898438
2020-03-26,156.8724186451682,162.57236434633546,155.65313014783945,161.91810607910156,26556800,161.91810607910156
2020-03-27,156.822854600928,158.69640141000696,153.4028901241598,155.4251251220703,24879900,155.4251251220703
2020-03-30,157.79431561478617,165.2984253012151,156.68407016221562,164.50538635253906,22515200,164.50538635253906
2020-03-31,164.03946028004327,169.44201394815866,162.7706041382974,165.3479766845703,23676300,165.3479766845703
2020-04-01,160.21308298396346,162.72105796616114,156.66424529203292,158.21067810058594,19507600,158.21067810058594
2020-04-02,157.71500914670497,159.9454224525926,154.56268380888545,156.81292724609375,20886300,156.81292724609375
2020-04-03,155.78197644426734,156.53537019548818,149.51700098576845,152.83782958984375,25983300,152.83782958984375
2020-04-06,158.7558552370419,164.75319176700359,157.13013237963017,164.10885620117188,28453600,164.10885620117188
2020-04-07,170.29456102683633,171.8806390737958,164.56487714928613,167.36033630371094,31411900,167.36033630371094
2020-04-08,169.75925600357357,173.47661197445476,166.27981626017447,172.76287841796875,21664200,172.76287841796875
2020-04-09,174.36874306338953,175.53847875125393,170.07645004300642,173.66493225097656,23534300,173.66493225097656
2020-04-13,172.15818714577597,173.4766112060572,167.97492136833023,173.2684326171875,19355400,173.2684326171875
2020-04-14,177.42194971191222,179.65236314571018,175.08249323853468,176.61900329589844,21011800,176.61900329589844
2020-04-15,173.6649549167508,176.6388395990374,171.31559085805145,175.42945861816406,17423000,175.42945861816406
2020-04-16,176.40092708998696,176.50006263186586,171.00828033251065,174.71572875976562,23593200,174.71572875976562
2020-04-17,177.64004249237715,178.71064279610266,175.1221601097714,177.67970275878906,20974800,177.67970275878906
2020-04-20,175.8656540998726,178.92875209836166,175.23122588860662,176.6884307861328,16110700,176.6884307861328
2020-04-21,173.72441499563723,173.853288160905,166.87456424632103,169.3131561279297,24850500,169.3131561279297
2020-04-22,176.89656099734918,183.17145914344033,176.5892620174074,180.69322204589844,33242000,180.69322204589844
2020-04-23,182.47753958583002,185.42168620648368,181.5556276018686,183.51840209960938,21426600,183.51840209960938
2020-04-24,181.63495222175106,188.7524571530218,179.25585061783767,188.41542053222656,28792000,188.41542053222656
2020-04-27,190.98288327866794,192.06339111328126,185.77858493882417,185.8677978515625,29197800,185.8677978515625
2020-04-28,187.01771028708674,187.55300290864224,180.97080499676386,181.31776428222656,21731000,181.31776428222656
2020-04-29,189.26794146925386,195.19589628391623,188.3460444070909,192.49957275390625,45954500,192.49957275390625
2020-04-30,205.11874712075365,207.86463833916753,199.815328268595,202.92799377441406,46230100,202.92799377441406
2020-05-01,199.84505056505395,205.47559813020527,197.3172456375188,200.50921630859375,30415600,200.50921630859375
2020-05-04,198.4572553035265,204.1175563898035,197.0297880882011,203.47320556640625,19250700,203.47320556640625
2020-05-05,205.21787302604636,208.54862447224508,204.70239544631238,205.26744079589844,21071200,205.26744079589844
2020-05-06,206.30826843159727,209.75798521785813,204.86098649767018,206.6552276611328,21857000,206.6552276611328
2020-05-07,209.32183905617606,209.75801124137712,207.22028353893103,209.42095947265625,15152000,209.42095947265625
2020-05-08,210.3924370574454,211.35399432982777,209.014537738149,210.50148010253906,12506000,210.50148010253906
2020-05-11,209.05414521267338,213.12836716206556,208.53866771729244,211.32420349121094,12911900,211.32420349121094
2020-05-12,211.43329053203627,213.40597290270924,208.17193684357613,208.2710723876953,14704600,208.2710723876953
2020-05-13,207.6068840689912,208.94513823709826,200.35061325172475,203.31459045410156,20684600,203.31459045410156
2020-05-14,200.79668613999704,205.1286398749658,198.94296957623862,205.0096893310547,17178900,205.0096893310547
2020-05-15,203.48308610249018,209.50023762187058,202.34308801660057,209.04425048828125,19383200,209.04425048828125
2020-05-18,210.30322747228502,212.7715574590944,209.10376899697167,211.3341827392578,20151900,211.3341827392578
2020-05-19,211.41347485337647,218.5706254884204,210.9773026621722,214.99205017089844,31843200,214.99205017089844
2020-05-20,221.55439970264038,229.3261477219346,221.24710071828457,227.96807861328125,50162900,227.96807861328125
2020-05-21,232.67673086362328,235.13513788236287,229.18736871943992,229.37571716308594,47782600,229.37571716308594
2020-05-22,229.494700225862,233.9357127208348,226.7488239639074,232.8651123046875,33925600,232.8651123046875
2020-05-26,237.6827745670303,238.8029274814234,229.65328009154226,230.1786651611328,33178300,230.1786651611328
2020-05-27,227.07592667175928,228.5529463704739,219.20504286108883,227.1453094482422,34697600,227.1453094482422
2020-05-28,222.3474393070935,229.61363241933896,222.05004782499321,223.49734497070312,29377200,223.49734497070312
2020-05-29,223.23962777027006,225.50970175822215,220.93983126878283,223.13058471679688,23241500,223.13058471679688
2020-06-01,222.63490409854282,230.41657462940574,221.55439635505033,229.8911895751953,18223800,229.8911895751953
2020-06-02,228.9296188168734,230.9716836426595,224.5877428419967,230.69412231445312,20919000,230.69412231445312
2020-06-03,230.08945509538248,230.62474767491267,226.5406176115093,228.15643310546875,15380300,228.15643310546875
2020-06-04,227.56166814251998,229.6136559660789,222.6547611255217,224.32012939453125,17041500,224.32012939453125
2020-06-05,224.73646886520714,229.3360765026521,223.34864695784768,228.76112365722656,16750400,228.76112365722656
2020-06-08,227.03627128724105,229.53433868756787,225.43037837858236,229.38563537597656,15466500,229.38563537597656
2020-06-09,229.50459387983992,237.68277660516696,228.40425596266664,236.59234619140625,27462900,236.59234619140625
2020-06-10,238.86242350765383,239.11024723031758,233.23186066323433,234.6692352294922,20720700,234.6692352294922
2020-06-11,227.93836321427702,230.86268029147104,221.60398908906214,222.476318359375,26708200,222.476318359375
2020-06-12,227.8986807845685,229.64336940745946,222.54569462569273,226.59017944335938,22091400,226.59017944335938
2020-06-15,223.13057506180579,231.73502303147188,222.84310618379425,230.47607421875,15340300,230.47607421875
2020-06-16,235.0756983420565,236.38421501725261,230.97173760088188,233.59866333007812,15236700,233.59866333007812
2020-06-17,232.9542750070065,235.52172487578997,229.71273681738543,233.4796600341797,19578100,233.4796600341797
2020-06-18,232.94438131987675,234.08436434245675,230.12909246135095,233.8861083984375,15782500,233.8861083984375
2020-06-19,235.7200088059316,238.73355378768707,233.4995178993327,236.7113037109375,30081300,236.7113037109375
2020-06-22,236.48329974456362,238.6046701431826,234.8476692734358,237.13755798339844,18917800,237.13755798339844
2020-06-23,239.17963684344247,243.0556036069175,237.77199987359415,240.13128662109375,24017900,240.13128662109375
2020-06-24,239.10030816881405,241.1027279455911,230.65447204559817,231.98281860351562,20834900,231.98281860351562
2020-06-25,232.57760203013643,235.23428019830692,230.7139779243627,233.6283721923828,18704300,233.6283721923828
2020-06-26,230.6148299237534,231.06090957453293,213.52490151453114,214.19898986816406,76343900,214.19898986816406
2020-06-29,207.9241133024566,218.8283576234436,205.30709527045812,218.7193145751953,58514300,218.7193145751953
2020-06-30,218.6697510558646,225.51960284277004,216.56821058616464,225.09335327148438,33927100,225.09335327148438
2020-07-01,226.51090911870492,236.9195066930874,225.57908939189207,235.4821319580078,43399700,235.4821319580078
2020-07-02,236.91948906655,237.91078399988285,230.58511504759153,231.3880615234375,30633600,231.3880615234375
2020-07-06,231.7250921993472,238.30728978202592,230.2480724673563,238.18833923339844,26206200,238.18833923339844
2020-07-07,237.32590065741434,245.49416043715738,236.7410403335655,238.76327514648438,27887800,238.76327514648438
2020-07-08,236.03722575248477,244.8399291745789,234.53045329150478,241.45960998535156,29791300,241.45960998535156
2020-07-09,242.86722943826686,244.38390929366182,237.15737675477754,242.37158203125,22174900,242.37158203125
2020-07-10,241.56865372181096,243.3529875457348,237.23669990075217,242.9366455078125,22982700,242.9366455078125
2020-07-13,244.85973024561372,247.9723954033769,236.34451129544084,236.91946411132812,24674900,236.91946411132812
2020-07-14,234.6989803126721,238.23791044505438,230.0101595663755,237.64312744140625,23378100,237.64312744140625
2020-07-15,239.4472880015589,242.6888265852968,235.97775582429836,238.18833923339844,19133600,238.18833923339844
2020-07-16,235.92818533327153,239.65544869823316,234.27272467146835,238.83267211914062,18880700,238.83267211914062
2020-07-17,238.90206319911425,242.0345586123702,235.78939791848782,239.923095703125,18152400,239.923095703125
2020-07-20,237.97024349927685,243.90810520163038,233.58872199953782,243.28358459472656,20872200,243.28358459472656
2020-07-21,244.0766121329838,244.760607979897,237.99006253468102,239.64552307128906,19364200,239.64552307128906
2020-07-22,238.1684952556672,239.79421820490197,236.0471248813492,237.78189086914062,15427900,237.78189086914062
2020-07-23,237.54399711408567,240.309703175952,229.73258861347995,230.5751953125,21771800,230.5751953125
2020-07-24,228.18616733253234,231.45744341133576,224.92479875703089,228.70164489746094,18325800,228.70164489746094
2020-07-27,229.44512648952175,232.90473604428718,228.82060585600848,231.4673614501953,13163100,231.4673614501953
2020-07-28,232.58752515242662,232.91465428162354,227.82930664968208,228.1167755126953,14170100,228.1167755126953
2020-07-29,229.12792287640656,231.66563562503575,228.30514622141234,231.2592010498047,13588300,231.2592010498047
2020-07-30,228.21589283740667,232.84523779450794,227.00651195664395,232.45863342285156,20615300,232.45863342285156
2020-07-31,253.59305446658362,253.622792101852,246.83241636433706,251.46176147460938,53005100,251.46176147460938
2020-08-03,250.45064335351154,253.1767042514364,248.15084711603382,249.76666259765625,23124900,249.76666259765625
2020-08-04,249.3701176547829,250.5993286530493,245.2760652874072,247.65518188476562,17183500,247.65518188476562
2020-08-05,248.01206299801274,250.07395811822374,245.61313125623738,246.9513702392578,13050100,246.9513702392578
2020-08-06,246.8720402667357,264.27918895050783,246.50526604600296,262.9706726074219,45241600,262.9706726074219
2020-08-07,261.7810888280034,276.46219104130057,261.1367533288925,266.1031494140625,72766400,266.1031494140625
2020-08-10,265.70667519444817,271.4759881242458,257.42935729827803,260.7105407714844,30248800,260.7105407714844
2020-08-11,257.92499936219986,263.6051295214165,252.90905003737163,253.9003448486328,28238300,253.9003448486328
2020-08-12,256.7156503787785,261.6027271450453,255.86312100417206,257.6276550292969,21415700,257.6276550292969
2020-08-13,259.2731532998424,262.85174340322044,257.3104088778803,259.02532958984375,17374000,259.02532958984375
2020-08-14,260.0265741976145,260.36361084815877,256.4281687125643,258.96588134765625,14792700,258.96588134765625
2020-08-17,260.2149283025059,261.8010062968293,257.14190786073965,258.8865966796875,13351100,258.8865966796875
2020-08-18,258.67842072781787,262.8418412286436,257.00312989770174,260.0563049316406,18690400,260.0563049316406
2020-08-19,259.11457201254495,265.57780346029676,259.07491174852066,260.3041076660156,23291500,260.3041076660156
2020-08-20,259.22360923298226,267.2828413890221,259.18394896753364,266.6682434082031,20299700,266.6682434082031
2020-08-21,266.3510985864672,268.13541777119013,264.10086946712147,264.68572998046875,15538600,264.68572998046875
2020-08-24,268.7102747578856,274.8364690436469,266.43027868500394,269.0274963378906,23685600,269.0274963378906
2020-08-25,270.0386043174784,280.6256249023249,267.90732667241116,278.3753967285156,42127200,278.3753967285156
2020-08-26,281.52777836633004,302.0178592082746,281.52777836633004,301.26446533203125,69015200,301.26446533203125
2020-08-27,297.5470379871194,298.60773063791044,289.47788414162295,290.6674499511719,30301300,290.6674499511719
2020-08-28,292.4319997680473,294.64259831800206,288.4470051025773,291.1036682128906,17157400,291.1036682128906
2020-08-31,291.3911763255091,294.29566340482825,289.012044132342,290.647705078125,17345100,290.647705078125
2020-09-01,292.1444774615667,298.8654548902185,290.1618878926202,292.8681335449219,17295900,292.8681335449219
2020-09-02,296.2782166171665,300.9571296299292,290.4989505638761,299.86669921875,24341400,299.86669921875
2020-09-03,293.413355515593,295.00935596893214,281.1609655842515,288.58575439453125,32294100,288.58575439453125
2020-09-04,284.7494405794508,286.48420653598356,268.77969535194666,280.268798828125,30333700,280.268798828125
2020-09-08,268.9185111086546,276.86868625746473,267.0747168972243,268.799560546875,24864000,268.799560546875
2020-09-09,273.36936151774904,276.05579226031756,268.9878553560728,271.33721923828125,22918800,271.33721923828125
2020-09-10,273.1116778489327,276.7298983195981,264.705485890159,265.7562561035156,24814700,265.7562561035156
2020-09-11,267.70907219012685,269.0275112197422,260.35368168986014,264.2890930175781,18913900,264.2890930175781
2020-09-14,268.5913635232722,274.231833888043,263.3870653318415,263.8331298828125,24093800,263.8331298828125
2020-09-15,268.31378749780447,272.1302484280536,266.95568815618236,270.0485534667969,18478500,270.0485534667969
2020-09-16,264.9631832495727,270.0683451819501,259.51106210293534,261.2259826660156,29183400,261.2259826660156
2020-09-17,256.0316480397024,259.2236188586699,248.01207585132232,252.60177612304688,31281400,252.60177612304688
2020-09-18,256.1505916786772,256.9436457361105,247.87328848243533,250.33169555664062,28130800,250.33169555664062
2020-09-21,245.38513189610754,247.7741562256559,242.0048277965363,245.9898223876953,24709400,245.9898223876953
2020-09-22,251.1048968826202,253.09740921847296,246.0592097092851,252.53236389160156,30293100,252.53236389160156
2020-09-23,253.03793500420102,255.7441658916591,245.98982754107175,246.85226440429688,19641300,246.85226440429688
2020-09-24,244.35419622510534,250.04423447504365,243.4818518607491,247.35781860351562,20006800,247.35781860351562
2020-09-25,247.228944402206,253.52367312850794,244.4632382598628,252.60177612304688,18351300,252.60177612304688
2020-09-28,257.14186257549875,257.34013363434224,252.60174574637833,254.58433532714844,18826300,254.58433532714844
2020-09-29,255.56574368325687,261.03768081045007,254.6636616660201,259.5111083984375,20200200,259.5111083984375
2020-09-30,259.6994071902901,263.76369142767874,257.8357682365276,259.6200866699219,20142500,259.6200866699219
2020-10-01,263.04010371853553,265.99414311385937,262.4948733807721,264.3089599609375,20009800,264.3089599609375
2020-10-02,258.9361186241271,262.84182274311667,256.92379129394055,257.67718505859375,16367600,257.67718505859375
2020-10-05,259.91753703229796,262.56427749613204,258.5693602261399,262.34619140625,12822300,262.34619140625
2020-10-06,259.5011293490195,263.37709531589087,255.99193758648573,256.4082946777344,18696900,256.4082946777344
2020-10-07,256.95353941375686,257.91509666506573,252.60177058701382,255.87303161621094,23133400,255.87303161621094
2020-10-08,257.48882636220674,262.3164272365639,256.89404342705984,261.46392822265625,16312800,261.46392822265625
2020-10-09,262.21731687050624,262.44532558890444,259.88779804981755,262.14794921875,14107800,262.14794921875
2020-10-12,267.8479040582493,277.74100816754435,265.5381699141355,273.3495788574219,31019300,273.3495788574219
2020-10-13,275.16361229527485,276.67039983476207,271.01011468828443,273.7361755371094,18063300,273.7361755371094
2020-10-14,275.20326373795046,276.32343172750234,269.1365442655314,269.4537658691406,15577800,269.4537658691406
2020-10-15,265.2705071475953,266.69797414764406,261.374725658758,264.3981628417969,15416100,264.3981628417969
2020-10-16,265.0524103227984,269.00766692191854,262.99050018326744,263.6150207519531,16622700,263.6150207519531
2020-10-19,263.21850298492296,266.212202344182,257.6176935014616,259.12445068359375,13587000,259.12445068359375
2020-10-20,260.7700683579075,267.3522818827323,260.5916425128417,265.23089599609375,18763200,265.23089599609375
2020-10-21,277.12641139284636,280.586021057658,273.9641781096813,276.30364990234375,28998600,276.30364990234375
2020-10-22,277.4336795285745,279.9912371337842,272.6457388053963,275.69891357421875,16720000,275.69891357421875
2020-10-23,276.3729458046097,282.75688598986534,274.4102016914701,282.3108215332031,17535200,282.3108215332031
2020-10-26,280.6950758632085,282.7470636277034,271.8725570411759,274.6977233886719,21322900,274.6977233886719
2020-10-27,276.3333793505012,282.033325094517,273.9046947153265,280.8239440917969,16287200,280.8239440917969
2020-10-28,276.3631304196497,276.3631304196497,264.93350073882925,265.3399353027344,23121800,265.3399353027344
2020-10-29,274.14257426165767,281.131220993011,271.3966984619704,278.38531494140625,32368100,278.38531494140625
2020-10-30,272.11041138825004,274.2912719591588,256.84447814763473,260.8195495605469,47247800,260.8195495605469
2020-11-02,262.29662424575497,268.1155201945895,255.0998139298487,259.0848083496094,27165700,259.0848083496094
2020-11-03,260.8691538059391,267.69915952467073,258.6090027801114,262.9905090332031,17961900,262.9905090332031
2020-11-04,278.5538901044381,286.42477468626174,276.1946032055948,284.87835693359375,35364400,284.87835693359375
2020-11-05,289.35897797355784,294.7912849671993,286.4346761422821,292.1147766113281,23823600,292.1147766113281
2020-11-06,291.39117324150493,292.0355089320338,285.55243125292134,290.8558654785156,13891000,290.8558654785156
2020-11-09,287.34664089380567,290.03304153749013,276.10536062910086,276.34326171875,25117700,276.34326171875
2020-11-10,270.7226220038531,271.6147812934847,261.70183307109477,270.0584411621094,29067700,270.0584411621094
2020-11-11,271.0894346690546,275.976511574874,270.10806233656234,274.0732421875,14957000,274.0732421875
2020-11-12,274.7671196771608,277.3147548914051,272.04105863712016,272.6853942871094,12899500,272.6853942871094
2020-11-13,275.30237908412266,275.34203934464506,270.7226021810253,274.5390930175781,10391200,274.5390930175781
2020-11-16,272.6556495304327,276.97771101570106,272.23932261444486,276.5316162109375,12970400,276.5316162109375
2020-11-17,275.26277280878617,275.26277280878617,270.91100373531947,272.6061096191406,15040300,272.6061096191406
2020-11-18,272.1302371447207,274.9752786275152,269.4735743456771,269.6024475097656,12152900,269.6024475097656
2020-11-19,268.66072640611867,271.08941095311593,266.8466700938607,270.56402587890625,12963700,270.56402587890625
2020-11-20,270.1873534858517,270.62352569100193,267.06478039364754,267.3522644042969,18114700,267.3522644042969
2020-11-23,268.53189955867924,268.59137483464673,262.2272480388358,266.0932922363281,20990800,266.0932922363281
2020-11-24,266.15273075412887,275.4015281647024,265.53813281939904,274.5093688964844,16930400,274.5093688964844
2020-11-25,275.7187993456942,277.74101931681827,270.27656935219704,273.19097900390625,12467000,273.19097900390625
2020-11-27,274.9753051656759,276.70014860060974,272.4276700276529,275.3916320800781,7808400,275.3916320800781
2020-11-30,273.62714029983425,275.28261615577065,268.65085060588,274.5589599609375,16693300,274.5589599609375
2020-12-01,276.72991812988835,286.7816337824195,276.53164702747165,284.0555725097656,20738900,284.0555725097656
2020-12-02,282.8758892964831,289.24001566629744,278.3853247499967,285.01708984375,17361600,285.01708984375
2020-12-03,283.7581450585941,284.1546569401702,278.62324510017737,279.3964538574219,12921700,279.3964538574219
2020-12-04,277.8599199138845,280.99241510731923,276.8686251154019,277.2651672363281,10880300,277.2651672363281
2020-12-07,276.7596352388942,285.9786660308309,275.7782629341563,283.093994140625,13007700,283.093994140625
2020-12-08,283.5202481560011,283.93657504961703,279.09905136815115,280.9329528808594,10747700,280.9329528808594
2020-12-09,281.190725155916,285.1261672616319,269.38439883876845,275.5007019042969,25189700,275.5007019042969
2020-12-10,273.141378605421,276.30361144849036,269.4933907373716,274.7076110839844,20065100,274.7076110839844
2020-12-11,272.1401504139316,274.0731873049459,267.8974100331047,271.1686706542969,14391400,271.1686706542969
2020-12-14,270.9902620847114,274.806753220003,269.19602086754435,271.8031311035156,16376900,271.8031311035156
2020-12-15,272.43757259190494,273.6766912557278,265.1416564202378,273.15130615234375,23979500,273.15130615234375
2020-12-16,272.36815131440505,275.4411407941398,270.1377381586472,273.2702331542969,15885000,273.2702331542969
2020-12-17,274.65808738822363,277.99874638748975,271.2281852255585,272.09063720703125,16377800,272.09063720703125
2020-12-18,273.3693149788667,275.5799129409881,268.7796461569592,273.99383544921875,26693200,273.99383544921875
2020-12-21,270.6036621505985,272.2789527626678,265.45883978012307,270.4153137207031,16553700,270.4153137207031
2020-12-22,269.1365677921802,269.1365677921802,262.32637660769075,264.76495361328125,17312900,264.76495361328125
2020-12-23,264.5667112714952,269.8007471510173,263.912453005065,265.77606201171875,14329000,265.77606201171875
2020-12-24,266.5393930530124,268.04615049794745,263.8827298269738,265.072265625,6702000,265.072265625
2020-12-28,266.40057862337534,274.8860604477784,263.3474036780008,274.58868408203125,23299700,274.58868408203125
2020-12-29,274.53910837888566,278.0681154649613,273.8749275486116,274.3705749511719,16383000,274.3705749511719
2020-12-30,275.53038485367665,275.65922775816074,269.3446851099402,269.5032958984375,11803800,269.5032958984375
2020-12-31,269.63219883750327,274.6778859869896,267.46126069876846,270.7821044921875,12900400,270.7821044921875
2021-01-04,272.3880048825454,272.6060909653944,262.89141327903155,266.5988464355469,15106100,266.5988464355469
2021-01-05,265.9545125123116,270.0287199587083,265.8751919806323,268.6111755371094,9871600,268.6111755371094
2021-01-06,259.71928927456224,265.41923550864135,257.74662191068745,261.01788330078125,24354100,261.01788330078125
2021-01-07,263.5852999293993,269.24558516756673,262.4750545151092,266.40057373046875,15789800,266.40057373046875
2021-01-08,265.9743628388743,266.60880616888306,260.8890145757392,265.2408142089844,18528300,265.2408142089844
2021-01-11,258.2125150894725,261.17647725911263,253.67236735436126,254.60418701171875,30412300,254.60418701171875
2021-01-12,254.39601812321422,257.45911577126066,248.1211195147358,248.90423583984375,26383500,248.90423583984375
2021-01-13,249.36021946787713,251.73932102815726,247.03067054871875,249.44943237304688,19528900,249.44943237304688
2021-01-14,251.19412144026523,252.809936966483,242.48064593056202,243.50167846679688,29739400,243.50167846679688
2021-01-15,245.74197310245407,251.6500967233896,245.00842463634237,249.17185974121094,24942900,249.17185974121094
2021-01-19,254.6636970490017,259.9175790632424,250.52009092310539,258.8271484375,28028500,258.8271484375
2021-01-20,266.588940318972,267.96685480321304,261.3053516121977,265.1515808105469,25199900,265.1515808105469
2021-01-21,266.91603879863516,271.21825445969336,265.1614276987964,270.4945983886719,20838700,270.4945983886719
2021-01-22,269.6421285577539,276.045884978016,269.6322059283925,272.1104431152344,21954000,272.1104431152344
2021-01-25,275.7187474305936,277.6616767485915,269.14645813213235,275.5898742675781,19087000,275.5898742675781
2021-01-26,275.7187899571974,282.90567829369337,275.3916456849432,279.5947265625,19373600,279.5947265625
2021-01-27,280.07050221331053,280.9825066866827,265.7859413525884,269.7709655761719,35346200,269.7709655761719
2021-01-28,274.7670783269518,284.2934368405983,262.3957389028005,262.693115234375,37758800,262.693115234375
2021-01-29,262.9905028421915,264.23954399219105,252.63149015597307,256.0811767578125,30389500,256.0811767578125
2021-02-01,257.2608119063281,261.87035686158373,252.69095746495492,259.7291564941406,22914300,259.7291564941406
2021-02-02,261.70183017494816,266.5096160599849,260.97817407203195,264.7550048828125,17320800,264.7550048828125
2021-02-03,263.3077029833754,266.8565550799659,261.5431995630546,264.3287353515625,14223400,264.3287353515625
2021-02-04,264.6857198748094,265.8257032132984,261.70191188070464,264.17022705078125,16060000,264.17022705078125
2021-02-05,264.4774727682164,266.8268671421213,263.35733491932723,265.76617431640625,12454400,265.76617431640625
2021-02-08,266.41046127473913,267.510783914806,262.6931060011381,264.25933837890625,13755200,264.25933837890625
2021-02-09,264.1206539072756,271.0101665628999,263.43665790685554,267.1044616699219,14613400,267.1044616699219
2021-02-10,270.07826378822955,271.41648748458033,265.38942878125584,269.5032958984375,14687200,269.5032958984375
2021-02-11,269.52310524070253,271.198365294915,266.152679375092,268.0361633300781,12828600,268.0361633300781
2021-02-12,268.1650481588498,268.8193063320809,266.00403283788114,268.1452331542969,9097600,268.1452331542969
2021-02-16,268.44263449070877,274.1921627978071,267.6991633498535,271.5850524902344,15417200,271.5850524902344
2021-02-17,268.87886418653466,271.58511060907136,267.23331074573196,271.1885986328125,12763200,271.1885986328125
2021-02-18,267.2233171413614,269.58260334649503,263.71412546431765,267.0448913574219,15249100,267.0448913574219
2021-02-19,267.5108477745137,267.91728234501386,257.8853820254984,259.2831115722656,25622600,259.2831115722656
2021-02-22,255.7045253451955,260.779950269616,255.2881681864634,258.06378173828125,17434900,258.06378173828125
2021-02-23,257.2409437308447,265.13164012388427,252.74047298920115,263.5455627441406,21924600,263.5455627441406
2021-02-24,260.046350171747,264.061112241261,256.1406765125581,262.0091247558594,15736100,262.0091247558594
2021-02-25,260.01660862597595,264.6162309249058,251.8285191906388,252.47286987304688,19053100,252.47286987304688
2021-02-26,254.2373821267223,263.23832572593903,254.2373821267223,255.3773651123047,26619500,255.3773651123047
2021-03-01,258.549550247898,264.3287863643085,255.6549557487879,262.60394287109375,22157300,262.60394287109375
2021-03-02,263.46630775836803,264.3882045815142,256.3983716104201,256.7453308105469,15191700,256.7453308105469
2021-03-03,258.0241696792447,258.71805798952397,252.87934649504635,253.1866455078125,15513500,253.1866455078125
2021-03-04,254.23738852460107,264.17015191897923,251.29324164320164,255.397216796875,31626500,255.397216796875
2021-03-05,258.4008407623917,263.13922891518143,253.38487613689907,261.9794006347656,26820100,261.9794006347656
2021-03-08,263.2383279364887,263.26806557107824,252.8297474292664,253.0874786376953,18391800,253.0874786376953
2021-03-09,258.9063944580968,266.19241801606705,257.5483252867858,263.42669677734375,22039700,263.42669677734375
2021-03-10,266.3013954753442,266.6285093820251,260.58160628048904,262.59393310546875,14210300,262.59393310546875
2021-03-11,265.7760886012566,275.4808751463395,265.4886348319139,271.4958801269531,21834000,271.4958801269531
2021-03-12,266.79708577253,267.39183842598396,261.72163119837296,266.0635070800781,20600200,266.0635070800781
2021-03-15,266.73758347140597,273.5576963311189,266.1626458154966,271.366943359375,16844800,271.366943359375
2021-03-16,273.6766905634166,279.6839656622003,272.40783426494863,276.8488464355469,22437700,276.8488464355469
2021-03-17,273.30995257579036,283.7383959702721,273.0125761585017,281.5377197265625,21315000,281.5377197265625
2021-03-18,277.4336373936044,282.7073323543686,275.8574824818254,276.19451904296875,18728300,276.19451904296875
2021-03-19,278.77196781041573,290.25115005192066,278.7521528020532,287.5845642089844,38930500,287.5845642089844
2021-03-22,287.9215829149258,297.10095206901144,284.2537801031509,290.98468017578125,28273100,290.98468017578125
2021-03-23,290.5981196171843,295.40590635829943,287.2871979882313,288.1000671386719,23000900,288.1000671386719
2021-03-24,288.4667868520234,289.1805203182288,278.71244964849427,279.6839294433594,18675000,279.6839294433594
2021-03-25,278.53405880002805,285.5524135552309,275.33216530293356,276.31353759765625,24505600,276.31353759765625
2021-03-26,275.87733122221624,282.0233710937428,275.35194618737313,280.5562438964844,17629200,280.5562438964844
2021-03-29,283.28230371151227,290.6278017995311,282.22164126844325,288.2883605957031,21718800,288.2883605957031
2021-03-30,287.30694549487737,289.92397816866935,284.2042183237241,285.4928894042969,17474500,285.4928894042969
2021-03-31,287.46557746389414,293.91891647417685,286.09758576107686,291.966064453125,19498200,291.966064453125
2021-04-01,295.8024342727096,299.76761443789854,294.01811529914414,296.0601806640625,17616000,296.0601806640625
2021-04-05,298.2707126711446,308.0646800732676,298.0625189777315,306.22088623046875,28237000,306.22088623046875
2021-04-06,306.151552517089,308.6397127155447,302.5928070002894,303.5940246582031,17335200,303.5940246582031
2021-04-07,303.6732915537741,311.5144382436948,302.84060742545347,310.3645324707031,22855200,310.3645324707031
2021-04-08,312.1091915082921,313.1302240000469,307.3509580476352,310.29510498046875,20894100,310.29510498046875
2021-04-09,308.68922008003193,312.00014135434753,307.62852729625877,309.739990234375,15988600,309.739990234375
2021-04-12,308.3422478867747,309.43267826117784,305.249412826226,308.8280029296875,10881900,308.8280029296875
2021-04-13,309.492161348312,311.692837158811,306.6273349193004,307.0635070800781,14036900,307.0635070800781
2021-04-14,304.62488027342675,305.3485363689106,299.3214772891418,300.18389892578125,17421400,300.18389892578125
2021-04-15,303.67328399580504,307.44022286569765,301.4527930422147,305.1404113769531,14558300,305.1404113769531
2021-04-16,305.4873457507172,306.2605545198828,301.9583082701033,303.5146484375,13059200,303.5146484375
2021-04-19,302.3548230704228,305.02140838300113,297.94354930746647,299.6089172363281,14553500,299.6089172363281
2021-04-20,299.3611835289835,302.44412687640136,294.62279438328085,300.01544189453125,16796400,300.01544189453125
2021-04-21,299.3215050467602,299.3512426834739,294.80120275476366,298.8456726074219,14863500,298.8456726074219
2021-04-22,298.7068462303825,300.28303157065153,293.4629185644019,293.938720703125,16375400,293.938720703125
2021-04-23,296.15924213713583,299.9558878847626,294.5632417888713,298.50860595703125,17536800,298.50860595703125
2021-04-26,300.6993844190325,303.1379613464025,298.9348807476967,300.4020080566406,16172600,300.4020080566406
2021-04-27,301.63124017584755,302.68201045146435,298.48882172764996,300.92742919921875,15309300,300.92742919921875
2021-04-28,304.6843823594291,308.2134199936871,302.71171521224556,304.4266662597656,33907200,304.4266662597656
2021-04-29,327.2462769479481,328.92156779722495,318.81034742600906,326.6416015625,56526800,326.6416015625
2021-04-30,323.3008918440618,326.9488493488843,321.6751538951361,322.2500915527344,26332400,322.2500915527344
2021-05-03,323.3306871128496,325.6899436819477,319.0383630387981,319.77191162109375,18719500,319.77191162109375
2021-05-04,317.2341454989644,319.3852684884699,310.39421754807074,315.5885925292969,24032600,315.5885925292969
2021-05-05,315.4201281194098,318.265139655346,311.75232487156865,312.2777099609375,15577600,312.2777099609375
2021-05-06,311.78203979870165,317.45224745015986,310.54292125818995,317.2341613769531,19012200,317.2341613769531
2021-05-07,319.5735978682808,320.1287204934024,315.9751931809259,316.30230712890625,15916700,316.30230712890625
2021-05-10,311.6135751168887,311.8415535952815,302.1764277852022,303.3065185546875,24239200,303.3065185546875
2021-05-11,298.13194982266197,304.16893230854123,297.0811796183367,303.86163330078125,18920100,303.86163330078125
2021-05-12,298.508668323651,302.30531486450104,295.59425860219534,299.9162902832031,24645500,299.9162902832031
2021-05-13,303.41553047906933,306.17132909823965,300.13434677159415,302.6026916503906,18079200,302.6026916503906
2021-05-14,306.8454760760631,314.09184042012834,306.3894585749049,313.18975830078125,19245700,313.18975830078125
2021-05-17,310.82049037998314,312.9319532661647,308.8676383011867,312.7138671875,15401300,312.7138671875
2021-05-18,312.842775294839,313.74485734587444,307.11309159035295,307.26177978515625,14522400,307.26177978515625
2021-05-19,301.5419431100339,311.92080003207684,300.92734522432113,310.860107421875,19106200,310.860107421875
2021-05-20,310.850274154581,316.4709301401159,310.4339471938289,315.83648681640625,17320200,315.83648681640625
2021-05-21,316.5105325905979,317.14494554649013,313.0608157149479,313.4771728515625,13600900,313.4771728515625
2021-05-24,315.4399204891148,323.11256307150484,315.26149467954974,321.8040466308594,16445400,321.8040466308594
2021-05-25,324.2327128158944,326.31443809358075,321.97256172204254,324.9365539550781,16437000,324.9365539550781
2021-05-26,325.4916740978203,326.9587711328472,322.9836993061915,324.80767822265625,9686900,324.80767822265625
2021-05-27,325.1447124753475,330.87439552779364,323.91551653562766,329.8533630371094,20477700,329.8533630371094
2021-05-28,328.1185447219946,329.97226096516323,325.4717745700418,325.8683166503906,12037400,325.8683166503906
2021-06-01,327.27597186491556,328.53493562097003,323.7965476914582,326.2648620605469,11765900,326.2648620605469
2021-06-02,327.50400205992975,328.9810217269072,324.2723711221696,326.2846984863281,11654300,326.2846984863281
2021-06-03,322.94403588426127,324.5301136988752,320.6640698239475,323.2017822265625,12610800,323.2017822265625
2021-06-04,323.06299931067736,329.5658913832166,322.3492657782319,327.4742736816406,13289400,327.4742736816406
2021-06-07,326.6118249458043,334.7503468667708,326.0665946490602,333.6499938964844,20136700,333.6499938964844
2021-06-08,333.76896766205743,335.3550151234234,329.34777112034703,330.7752380371094,14580500,330.7752380371094
2021-06-09,332.817352105482,333.8681223174045,327.1273288539104,327.3751525878906,13727900,327.3751525878906
2021-06-10,327.91041157777425,331.03298411135006,325.6898906801004,329.56585693359375,13240200,329.56585693359375
2021-06-11,329.6848289882906,329.932652701607,326.06660882425405,328.3763427734375,13587900,328.3763427734375
2021-06-14,329.0107774921073,333.887961803341,326.9389747420912,333.83837890625,12250800,333.83837890625
2021-06-15,334.0564741044241,336.96099128707715,332.1135444811946,333.8185729980469,15795200,333.8185729980469
2021-06-16,333.7689782813565,334.6115546775463,325.858434720274,328.1978759765625,17232200,328.1978759765625
2021-06-17,327.61304327329054,335.0378626785236,327.2760066360262,333.5806579589844,17794100,333.5806579589844
2021-06-18,331.6178845677562,333.2237774793998,326.136024933211,326.790283203125,23039500,326.790283203125
2021-06-21,328.20780348130495,330.02188997148664,324.79774682676305,329.3973693847656,11337500,329.3973693847656
2021-06-22,329.793868924314,336.9609412079676,329.7046560226814,336.07867431640625,15345300,336.07867431640625
2021-06-23,336.3959564970195,340.4305343138909,335.25597332384814,337.6251525878906,14817800,337.6251525878906
2021-06-24,338.87415705290726,341.8975943029009,338.8146817809146,340.19256591796875,12329100,340.19256591796875
2021-06-25,339.6076657205629,341.1243454822214,336.7229943597782,338.3982849121094,14594400,338.3982849121094
2021-06-28,339.4788388053115,355.0223656374678,338.79484291257626,352.54412841796875,29156100,352.54412841796875
2021-06-29,353.1686285434748,353.6345383636902,346.0114780457379,348.8267822265625,21417300,348.8267822265625
2021-06-30,349.1043329547267,349.8478041184627,344.1478585298199,344.6831359863281,15107500,344.6831359863281
2021-07-01,343.80094321204257,351.58261510413155,343.4837215478428,351.3050537109375,17137000,351.3050537109375
2021-07-02,352.0088471395874,353.33717875875,349.55042474255595,351.6123352050781,11521300,351.6123352050781
2021-07-06,353.39666398353967,355.6667379814897,346.14037739528163,349.70904541015625,13488500,349.70904541015625
2021-07-07,352.1674302856265,353.386703632117,346.95320951346713,347.4389343261719,14218900,347.4389343261719
2021-07-08,342.7204338229243,345.29777664080524,339.57801533840177,342.64111328125,14406500,342.64111328125
2021-07-09,342.31392781983334,347.65699106432334,342.2643449286511,347.3695373535156,13018700,347.3695373535156
2021-07-12,348.1725015565857,351.1067258462657,346.5963463730506,350.085693359375,10018600,350.085693359375
2021-07-13,348.4401335756202,355.36927477322456,345.76362542747296,349.0249938964844,11456000,349.0249938964844
2021-07-14,351.47348659674924,352.1079297982053,343.711661519161,344.60382080078125,13894200,344.60382080078125
2021-07-15,346.1899217185131,346.1899217185131,337.25834517205516,341.46142578125,14781600,341.46142578125
2021-07-16,341.9075107208976,342.97809584923465,337.179045171872,338.1901550292969,11026100,338.1901550292969
2021-07-19,334.6314131584542,336.8320889577822,331.627790942661,334.0168151855469,14372300,334.0168151855469
2021-07-20,335.8507023683744,340.460247887152,331.5881463693273,338.6858215332031,11024300,338.6858215332031
2021-07-21,338.52722840762203,343.5035182097744,338.27940466793854,343.216064453125,9279700,343.216064453125
2021-07-22,343.66209353487886,348.47980226768016,342.20488888598493,348.1328430175781,12385400,348.1328430175781
2021-07-23,357.7682795096587,372.06273636587616,354.0806609260774,366.57098388671875,33694300,366.57098388671875
2021-07-26,366.3627780766852,371.1804873142144,365.01463145174716,369.21771240234375,14925200,369.21771240234375
2021-07-27,368.6724383515193,369.90163417507245,361.37649317644093,364.6081237792969,15705400,364.6081237792969
2021-07-28,371.2994043200226,374.2633663025684,363.7358196168697,370.0305480957031,29676900,370.0305480957031
2021-07-29,357.8574380633364,362.3380798597548,353.6345123546069,355.2007751464844,33413200,355.2007751464844
2021-07-30,350.91836774547977,357.58979280263065,349.867597652045,353.1983337402344,15976200,353.1983337402344
2021-08-02,354.9827187252499,356.2713900270993,347.6867723455861,348.8862609863281,13180400,348.8862609863281
2021-08-03,349.6594228581962,350.69034766045326,344.6732112647218,348.182373046875,12406100,348.182373046875
2021-08-04,349.35217615015995,357.3420109483392,348.45009412431125,355.79559326171875,14180600,355.79559326171875
2021-08-05,356.5093343422309,360.7322303053442,353.7931655774242,359.8103332519531,10247200,359.8103332519531
2021-08-06,358.25396364410295,361.9713194447513,358.25396364410295,360.3456115722656,8925000,360.3456115722656
2021-08-09,360.59340518391826,362.59580978398236,357.6095981631221,358.46209716796875,7798900,358.46209716796875
2021-08-10,358.6801858194568,360.93044438701185,355.91449509614256,357.9862976074219,7469900,357.9862976074219
2021-08-11,358.9478624990702,359.2055785824935,354.6951992255373,356.82647705078125,8400300,356.82647705078125
2021-08-12,355.32968244107315,359.84006230584646,354.0013206031575,359.49310302734375,7170700,359.49310302734375
2021-08-13,359.810299682887,361.48559043105394,358.3332800092168,360.0184631347656,7195700,360.0184631347656
2021-08-16,359.3641791022152,363.75563804663585,354.2689395740163,363.3690185546875,11222100,363.3690185546875
2021-08-17,359.82021533674686,361.4955060524368,351.9790694475264,355.32965087890625,12328700,355.32965087890625
2021-08-18,353.1487977216519,356.72735768431033,352.05836731339076,352.35577392578125,10042400,352.35577392578125
2021-08-19,348.29145476053645,354.45730999360205,347.9444955095023,352.02862548828125,12004500,352.02862548828125
2021-08-20,351.5131724701607,356.85623617233426,350.23439359725023,356.24163818359375,8697700,356.24163818359375
2021-08-23,356.31107517830867,362.5066688928048,355.9740385104708,360.1870422363281,10942000,360.1870422363281
2021-08-24,360.49431489699504,364.75687096002576,358.69015087883326,362.3282165527344,9235100,362.3282165527344
2021-08-25,362.4174450823312,367.63163602444916,362.21917398865673,365.18316650390625,9684500,365.18316650390625
2021-08-26,365.1732487588188,366.2240190151231,360.9602451032086,361.20806884765625,7888700,361.20806884765625
2021-08-27,361.9217510386476,370.48652269932006,360.9106109436815,369.3861999511719,11219100,369.3861999511719
2021-08-30,369.31681888061235,378.1690749179181,367.2945688504509,377.3463134765625,13547300,377.3463134765625
2021-08-31,376.6424989511328,379.4280351230296,375.5024856460896,376.07745361328125,12345400,376.07745361328125
2021-09-01,376.28560528913044,380.984333157656,375.51239652276655,378.72418212890625,11567200,378.72418212890625
2021-09-02,378.1790086340969,378.42683236190425,370.80377207439494,372.0131530761719,14832900,372.0131530761719
2021-09-03,371.48772380448895,373.8767478866704,369.8619858224901,372.9845886230469,7509600,372.9845886230469
2021-09-07,372.60791241783016,379.62626663292235,369.9016665912914,378.8530578613281,10793800,378.8530578613281
2021-09-08,376.8506838787292,377.554494807856,371.5274349497435,374.2832336425781,11067200,374.2832336425781
2021-09-09,374.3526210127369,376.5235290146142,373.29192820798465,374.70947265625,9098900,374.70947265625
2021-09-10,378.04020354167477,380.4490731082647,374.9672135938655,375.3934631347656,11549600,375.3934631347656
2021-09-13,378.357399146683,378.42679704445317,371.09122143634556,373.232421875,13026300,373.232421875
2021-09-14,374.114680002249,375.2943233243702,371.84460626658046,373.25225830078125,8711600,373.25225830078125
2021-09-15,373.71815280840957,374.2732754958761,364.46938530837144,370.66497802734375,17940300,370.66497802734375
2021-09-16,369.5448307526397,370.30811692774245,366.4916255483903,369.8124694824219,11934200,369.8124694824219
2021-09-17,368.17683971497365,368.17683971497365,358.4423166085418,361.5450744628906,26299000,361.5450744628906
2021-09-20,356.17224460756535,357.88719567110746,346.7549430803481,352.6036071777344,19822800,352.6036071777344
2021-09-21,355.37921290978545,356.90581548877753,352.0980292916366,354.36810302734375,11751900,354.36810302734375
2021-09-22,344.207345490811,346.7946107075454,337.7242682523536,340.2223205566406,43692900,340.2223205566406
2021-09-23,342.3535812862905,346.6260900015658,340.0141399174007,342.9483642578125,21806300,342.9483642578125
2021-09-24,340.2520038562021,351.26530437450145,339.3895822550185,349.88739013671875,18801900,349.88739013671875
2021-09-27,346.76487371815995,352.05838496337213,344.05862769451767,350.5020446777344,15205800,350.5020446777344
2021-09-28,344.9408867412506,346.55670226470806,335.96968001839247,337.6846008300781,21710300,337.6846008300781
2021-09-29,340.1628485218163,342.2247589133075,335.93003006958673,336.6536560058594,14452200,336.6536560058594
2021-09-30,337.4863781379668,339.81589707106764,335.2063815997219,336.43560791015625,16547100,336.43560791015625
2021-10-01,338.6362412870357,342.0165605763661,335.69212443224353,340.0240783691406,14905300,340.0240783691406
2021-10-04,332.6091669200423,333.0156014474601,319.8908670335288,323.39013671875,42885000,323.39013671875
2021-10-05,325.7196471719252,332.26219920558924,323.3207305857964,330.0615234375,35377900,330.0615234375
2021-10-06,326.8695219673327,331.46914413926925,322.9638182228242,330.735595703125,26443000,330.735595703125
2021-10-07,334.0663682700986,335.89034718472595,326.1161943728777,326.3540954589844,28307500,326.3540954589844
2021-10-08,328.6242229160633,330.4977547794494,325.8485786991518,327.1769104003906,15946100,327.1769104003906
2021-10-11,324.77789757746996,327.5832483555272,322.47808654095144,322.61688232421875,14708200,322.61688232421875
2021-10-12,320.217959094543,321.55621312935887,314.60722687772926,320.9515075683594,31658700,320.9515075683594
2021-10-13,324.12371375601333,324.15345139468826,319.85123490549086,321.7148742675781,14761500,321.7148742675781
2021-10-14,325.50154103861985,327.64274140416654,324.252530180988,325.6700744628906,14302200,325.6700744628906
2021-10-15,325.8187812003698,326.2054007094238,319.70250897020327,321.93292236328125,21596400,321.93292236328125
2021-10-18,326.0864785457651,332.96606776369435,324.64908879992856,332.42083740234375,21585000,332.42083740234375
2021-10-19,336.6932978457845,339.4788340210917,334.34393383511576,337.03033447265625,18786300,337.03033447265625
2021-10-20,340.4602472700604,340.9856323597062,336.4950676495125,337.8134765625,13639500,337.8134765625
2021-10-21,337.3178222799958,339.33014968660194,334.8594000743426,338.9039001464844,16354400,338.9039001464844
2021-10-22,323.5091145151321,326.7605607564553,318.31470838122334,321.78424072265625,35224500,321.78424072265625
2021-10-25,317.51172656834376,326.6911265083267,316.9367888694215,325.8287048339844,38409000,325.8287048339844
2021-10-26,325.4024226923241,327.33542929403217,306.9048591193704,313.060791015625,65654000,313.060791015625
2021-10-27,311.4549272341347,316.47087668883006,309.3434643911741,309.5020751953125,29971800,309.5020751953125
2021-10-28,310.2653818889196,322.68630580861134,305.42785792385024,314.16119384765625,50806800,314.16119384765625
2021-10-29,317.4027143186417,323.1621352287927,316.81785396180146,320.7532958984375,37059400,320.7532958984375
2021-11-01,323.20177881185055,330.54727722256507,323.16211854762673,327.10748291015625,31518900,327.10748291015625
2021-11-02,328.4952901589308,331.875609206315,320.9812583023062,325.2239990234375,28353000,325.2239990234375
2021-11-03,324.6391323495334,329.25856986128804,320.38649933440297,328.7331848144531,20786500,328.7331848144531
2021-11-04,331.10238230164373,334.33398274391686,329.7542056570082,332.9263610839844,22495300,332.9263610839844
2021-11-05,337.34756183736033,343.77116361985196,336.6834112016594,338.1604309082031,26872800,338.1604309082031
2021-11-08,341.4218002573743,341.78857452736924,335.39471036863415,335.6722717285156,18342500,335.6722717285156
2021-11-09,337.04029263097436,338.33888663242817,331.55843261090627,332.4505920410156,17556700,332.4505920410156
2021-11-10,329.5955973605976,330.2895158192361,322.6763790390437,324.787841796875,21872600,324.787841796875
2021-11-11,326.94890382100857,329.5659067272054,324.15344483445233,324.8869934082031,12376600,324.8869934082031
2021-11-12,327.3057558051871,338.88407343601807,326.9092438798421,337.92254638671875,25414300,337.92254638671875
2021-11-15,341.3424835453799,350.57143667963453,340.2124230860424,344.5344543457031,25076600,344.5344543457031
2021-11-16,340.83690901944357,343.6323678721777,337.9026846129846,339.9744873046875,18181100,339.9744873046875
2021-11-17,341.2432912688201,344.276650749972,337.13934678040295,337.8034973144531,13602800,337.8034973144531
2021-11-18,336.7626706173694,339.47880868836324,332.38113429115987,335.74163818359375,17487200,335.74163818359375
2021-11-19,339.2210778386189,349.0348898794245,336.94108174709265,342.2940673828125,26488500,342.2940673828125
2021-11-22,346.01146236419726,350.74985063397304,337.5458259535409,338.0414733886719,27116800,338.0414733886719
2021-11-23,335.9796078452375,338.4281077108217,330.5968832435919,334.3142395019531,17225000,334.3142395019531
2021-11-24,333.0750841949081,338.80476746889843,329.91285106468973,338.0910339355469,13566200,338.0910339355469
2021-11-26,332.8768168926907,334.8098540575957,329.0107728148004,330.22015380859375,14750700,330.22015380859375
2021-11-29,333.95734192750814,337.7044353109097,332.3910790981545,335.08740234375,16650900,335.08740234375
2021-11-30,332.08378507896754,332.8867315122885,320.61449604727216,321.6355285644531,25390000,321.6355285644531
2021-12-01,327.414776755562,327.62294019861577,307.5888802231193,307.89617919921875,30329600,307.89617919921875
2021-12-02,308.6892060123132,311.8613615896398,304.52578585047945,307.6880187988281,24396200,307.6880187988281
2021-12-03,310.9990133873777,311.0188283980967,296.89287364216716,304.1689758300781,27471000,304.1689758300781
2021-12-06,305.44764345541665,317.3134423295404,303.673217456172,315.10284423828125,21758300,315.10284423828125
2021-12-07,318.7706820353999,323.6974184932654,318.20563672841274,319.9998779296875,18794000,319.9998779296875
2021-12-08,322.1708369530798,329.85337229580705,320.25764508948055,327.68243408203125,19937700,327.68243408203125
2021-12-09,326.6713521932828,333.20398240153276,325.14474947217417,326.94891357421875,16879200,326.94891357421875
2021-12-10,329.6649607162784,332.1134598183052,323.5288441458532,326.8794250488281,14528000,326.8794250488281
2021-12-13,328.06902424502766,338.1207377273347,326.72084759390367,331.57818603515625,22948700,331.57818603515625
2021-12-14,325.19427696326966,332.7777070826221,324.7977650571663,330.8347473144531,20461000,330.8347473144531
2021-12-15,329.59563392577627,339.1318860901714,321.1597348390758,338.6858215332031,24681300,338.6858215332031
2021-12-16,336.02911882514184,341.46139491344286,330.8347135539258,331.984619140625,22635000,331.984619140625
2021-12-17,329.90293584106695,334.17541450753987,327.87079336466917,330.88433837890625,40012600,330.88433837890625
2021-12-20,326.9091751988659,327.0281257262868,319.7222883986814,322.61688232421875,17901800,322.61688232421875
2021-12-21,323.5685458479466,333.0750595421487,320.9316979963412,331.2907409667969,16116800,331.2907409667969
2021-12-22,330.89420831620754,331.5980494399973,325.40245663710306,327.5733947753906,16764600,327.5733947753906
2021-12-23,327.22641579066516,333.7392298126932,325.50154228707476,332.3216552734375,13987700,332.3216552734375
2021-12-27,335.90026495348917,344.841733582663,335.06758091224634,343.16644287109375,17795000,343.16644287109375
2021-12-28,343.61255025505903,349.6396098349676,342.19500583233264,343.20611572265625,16637600,343.20611572265625
2021-12-29,343.8901234286759,346.6459220889968,338.66601010462034,339.9546813964844,10747000,339.9546813964844
2021-12-30,341.0054225509634,344.2073157522339,340.2322137913024,341.3622741699219,10593300,341.3622741699219
2021-12-31,340.03391614857384,340.4502732567359,333.34267654879824,333.4219970703125,12870500,333.4219970703125
2022-01-03,335.35502521507095,338.11082360220985,334.2547024867432,335.59295654296875,14537900,335.59295654296875
2022-01-04,336.99067483088044,340.1033247300431,328.9809960134747,333.6004333496094,15998000,333.6004333496094
2022-01-05,330.12098787578486,332.8371562358702,321.0209087490122,321.3480529785156,20564500,321.3480529785156
2022-01-06,320.00979090288706,336.21746674620033,319.91065537364796,329.56585693359375,27962800,329.56585693359375
2022-01-07,329.8434453738167,334.0663712007667,326.01706169641426,328.9017333984375,14722000,328.9017333984375
2022-01-10,322.4781278394008,325.4817500490974,312.68412980194535,325.214111328125,24942400,325.214111328125
2022-01-11,323.9353346411827,331.71700537861085,322.4483923442952,331.4592590332031,16226800,331.4592590332031
2022-01-12,332.2621863257024,333.4418295668102,327.15702411733304,330.3589172363281,14104900,330.3589172363281
2022-01-13,332.063945311924,332.7082808860371,322.9242059820677,323.637939453125,14797100,323.637939453125
2022-01-14,318.9887957429694,329.8335644167679,318.4138277573684,329.0107727050781,16868500,329.0107727050781
2022-01-18,320.4757328930127,321.38770724912837,314.8749228247817,315.3804626464844,22645600,315.3804626464844
2022-01-19,316.7979692173923,324.25252524740955,316.5501455249458,316.8078918457031,20814700,316.8078918457031
2022-01-20,321.0804536857119,324.96634350833807,313.2294140009481,313.8043518066406,16925000,313.8043518066406
2022-01-21,312.0695088375882,315.5390405849981,300.40198010913116,300.5308532714844,28710700,300.5308532714844
2022-01-24,295.24724373871493,306.83548253324034,286.4941238429113,306.0226135253906,38878100,306.0226135253906
2022-01-25,297.33892957316243,303.56426059087903,294.9895351520155,297.53717041015625,25108500,297.53717041015625
2022-01-26,304.3373879500418,304.83303528770085,288.31806236667074,292.0651550292969,28348800,292.0651550292969
2022-01-27,295.15804679430795,299.08356599902004,291.69843738739166,292.07513427734375,21629900,292.07513427734375
2022-01-28,293.0465751951822,299.27190556829635,290.4791251947652,299.08355712890625,21871600,299.08355712890625
2022-01-31,298.06260231874097,311.05849676326943,296.71445550858994,310.5331115722656,21579500,310.5331115722656
2022-02-01,311.8217315752421,316.87734178183337,309.40296951956975,316.22308349609375,18023800,316.22308349609375
2022-02-02,324.96628079773285,325.1447066079721,314.1115902294131,320.188232421875,58458300,320.188232421875
2022-02-03,242.52029856192772,245.8411426276449,233.6977797357552,235.69027709960938,188119900,235.69027709960938
2022-02-04,232.92455228605658,240.49804434059385,228.10685870647143,235.02609252929688,89342200,235.02609252929688
2022-02-07,235.63077180322753,236.2255547358029,222.0599435210588,222.95211791992188,88613800,222.95211791992188
2022-02-08,218.9275018687359,223.80467134375547,214.26840337291958,218.26332092285156,94729700,218.26332092285156
2022-02-09,222.2482900293233,231.33846148499288,220.2756230677488,229.9803924560547,86563300,229.9803924560547
2022-02-10,226.28291173464223,232.95432278596698,224.7265713389725,226.08465576171875,49310400,226.08465576171875
2022-02-11,226.47120320092318,228.41413242288982,216.86555473977413,217.63876342773438,46156900,217.63876342773438
2022-02-14,217.40085580648946,219.07614640503417,212.91029166265295,215.80487060546875,38184000,215.80487060546875
2022-02-15,218.55077156833923,219.22484478977512,213.18786292773044,219.07615661621094,42685500,219.07615661621094
2022-02-16,210.56094601163443,215.56698810761435,210.51137824316746,214.6549835205078,45817500,214.6549835205078
2022-02-17,212.15692341599396,215.60662518366414,205.3566402879214,205.90185546875,38747500,205.90185546875
2022-02-18,207.56723467799455,208.91539632217007,203.39387657053754,204.3653564453125,37128400,204.3653564453125
2022-02-22,200.57860830625324,205.67386353473034,198.31845712325313,200.3208770751953,39852400,200.3208770751953
2022-02-23,202.38274237722837,205.1385406073783,196.32593077226764,196.72244262695312,44481400,196.72244262695312
2022-02-24,189.3968049752726,206.53630261082083,188.56412087278997,205.79283142089844,49957200,205.79283142089844
2022-02-25,203.15596878731102,209.48043476464565,201.4112801723448,208.64773559570312,37627600,208.64773559570312
2022-02-28,205.87211866348667,211.29450300532383,205.02952706959343,209.19296264648438,34239800,209.19296264648438
2022-03-01,208.0430640988383,209.90670342528273,200.45966386254756,201.71861267089844,27094900,201.71861267089844
2022-03-02,202.99735671935014,207.32931034252405,200.2613883982864,206.29837036132812,29452100,206.29837036132812
2022-03-03,207.20044639508353,207.25992166380965,199.66659975329932,201.20310974121094,27263500,201.20310974121094
2022-03-04,200.60835511137336,204.09771758664783,197.05951735897975,198.31846618652344,32130900,198.31846618652344
2022-03-07,199.04204981292372,199.14118533014636,185.6496642881632,185.8380126953125,38560600,185.8380126953125
2022-03-08,186.21473724141336,194.98768728769406,184.489878816178,188.63348388671875,37508100,188.63348388671875
2022-03-09,194.03606526779308,197.36681666982452,192.23190132562794,196.77203369140625,31894700,196.77203369140625
2022-03-10,193.1438917592487,194.57135881377323,189.40672093356542,193.51068115234375,24853000,193.51068115234375
2022-03-11,190.96303363699852,191.8750230568434,185.0450023478886,185.97682189941406,34694500,185.97682189941406
2022-03-14,185.40188300136523,190.61608870370827,184.20242464895531,185.00537109375,31010500,185.00537109375
2022-03-15,189.13907936744985,190.6061916572676,184.2916476700059,190.35836791992188,31721700,190.35836791992188
2022-03-16,193.0051051808488,201.95649650852528,192.8266793674669,201.8573760986328,40640300,201.8573760986328
2022-03-17,199.9441810370378,206.22898715868908,199.35932066827604,206.03073120117188,29499700,206.03073120117188
2022-03-18,204.90066726479952,214.9127525117437,204.2067638110222,214.60545349121094,52128000,214.60545349121094
2022-03-21,212.63274839506389,212.8409269719916,205.82255751754292,209.64895629882812,30142300,209.64895629882812
2022-03-22,209.52998723836356,217.5495740565906,208.3503439487697,214.76402282714844,31998800,214.76402282714844
2022-03-23,211.47293346902381,214.91272782980164,210.3131203024904,211.601806640625,23717300,211.601806640625
2022-03-24,213.12839043651937,218.74903035989297,212.92021186485715,217.6586151123047,31502300,217.6586151123047
2022-03-25,218.59042908411953,223.53699599289988,216.98453621485453,219.8890380859375,40039000,219.8890380859375
2022-03-28,220.19633368710993,222.08969538769563,217.6288684853834,221.64361572265625,26224100,221.64361572265625
2022-03-29,224.10205341388328,228.88008713930483,223.32882944801673,227.8590545654297,31417900,227.8590545654297
2022-03-30,226.9173167936126,229.1378076655561,224.73647106182824,225.86654663085938,25588000,225.86654663085938
2022-03-31,226.46129821957717,226.50095848284667,220.3251808740348,220.42431640625,24192300,220.42431640625
2022-04-01,222.595293413818,225.30152450591893,220.76139162876885,222.89268493652344,19544800,222.89268493652344
2022-04-04,224.01281202415882,232.3099604286333,223.89386147924975,231.8539581298828,28054800,231.8539581298828
2022-04-05,232.04231390079502,234.7981125352081,229.00895390219355,229.82180786132812,29727200,229.82180786132812
2022-04-06,224.93469959800777,226.9965945320376,219.48257837010783,221.3561248779297,28995100,221.3561248779297
2022-04-07,221.98063519171617,223.55680540444948,216.6573870066658,221.00917053222656,21037200,221.00917053222656
2022-04-08,220.44416005430307,223.17022097182485,218.11461103803705,220.39459228515625,18375700,220.39459228515625
2022-04-11,216.51861297223437,218.68955105022263,213.34647257045273,214.57568359375,20516600,214.57568359375
2022-04-12,218.32279924455113,220.09721050095476,211.27469173834876,212.27589416503906,20128800,212.27589416503906
2022-04-13,209.97608164874075,214.72437730811373,209.49034172860436,213.1184844970703,19231800,213.1184844970703
2022-04-14,213.01936274015176,213.1184982815987,208.1719312322115,208.35035705566406,18379500,208.35035705566406
2022-04-18,208.1719251462913,211.52250668657197,206.48672687267987,208.9352264404297,16580800,208.9352264404297
2022-04-19,208.687388784282,216.5285192787811,207.18061642952617,215.41827392578125,20089900,215.41827392578125
2022-04-20,211.75052199547486,212.29573726150196,197.18839627011295,198.6753387451172,43036500,198.6753387451172
2022-04-21,199.8450490008672,201.20311811315037,183.96450117399772,186.43283081054688,49954100,186.43283081054688
2022-04-22,188.71280973536275,191.04235885583572,181.67462485450002,182.50730895996094,36426800,182.50730895996094
2022-04-25,181.13931758710004,185.55057698247137,180.0786398818122,185.36224365234375,29281100,185.36224365234375
2022-04-26,185.00536429800306,185.56048699865713,177.93742711598594,179.3748016357422,31747400,179.3748016357422
2022-04-27,172.91155490901065,179.6325479655742,167.52883108777505,173.42703247070312,71062900,173.42703247070312
2022-04-28,201.1535357326842,206.71470007536863,191.22075776279664,203.93907165527344,100890600,203.93907165527344
2022-04-29,202.68014045202173,210.63031381765938,198.15982348077375,198.72486877441406,49193400,198.72486877441406
2022-05-02,199.41878050998523,210.03555486785692,199.24035469981607,209.29208374023438,49915300,209.29208374023438
2022-05-03,208.61800216969073,213.02926131184137,206.27854567365722,210.1842498779297,41556300,210.1842498779297
2022-05-04,208.81626224243902,222.34744654800306,205.15839680914934,221.46519470214844,41375900,221.46519470214844
2022-05-05,216.83585515286595,218.2533996208579,204.36536330702657,206.46690368652344,41129200,206.46690368652344
2022-05-06,205.53506951603146,207.55731947021067,199.27009396161898,201.99615478515625,34747200,201.99615478515625
2022-05-09,198.10037393010384,200.80661996260716,193.87746300031426,194.50198364257812,36303200,194.50198364257812
2022-05-10,197.77325259533754,201.1932323179815,192.499571258409,195.929443359375,34452500,195.929443359375
2022-05-11,194.62094046425895,198.9231569416904,186.63110554161176,187.09701538085938,31153400,187.09701538085938
2022-05-12,185.43163548920708,196.32597270309722,183.17148415767517,189.57525634765625,38262200,189.57525634765625
2022-05-13,190.90356178395524,198.14992463211743,189.61487546891254,196.89097595214844,24549800,196.89097595214844
2022-05-16,195.33465259058252,203.58221785060556,194.2243920764948,198.29861450195312,27112600,198.29861450195312
2022-05-17,200.36052319724772,203.67145970606575,196.63325976558357,200.85617065429688,24872700,200.85617065429688
2022-05-18,198.25897094773953,199.25026580247822,189.96183785388354,190.5665283203125,23960000,190.5665283203125
2022-05-19,189.5355887217403,193.58998137940185,187.94952589985266,189.6248016357422,24446900,189.6248016357422
2022-05-20,193.2727689309171,196.1871783731729,186.23456905164684,191.85520935058594,31465600,191.85520935058594
2022-05-23,193.4908647116595,195.27519865608267,189.57525266409456,194.5218048095703,25059200,194.5218048095703
2022-05-24,178.97829378660447,182.08103647842762,174.57694209488812,179.70193481445312,50406300,179.70193481445312
2022-05-25,178.82958708537754,183.8356291645361,177.75900194507628,182.229736328125,28030200,182.229736328125
2022-05-26,181.28799323142837,191.15137321417458,180.6733801854834,189.96182250976562,23056500,189.96182250976562
2022-05-27,189.69418020410123,193.62962190857738,188.14776268187097,193.43136596679688,22562700,193.43136596679688
2022-05-31,193.19347969749913,195.87989577167042,190.3385452904036,191.95436096191406,26131100,191.95436096191406
2022-06-01,194.79934956020318,197.79306430443702,183.38955104588305,186.99786376953125,36623500,186.99786376953125
2022-06-02,186.80952261492175,199.19080147626636,186.0957890702157,197.12890625,31951600,197.12890625
2022-06-03,194.2739780991515,194.89849875163702,188.12795249655804,189.11924743652344,19465000,189.11924743652344
2022-06-06,192.30130502364528,195.2057918492942,186.75995498137883,192.5590362548828,30574200,192.5590362548828
2022-06-07,190.2592201932253,194.81918271881858,189.8230631492287,193.94683837890625,18828700,193.94683837890625
2022-06-08,192.97538565794966,200.27131707822286,192.71765441688768,194.92823791503906,22267200,194.92823791503906
2022-06-09,192.5887643538881,197.713756969315,182.0810327786021,182.39825439453125,23501600,182.39825439453125
2022-06-10,181.44659972815228,181.50609012398724,173.49642605155532,174.04164123535156,27450800,174.04164123535156
2022-06-13,169.1049918602242,171.0776741390652,162.60209979408089,162.83009338378906,31749300,162.83009338378906
2022-06-14,164.58468395588787,165.29841746325724,159.9553387871744,162.30470275878906,27244300,162.30470275878906
2022-06-15,165.74451546114324,170.6613451530027,162.55254445725058,167.8758087158203,30008300,167.8758087158203
2022-06-16,162.29483204400537,163.6429939606377,158.22060865172375,159.46963500976562,26944100,159.46963500976562
2022-06-17,160.2725559821109,164.45582176964723,158.5080522282356,162.31463623046875,31374200,162.31463623046875
2022-06-21,164.48553330824373,166.29960454564957,154.6122459066395,155.68284606933594,50724900,155.68284606933594
2022-06-22,157.00129154437553,159.39030076437285,154.08688211001586,154.49331665039062,47267800,154.49331665039062
2022-06-23,154.90965026115896,158.3593520998016,152.90723043126386,157.36805725097656,40499200,157.36805725097656
2022-06-24,160.32211769945533,168.76795436460003,159.8958681588776,168.67874145507812,68736000,168.67874145507812
2022-06-27,169.82865898547666,170.25490855575194,166.54745997795482,168.01458740234375,29174600,168.01458740234375
2022-06-28,168.42098977082756,169.8088116430463,159.21186722566654,159.28125,27744500,159.28125
2022-06-29,162.1461193919892,164.8820879607232,158.92441086091708,162.5128936767578,28595200,162.5128936767578
2022-06-30,160.73848824069887,163.79167884654228,157.1103598097859,159.84632873535156,35250600,159.84632873535156
2022-07-01,158.9144937537547,159.2217927733983,153.6507198986701,158.63693237304688,31423900,158.63693237304688
2022-07-05,156.76336002821185,166.78535112270356,155.65311468571062,166.7258758544922,28618600,166.7258758544922
2022-07-06,166.7358044722956,170.09629368542892,164.0196660402876,168.29214477539062,23085900,168.29214477539062
2022-07-07,167.97491709634667,171.21645564142614,166.31945643519762,170.69107055664062,24083400,170.69107055664062
2022-07-08,168.50029685970665,170.89922861706972,166.686225442263,169.39247131347656,19249200,169.39247131347656
2022-07-11,165.61564033062461,166.0319823587457,160.50055519777845,161.4621124267578,21885600,161.4621124267578
2022-07-12,163.3654043690906,164.46574232541377,160.68891113440077,161.84872436523438,16639700,161.84872436523438
2022-07-13,158.76580420983865,163.54383804509905,158.22058895738138,162.0668182373047,16555100,162.0668182373047
2022-07-14,159.81658243814633,161.1746517591242,155.91087768553626,156.67417907714844,23765200,156.67417907714844
2022-07-15,159.14247548359506,163.54382722913314,158.42875707644262,163.26626586914062,23342800,163.26626586914062
2022-07-18,165.29842888667773,170.19542824056563,164.1980909139379,165.7742462158203,23574300,165.7742462158203
2022-07-19,168.8869078373699,174.9536429313068,168.03439361548112,174.24981689453125,25933700,174.24981689453125
2022-07-20,175.9449427642158,182.00175539820398,175.16181129811827,181.49618530273438,24784300,181.49618530273438
2022-07-21,179.05760283598016,182.24957362777684,177.31291412933265,181.5754852294922,27195800,181.5754852294922
2022-07-22,171.5634016094168,174.07137629177012,166.94396412198364,167.79647827148438,42583900,167.79647827148438
2022-07-25,167.52881324614933,169.08515326871813,163.37528581119514,165.1992645263672,26166300,165.1992645263672
2022-07-26,164.49548867554608,164.55496395320677,156.57503647124767,157.76458740234375,28468400,157.76458740234375
2022-07-27,161.17461888480676,169.38253866879188,160.60958871085882,168.10377502441406,43846600,168.10377502441406
2022-07-28,159.65792891643585,160.10400852567543,153.50199703182346,159.32089233398438,73214300,159.32089233398438
2022-07-29,156.3172973966075,158.74596691052585,153.81922997825376,157.71502685546875,42065400,157.71502685546875
2022-08-01,155.88113278266974,163.75201720151597,153.8787127240558,158.5377960205078,40596700,158.5377960205078
2022-08-02,156.9318929768912,160.8276897938803,156.63450148211984,158.7955322265625,27374500,158.7955322265625
2022-08-03,161.27375453190913,168.0641148826389,160.1635091886448,167.33056640625,31721900,167.33056640625
2022-08-04,166.83493095275554,170.65140715656858,165.34798863611059,169.08517456054688,23938200,169.08517456054688
2022-08-05,165.53633815049744,170.1161156749895,164.3566948181987,165.65528869628906,25832700,165.65528869628906
2022-08-08,166.53754603180064,175.96475524575519,165.67512429444318,168.76795959472656,27299100,168.76795959472656
2022-08-09,167.4792845832006,168.05423748924738,165.14975044552054,167.0629425048828,18655100,167.0629425048828
2022-08-10,174.4579875213586,178.90889175358808,172.43573754030913,176.7875213623047,30262100,176.7875213623047
2022-08-11,178.14560684060112,181.50609582783787,174.8346704958459,175.94493103027344,24079100,175.94493103027344
2022-08-12,179.23600990455236,179.88036059846178,177.35255583980407,178.9287109375,21274000,178.9287109375
2022-08-15,177.40214619257392,179.86055336796744,176.64875236998225,179.31533813476562,15878700,179.31533813476562
2022-08-16,177.87794669135258,179.41445670283701,175.49883002409837,177.90768432617188,21156700,177.90768432617188
2022-08-17,175.22128847897727,176.5892803390604,172.65383820977354,173.3279266357422,20118100,173.3279266357422
2022-08-18,172.82233528191773,174.22997211114853,170.36392836368074,173.13955688476562,18844500,173.13955688476562
2022-08-19,168.71836966989872,170.81992490333863,165.59579714220007,166.4978790283203,26240800,166.4978790283203
2022-08-22,164.0493923798729,164.0493923798729,160.84749908058643,161.63063049316406,19499700,161.63063049316406
2022-08-23,161.06558868342577,163.61322379839797,159.30108499815987,159.70751953125,18111800,159.70751953125
2022-08-24,159.20195810249263,164.0196516525699,158.37918156631125,161.8387908935547,20891500,161.8387908935547
2022-08-25,163.74206276000646,167.40986550779851,162.5921723231533,167.31072998046875,15550500,167.31072998046875
2022-08-26,167.01337758513512,169.4321398084809,160.26266104638015,160.3717041015625,24023600,160.3717041015625
2022-08-29,159.2614434264603,161.6306376497114,157.62579775394812,157.78440856933594,20052700,157.78440856933594
2022-08-30,158.95414916201582,160.25274310903546,154.5527972225878,155.7919158935547,19567900,155.7919158935547
2022-08-31,165.61563278936217,166.3789189098485,160.72854146269484,161.51165771484375,40953000,161.51165771484375
2022-09-01,162.1560284397458,165.90312211071253,158.95415001211242,163.9205322265625,30145700,163.9205322265625
2022-09-02,165.99231447657763,166.46813175460187,157.8339623485163,158.9243927001953,22634200,158.9243927001953
2022-09-06,158.70631429044778,160.2824694990789,156.31729003024532,157.15988159179688,19339800,157.15988159179688
2022-09-07,156.38669423335267,159.55885034383166,155.4449670056623,158.99380493164062,16831200,158.99380493164062
2022-09-08,157.32843237884535,160.8177798055024,156.3668750415445,160.64926147460938,22530800,160.64926147460938
2022-09-09,161.82887235875899,168.06410985118802,161.60087879529817,167.67750549316406,22086800,167.67750549316406
2022-09-12,165.93284137140463,169.89802070055077,165.82379833481477,167.4891815185547,23220400,167.4891815185547
2022-09-13,160.13379201067593,160.22302005883935,151.34100996124553,151.79701232910156,44444100,151.79701232910156
2022-09-14,151.99523720059614,152.20340064312884,147.75249656335097,150.15142822265625,43064200,150.15142822265625
2022-09-15,148.49599269308936,152.8576846035777,147.40556215248668,148.2481689453125,34606300,148.2481689453125
2022-09-16,146.7611985428687,147.28658357814408,143.0339204046636,145.01651000976562,40122800,145.01651000976562
2022-09-19,143.97566223661408,147.28658323928715,143.83688156961458,146.73146057128906,22169500,146.73146057128906
2022-09-20,144.51095359804532,147.54431324204933,143.955830934562,144.81825256347656,23217400,144.81825256347656
2022-09-21,145.11566125945427,148.29772457574842,140.76387720990476,140.88282775878906,38338600,140.88282775878906
2022-09-22,140.31778776687358,143.32140992498688,139.64369940950394,141.5767364501953,34418500,141.5767364501953
2022-09-23,140.1889006084037,141.37845127369607,137.68092612104357,139.1876983642578,31710700,139.1876983642578
2022-09-26,138.90024802794656,141.00180367529504,135.00446600941672,135.18289184570312,30497000,135.18289184570312
2022-09-27,136.71938846907756,138.2063307938041,132.95246488791165,133.2300262451172,30826500,133.2300262451172
2022-09-28,133.44810215073147,140.79360030483306,133.10115804366748,140.37725830078125,32658500,140.37725830078125
2022-09-29,138.14685096331397,138.6226682562599,134.0230607552248,135.2225341796875,38985400,135.2225341796875
2022-09-30,134.8656755106968,139.76267478552438,134.32046028508566,134.49888610839844,33166400,134.49888610839844
2022-10-03,135.9461615943145,138.4045683423802,134.91522170833778,137.4033660888672,27723100,137.4033660888672
2022-10-04,139.26703174250054,141.15048608050412,138.12703348447909,139.05885314941406,34670700,139.05885314941406
2022-10-05,137.03662351437458,138.98947583553354,133.60673622730505,137.77017211914062,27979300,137.77017211914062
2022-10-06,136.52112097055306,140.21864633669762,135.41087563563656,137.859375,36231100,137.859375
2022-10-07,135.5694675770126,137.08614736813666,131.28708202735578,132.2882843017578,33214800,132.2882843017578
2022-10-10,132.3874193707211,134.92513155816465,130.72203629398763,132.6253204345703,24024000,132.6253204345703
2022-10-11,130.4742179650908,131.50517303734162,125.88452572051676,127.42102813720703,38481400,127.42102813720703
2022-10-12,127.20296764266038,128.5412066696093,125.15097995832855,126.39009857177734,34605200,126.39009857177734
2022-10-13,122.4546448648166,129.99839886279543,121.46335006942364,129.15579223632812,34325700,129.15579223632812
2022-10-14,129.85962016618188,130.642736410999,125.4186160877497,125.65653228759766,23559400,125.65653228759766
2022-10-17,129.1657206658623,133.61662481645823,129.0467549994207,132.87315368652344,29612200,132.87315368652344
2022-10-18,135.89663092212427,136.64010218854972,130.2561598273559,131.64398193359375,25445000,131.64398193359375
2022-10-19,131.73316907721394,135.80739142500235,131.06900335762276,132.07020568847656,30691000,132.07020568847656
2022-10-20,131.7728473407828,135.57943193264592,130.16695415616024,130.38504028320312,26356300,130.38504028320312
2022-10-21,125.21043220829755,128.98726262746356,124.34801065222379,128.8782196044922,46348600,128.8782196044922
2022-10-24,126.14227494403816,132.31803788284694,123.485604332285,128.5907745361328,63563400,128.5907745361328
2022-10-25,129.74068278951964,137.1456569846256,129.45319879479754,136.31295776367188,38433200,136.31295776367188
2022-10-26,130.53368940019047,134.3700104853309,127.41111689285002,128.6898956298828,82791500,128.6898956298828
2022-10-27,97.12707030310553,101.60771958540467,95.54099253236453,97.08741760253906,232316600,97.08741760253906
2022-10-28,98.7131532212235,99.97209448364832,96.66117297131608,98.33645629882812,95928300,98.33645629882812
2022-10-31,97.36498697989708,98.45540986504903,91.7939068796394,92.34903717041016,121361400,92.34903717041016
2022-11-01,93.50883996407636,96.64132758810362,92.7356312329234,94.37126159667969,110189600,94.37126159667969
2022-11-02,93.38988111321918,94.37126083616003,89.69235578753322,89.7518310546875,71821100,89.7518310546875
2022-11-03,89.29584530810257,89.67253464279368,87.64038466059239,88.13603210449219,60664000,88.13603210449219
2022-11-04,89.56349213325879,90.59443973026505,87.32316355586093,89.99966430664062,55638100,89.99966430664062
2022-11-07,93.95492959844655,96.0366473799833,92.28955386062118,95.87804412841797,81987300,95.87804412841797
2022-11-08,95.08500329540075,96.94864251443767,93.96484280107093,95.63021850585938,52088300,95.63021850585938
2022-11-09,100.83452417856167,103.98684244254157,99.86305179354484,100.58670043945312,107677300,100.58670043945312
2022-11-10,106.18751313338271,111.76850073569403,103.69936079981403,110.89616394042969,80671000,110.89616394042969
2022-11-11,108.27913962176521,113.89977959725059,107.86279003756002,112.03614044189453,59961700,112.03614044189453
2022-11-14,110.02381464557875,115.25785030828123,109.83547376457382,113.22570037841797,53395000,113.22570037841797
2022-11-15,115.05959632876564,117.70635184117295,113.41405076200675,116.06080627441406,50670500,116.06080627441406
2022-11-16,113.50326491314802,115.0695126545756,111.67928594564738,112.24432373046875,33287800,112.24432373046875
2022-11-17,109.44887259042972,111.35215696681517,108.84418210163332,110.47981262207031,35093800,110.47981262207031
2022-11-18,112.80936635172509,113.32483638895054,109.65704816363142,111.07460021972656,33357700,111.07460021972656
2022-11-21,110.54919382748199,111.39180046593846,108.23948266921633,108.90364837646484,24351100,108.90364837646484
2022-11-22,108.90365433870404,110.64833541657183,107.37705934094218,110.46990203857422,29029000,110.46990203857422
2022-11-23,110.74746182954631,111.68918891166292,109.76608204588022,111.26293182373047,21343100,111.26293182373047
2022-11-25,110.33111199849877,111.7486638358951,110.05354310729881,110.44015502929688,12007600,110.44015502929688
2022-11-28,109.81564330754605,111.06467694794803,107.4365341325355,107.83305358886719,23309400,107.83305358886719
2022-11-29,108.5864465220532,109.97426092364222,107.59515160134391,108.50714111328125,23899200,108.50714111328125
2022-11-30,108.55670302333583,117.1314051371035,108.42782985029449,117.0719223022461,43348600,117.0719223022461
2022-12-01,118.16234470998532,120.14493443708561,117.36931335693296,119.39155578613281,36551400,119.39155578613281
2022-12-02,116.80426862559247,122.96020845378193,116.58618255853281,122.41499328613281,39950500,122.41499328613281
2022-12-05,120.69015408971502,123.58473338295278,120.29363461707071,121.3642349243164,35474900,121.3642349243164
2022-12-06,118.86618581030002,119.50061399848354,112.7498899777794,113.1265869140625,43689200,113.1265869140625
2022-12-07,112.76971409777941,114.87125452292487,111.8973697133219,112.938232421875,29461100,112.938232421875
2022-12-08,115.3768046454245,116.3185317086247,113.59247092643747,114.32603454589844,30619400,114.32603454589844
2022-12-09,114.29630732414842,116.51680582776,112.8787552857445,114.89108276367188,26033400,114.89108276367188
2022-12-12,114.17735086937637,114.71265104161625,112.15510829524132,113.71144104003906,24747100,113.71144104003906
2022-12-13,121.06684756358977,122.22666838420444,117.60723036165444,119.10408782958984,44701100,119.10408782958984
2022-12-14,118.35069422268502,123.05934486705796,118.35069422268502,120.53153991699219,36922000,120.53153991699219
2022-12-15,117.29992387771452,117.59730780116884,113.01753033834721,115.13890075683594,34531000,115.13890075683594
2022-12-16,119.18337392687468,122.2365560809106,117.78564466622959,118.39033508300781,67064000,118.39033508300781
2022-12-19,115.81297015932645,116.77452729933448,113.33473322651358,113.48342895507812,29769900,113.48342895507812
2022-12-20,112.2740557377687,116.30862543554926,111.48101684028215,116.07070922851562,28742500,116.07070922851562
2022-12-21,115.68410844245172,119.29242116853779,114.61351572943319,118.71747589111328,20392800,118.71747589111328
2022-12-22,116.1797617130006,117.587406248649,113.38431033837217,116.1004638671875,23618100,116.1004638671875
2022-12-23,115.01994630067168,117.15123185315484,114.53421391619223,117.012451171875,17796600,117.012451171875
2022-12-27,116.90341153100645,117.56757731975019,115.0397797831497,115.862548828125,21392300,115.862548828125
2022-12-28,115.23803081847723,117.12149261971926,114.50447471842836,114.61351776123047,19612500,114.61351776123047
2022-12-29,115.38672082161865,119.97641320548192,114.76220023247431,119.21311950683594,22366200,119.21311950683594
2022-12-30,117.13140390629331,119.37172483725053,116.71505431858502,119.29241943359375,19583800,119.29241943359375
2023-01-03,121.75082952962498,125.26992916696545,121.21552941909272,123.65411376953125,35528500,123.65411376953125
2023-01-04,126.27113034212354,127.92659842487713,124.75445049089438,126.26122283935547,32397100,126.26122283935547
2023-01-05,125.03201460904681,127.40121621871867,123.45585945423423,125.83496856689453,25447100,125.83496856689453
2023-01-06,127.84732079062806,129.195482631842,124.94282606017198,128.88818359375,27584500,128.88818359375
2023-01-09,130.01823194659175,131.79264301521917,128.15459284862445,128.3429412841797,26649100,128.3429412841797
2023-01-10,126.16210526612231,132.27840087038675,126.04315471213991,131.8323211669922,28684400,131.8323211669922
2023-01-11,129.8199777912905,132.68481924934517,129.20536471009615,131.73316955566406,25423000,131.73316955566406
2023-01-12,132.27838952682893,136.48147008401705,130.6130062840878,135.51992797851562,30757700,135.51992797851562
2023-01-13,133.79505485923653,136.19398636138445,133.66618170023415,135.7875518798828,22423800,135.7875518798828
2023-01-17,134.99452505190794,135.55957037535876,133.08133325697926,134.18167114257812,21147600,134.18167114257812
2023-01-18,134.6277512663834,136.05521827168238,131.6439592108342,131.86204528808594,20215500,131.86204528808594
2023-01-19,131.33665519565676,136.25346899669938,130.98969596078695,134.96478271484375,28625200,134.96478271484375
2023-01-20,134.70706669654805,138.72181416630133,133.43821040315862,138.15676879882812,28688600,138.15676879882812
2023-01-23,138.07744764888903,142.5085366667069,137.4529422032484,142.02281188964844,27470100,142.02281188964844
2023-01-24,140.45657683585247,143.73776053550952,140.1294477036565,141.89395141601562,21970200,141.89395141601562
2023-01-25,139.99064242213555,141.92366411273167,139.088560591205,140.26820373535156,26622000,140.26820373535156
2023-01-26,143.14295168712312,146.2258788750121,142.0525365694061,146.01771545410156,25482100,146.01771545410156
2023-01-27,146.94959546420458,151.85650333076413,146.1069885536194,150.41912841796875,35771900,150.41912841796875
2023-01-30,148.1093490783874,149.80445459430712,145.6707573898194,145.77980041503906,28040100,145.77980041503906
2023-01-31,146.66207748102659,148.5752845041938,146.23582793433843,147.67320251464844,29842100,147.67320251464844
2023-02-01,146.74136165733216,152.24305058344999,145.77980453303962,151.78704833984375,55661000,151.78704833984375
2023-02-02,181.78363103562992,195.44367110034645,178.59166081939705,187.126708984375,150475700,187.126708984375
2023-02-03,181.87287479600266,195.05709986672147,181.29792194431568,184.90623474121094,76809700,184.90623474121094
2023-02-06,184.90621738212576,189.03991487291054,183.90501508191707,184.4403076171875,42483800,184.4403076171875
2023-02-07,183.96450515195008,192.09312012094964,182.79476933118949,189.95191955566406,47080700,189.95191955566406
2023-02-08,188.34603637486495,189.16881298045985,181.3276664674653,181.83322143554688,36139100,181.83322143554688
2023-02-09,184.50972301839462,185.02518547134846,175.72684967356224,176.37118530273438,37118800,176.37118530273438
2023-02-10,174.8148481387777,177.33273033452983,171.84096366888724,172.6339874267578,33433600,172.6339874267578
2023-02-13,176.66858359767645,179.42438229242248,174.2894818165588,177.8680419921875,31463200,177.8680419921875
2023-02-14,175.61780626083268,179.92992995474845,174.34895001230046,177.9176025390625,24034600,177.9176025390625
2023-02-15,174.88424941813702,176.63884567632195,173.80374157662817,175.61781311035156,25308900,175.61781311035156
2023-02-16,171.2461875370984,174.3192076619539,170.29453781345282,170.9388885498047,25827500,170.9388885498047
2023-02-17,168.73819804103596,171.67242210850705,168.22272052206372,171.3750457763672,24171300,171.3750457763672
2023-02-21,172.79259922463552,176.6189978696537,170.3837600506006,170.58201599121094,34592600,170.58201599121094
2023-02-22,169.58083370599772,171.25610945926005,168.2128418399416,169.63038635253906,22433200,169.63038635253906
2023-02-23,170.50272851531994,172.17801937262993,167.90554063056828,170.54237365722656,20017800,170.54237365722656
2023-02-24,167.17197219726032,169.2338674150604,166.20050742549483,168.90673828125,19791300,168.90673828125
2023-02-27,170.38378974915403,171.61298587076692,167.58833058362544,168.06414794921875,19277000,168.06414794921875
2023-02-28,170.4035995907796,176.00442525665616,170.37386195170444,173.41714477539062,46051100,173.41714477539062
2023-03-01,173.070183159276,176.3018144043206,171.54359557874108,171.91036987304688,30998400,171.91036987304688
2023-03-02,170.8794184422329,173.48651372435538,169.93767619340952,173.0106964111328,17352000,173.0106964111328
2023-03-03,177.3624617911287,184.99542863944524,175.50874537644046,183.63735961914062,45877700,183.63735961914062
2023-03-06,186.36340973621358,188.00896262262478,183.0326588295068,183.29039001464844,33209400,183.29039001464844
2023-03-07,187.35472794639318,188.7028895567601,182.4081611653204,182.90380859375,36701500,182.90380859375
2023-03-08,181.2780921799188,183.64728636833115,179.76141220423,183.3598175048828,19432400,183.3598175048828
2023-03-09,184.72782130910593,187.28534898762197,178.73048379335697,180.10838317871094,26582800,180.10838317871094
2023-03-10,179.4342842678197,183.16156276961232,177.2435310110156,177.9473419189453,25665000,177.9473419189453
2023-03-13,176.41081677146727,182.18014423343294,173.29815192491876,179.32521057128906,24728000,179.32521057128906
2023-03-14,185.9471126481711,192.62844620426867,184.935987541542,192.3310546875,41642600,192.3310546875
2023-03-15,191.2703459570102,196.05830208974152,189.1787131345453,196.028564453125,42123600,196.028564453125
2023-03-16,196.53412194369412,203.9688337131776,194.38301382017207,203.14605712890625,50447100,203.14605712890625
2023-03-17,198.81408713109815,200.14241856268836,193.72873985262865,193.9071807861328,50141100,193.9071807861328
2023-03-20,196.7521936752625,197.62453796620042,191.95433032702135,196.08802795410156,25186300,196.08802795410156
2023-03-21,201.43110168666132,201.77806091937316,196.226803951734,200.40016174316406,31827000,200.40016174316406
2023-03-22,200.73718772594938,205.56478833860777,197.9318217564422,198.0706024169922,28477800,198.0706024169922
2023-03-23,201.0742419926531,206.07037646367976,200.39024613195645,202.501708984375,27389700,202.501708984375
2023-03-24,203.39385255851317,205.7729690693424,201.77805237772068,204.2166290283203,27716400,204.2166290283203
2023-03-27,203.02710138580258,204.06796403208844,199.6071370845429,201.07424926757812,18527200,201.07424926757812
2023-03-28,198.40765937001166,199.2800036835634,196.17724594410166,198.93304443359375,19127300,198.93304443359375
2023-03-29,201.78798215208548,203.9291827103764,200.7768571452326,203.56240844726562,18851100,203.56240844726562
2023-03-30,201.60956435729426,206.27855492955837,201.0544416258621,206.03073120117188,22608300,206.03073120117188
2023-03-31,205.43596391529096,210.3230405925682,204.97005409451702,210.0950469970703,25440300,210.0950469970703
2023-04-03,207.02202167585494,211.63155200058463,206.387593549827,211.2152099609375,17924600,211.2152099609375
2023-04-04,211.53240612071065,214.35760247602127,210.6897994530681,212.850830078125,21026400,212.850830078125
2023-04-05,212.2857781628593,213.31673323896115,208.11243547048335,209.63902282714844,19396600,209.63902282714844
2023-04-06,207.42846519605177,215.0515256680938,206.83368218453202,214.21884155273438,26104400,214.21884155273438
2023-04-10,212.84093957529885,213.7826667269681,208.8261921119088,212.88058471679688,16106100,212.88058471679688
2023-04-11,213.60421896645255,214.1395266783531,211.5522464067262,211.98841857910156,16710100,211.98841857910156
2023-04-12,212.96978427260183,214.95237399428152,210.7294633324491,212.13710021972656,18972200,212.13710021972656
2023-04-13,213.85206116832398,219.22487812893516,213.81241602466395,218.43185424804688,23310400,218.43185424804688
2023-04-14,215.98332984258553,220.17650288269624,215.656200722299,219.56190490722656,21591200,219.56190490722656
2023-04-17,217.87670046778837,219.0563438246389,215.23986751678353,216.95480346679688,15481900,216.95480346679688
2023-04-18,217.9956448449694,218.5210298831025,214.32785708077208,215.99322509765625,12281000,215.99322509765625
2023-04-19,211.61169776107383,215.43809621446016,211.07639010968043,213.82228088378906,15898100,213.82228088378906
2023-04-20,211.62162937104753,214.8631679041083,210.91781846805821,211.2152099609375,16475400,211.2152099609375
2023-04-21,208.38008043860845,211.55222068017963,207.75555989265803,211.0367431640625,17717200,211.0367431640625
2023-04-24,211.8198891943213,212.05780541816344,208.87575722630933,210.93763732910156,15750900,210.93763732910156
2023-04-25,208.9847941119795,209.42095115389515,205.32691358025164,205.74325561523438,19198200,205.74325561523438
2023-04-26,210.65018419851057,212.2461697285354,207.06170119505998,207.57716369628906,41992700,207.57716369628906
2023-04-27,237.80173090551267,239.58606473531918,234.7088956844878,236.48330688476562,71196500,236.48330688476562
2023-04-28,236.92937263012743,238.3370094781109,233.69775691934507,238.2279815673828,39554000,238.2279815673828
2023-05-01,236.54277763553986,241.87594888989452,234.4015922066699,241.06307983398438,29143900,241.06307983398438
2023-05-02,241.06306805133124,242.78792649051843,236.90955544437884,237.15737915039062,24350100,237.15737915039062
2023-05-03,237.38537558955068,239.6455266055783,230.7238730814823,234.96661376953125,34463900,234.96661376953125
2023-05-04,234.00508036001702,236.126450919723,230.9023223675368,231.48719787597656,17889400,231.48719787597656
2023-05-05,230.21833898734732,232.63708590022182,227.84914471998914,230.75363159179688,27000500,230.75363159179688
2023-05-08,229.40546301604877,233.56889855403585,228.26547993603842,231.23936462402344,16400500,231.23936462402344
2023-05-09,229.44510882268386,233.82663017174102,229.06841194563827,231.33847045898438,16865600,231.33847045898438
2023-05-10,234.1141231112111,234.68907598893915,228.71156873771375,231.051025390625,19119000,231.051025390625
2023-05-11,231.02125814556425,236.13634298764202,230.27778703919103,233.73739624023438,20449000,233.73739624023438
2023-05-12,234.67914467629853,234.8972307500688,229.43518652876685,231.77464294433594,16161400,231.77464294433594
2023-05-15,234.85755588557478,238.16847679831426,233.2814008261875,236.78067016601562,20653200,236.78067016601562
2023-05-16,233.73742084776137,237.55391231265511,233.46978211198044,236.74105834960938,18163800,236.74105834960938
2023-05-17,236.37424976201174,241.71732830364155,236.06695078411929,240.37908935546875,21193100,240.37908935546875
2023-05-18,239.19946679482555,244.93905771597244,239.09042374878152,244.70115661621094,22943300,244.70115661621094
2023-05-19,245.31574994768903,246.52513093495048,241.29109507655596,243.50167846679688,21733600,243.50167846679688
2023-05-22,243.27366885675846,251.36263833291363,242.9861848843443,246.15834045410156,27738500,246.15834045410156
2023-05-23,244.66150008940815,249.41971879486397,244.50288926983555,244.5921173095703,17748100,244.5921173095703
2023-05-24,243.14482191294246,247.41730068840283,242.81769276730455,247.04061889648438,17724300,247.04061889648438
2023-05-25,251.19412157731733,253.39479746511117,247.00094838612523,250.4903106689453,22371400,250.4903106689453
2023-05-26,250.7281993124649,260.0265498517954,250.51012836120594,259.7589111328125,25727200,259.7589111328125
2023-05-30,262.9410181690731,266.3114153676037,259.01549814969866,260.2347717285156,23816500,260.2347717285156
2023-05-31,257.73670519214994,262.693180291999,256.200210011966,262.4156188964844,25473700,262.4156188964844
2023-06-01,263.5852973969688,271.6147918186333,263.5754050196668,270.23687744140625,25609500,270.23687744140625
2023-06-02,270.2864603355899,272.9530459308971,268.7598577796487,270.23687744140625,19416900,270.23687744140625
2023-06-05,267.9469584402539,273.17110112649306,267.2134100069179,269.0274963378906,20742900,269.0274963378906
2023-06-06,267.7884379849693,274.16245738799296,267.3423431472537,268.7598876953125,19419000,268.7598876953125
2023-06-07,269.30508506477685,271.8626124655505,260.5122743384185,261.3053283691406,26163600,261.3053283691406
2023-06-08,258.3512750536968,265.320077073053,256.6264315879081,262.27679443359375,20899400,262.27679443359375
2023-06-09,260.19511592437004,265.61750064760685,259.4219070539598,262.64361572265625,16949800,262.64361572265625
2023-06-12,264.8442916334225,269.3844093055368,263.0202822587517,268.69049072265625,15442500,268.69049072265625
2023-06-13,272.48716809809827,273.3198522484866,266.74756171115075,268.9581604003906,16164000,268.9581604003906
2023-06-14,269.5231465889594,272.5961361408235,265.9842170382982,270.9704284667969,19175100,270.9704284667969
2023-06-15,269.9296080997618,281.5178487136144,269.0572939381977,279.37664794921875,25973500,279.37664794921875
2023-06-16,282.2711884305146,285.3442082969982,277.69141139005217,278.5538330078125,43127700,278.5538330078125
2023-06-20,276.3036313019316,282.3207681995998,273.81547148594564,281.8548583984375,20701600,281.8548583984375
2023-06-21,281.06182497496616,281.52773476017416,275.93681733767835,279.18829345703125,20556200,279.18829345703125
2023-06-22,276.6505869881599,282.7768128958016,275.37183825791345,282.4001159667969,17563100,282.4001159667969
2023-06-23,279.05946272124834,287.1484334816398,276.52174996331246,286.21661376953125,51092000,286.21661376953125
2023-06-26,286.18682475251495,287.2673324689784,275.18344627250076,276.0458679199219,24232700,276.0458679199219
2023-06-27,279.55510363818735,286.83120507390686,278.2069267505543,284.55120849609375,26108300,284.55120849609375
2023-06-28,282.3406087612761,287.02941407913994,281.5872149884615,282.8065185546875,16722100,282.8065185546875
2023-06-29,282.0234012362909,284.0753889556589,278.2465700581659,279.0792541503906,15395700,279.0792541503906
2023-06-30,282.2811357109331,286.53376890451335,281.9440990867374,284.4818115234375,19694900,284.4818115234375
2023-07-03,284.2042854687981,286.88076378814935,282.3703836886234,283.5301818847656,8629300,283.5301818847656
2023-07-05,285.14596189605084,295.52482034373986,283.8671830495328,291.8074645996094,33865500,291.8074645996094
2023-07-06,293.31422444494905,295.52479242405417,288.7740774506401,289.4481506347656,47600500,289.4481506347656
2023-07-07,289.63651542467915,293.62153999226626,286.1471685227358,288.0008850097656,25586000,288.0008850097656
2023-07-10,292.97721550858023,295.53477346549835,284.5512082858447,291.53985595703125,37058300,291.53985595703125
2023-07-11,291.3415903824076,297.5669216854234,289.35900041008506,295.6933898925781,27585900,295.6933898925781
2023-07-12,299.12326099178875,306.7562444583795,297.4876303209256,306.6471862792969,36677100,306.6471862792969
2023-07-13,310.8899261701611,313.48711417229805,307.58892720415946,310.6817626953125,30281000,310.6817626953125
2023-07-14,309.0758382489042,312.13893578938223,304.68437895121997,306.1812438964844,23054100,306.1812438964844
2023-07-17,304.8628708724334,308.9965540556201,302.05748909882334,307.9160461425781,25323100,307.9160461425781
2023-07-18,308.17378945631805,311.46489606355357,304.9421581279669,309.3335876464844,20731900,309.3335876464844
2023-07-19,310.3050549337283,315.9058653137581,307.81689494508896,313.2591247558594,21763700,313.2591247558594
2023-07-20,310.7709966483321,312.7932470109365,299.5891897493399,299.8865661621094,23836900,299.8865661621094
2023-07-21,301.91864094603187,302.8008775182186,288.66503534415375,291.6983947753906,42139300,291.6983947753906
2023-07-24,293.2051849386824,294.9300282701008,285.79028868592326,289.07147216796875,24915700,289.07147216796875
2023-07-25,292.62034976319046,295.703262442502,289.31932073955034,291.9066162109375,19585600,291.9066162109375
2023-07-26,298.5681660392196,299.1431038718337,289.3590263225532,295.9709777832031,47256900,295.9709777832031
2023-07-27,322.28978907131307,322.51779778619095,307.14280439627186,308.99652099609375,64229200,308.99652099609375
2023-07-28,314.12152548725567,323.3604010020382,311.51441512024616,322.64666748046875,39220300,322.64666748046875
2023-07-31,320.87222512758746,322.82507714780235,314.8253206295678,315.8265380859375,25799600,315.8265380859375
2023-08-01,314.77568924820486,321.3182395233542,311.9207560189099,319.9006652832031,22817900,319.9006652832031
2023-08-02,315.2317634870685,315.6183830009451,307.94574026174797,311.5738830566406,20461100,311.5738830566406
2023-08-03,307.23205269504695,313.1996679680387,307.23205269504695,310.46368408203125,15180200,310.46368408203125
2023-08-04,312.2182436549531,315.63822327487594,307.49970034475876,308.02508544921875,17612800,308.02508544921875
2023-08-07,310.5033526725311,314.3099219517989,307.75744608231275,313.8043518066406,16236500,313.8043518066406
2023-08-08,311.6630848225731,315.12272430973746,307.41042158153704,309.9184265136719,15183500,309.9184265136719
2023-08-09,310.1563455945085,310.89981675139177,300.21365919986573,302.5531005859375,19955800,302.5531005859375
2023-08-10,305.2593520785052,309.6210435617212,301.22477459946464,303.0784912109375,14358900,303.0784912109375
2023-08-11,299.93608761646493,302.0673654764671,297.745304234176,299.0141906738281,14046300,299.0141906738281
2023-08-14,298.3599890492802,303.5444426954563,295.653742726423,303.5246276855469,15641900,303.5246276855469
2023-08-15,303.47496879256033,304.5554763668649,297.4181425480759,299.3214416503906,11623600,299.3214416503906
2023-08-16,297.58676745772937,298.45908163543555,291.718287818725,291.72821044921875,18547700,291.72821044921875
2023-08-17,290.4989757740898,293.47286065252206,282.4695108038598,282.6082763671875,23950100,282.6082763671875
2023-08-18,276.60103575190874,283.20306391773346,271.991520167081,280.7843017578125,35347900,280.7843017578125
2023-08-21,280.98250976931354,287.97112567547384,279.39643211452176,287.3763427734375,20181500,287.3763427734375
2023-08-22,290.0032963876927,290.35025563572106,284.2537983560618,285.0964050292969,12980200,285.0964050292969
2023-08-23,285.9885660720524,294.81108424364885,285.1658046520825,291.6785888671875,18287000,291.6785888671875
2023-08-24,295.90152985922856,296.8531644997961,284.144786778373,284.2538146972656,18360900,284.2538146972656
2023-08-25,283.6391995492964,285.8795355852113,273.6271155393811,283.0146789550781,23701400,283.0146789550781
2023-08-28,285.49287958247294,288.9128584699036,283.3120190960079,287.73321533203125,14239300,287.73321533203125
2023-08-29,286.0678175763602,296.5458100488153,285.67130573792576,295.3959045410156,20844500,295.3959045410156
2023-08-30,294.5831156113279,295.69336104721475,290.87565215344677,292.5311279296875,17717000,292.5311279296875
2023-08-31,293.2250268545487,298.478908110715,293.0862612959808,293.31427001953125,17229900,293.31427001953125
2023-09-01,296.7639190428538,299.1132828754372,291.906580579667,293.7999572753906,12842300,293.7999572753906
2023-09-05,294.4344124053595,298.76639670796936,292.9375776161612,297.53717041015625,14956000,297.53717041015625
2023-09-06,299.0835407980036,300.6596958742699,293.0862194558126,296.565673828125,15418100,296.565673828125
2023-09-07,295.40588744923144,304.3770944136162,289.6762039967024,296.070068359375,33748700,296.070068359375
2023-09-08,296.61522269992525,302.59272896122013,294.196461037625,295.29681396484375,17548000,295.29681396484375
2023-09-11,298.78620226973936,306.34978726869906,298.65732909121135,304.8826599121094,19489300,304.8826599121094
2023-09-12,303.66341938249616,305.9731539424025,297.6165433802392,299.0340881347656,13480400,299.0340881347656
2023-09-13,299.7279106218778,304.5059592872475,298.69698571008445,302.4044189453125,13210900,302.4044189453125
2023-09-14,304.06977984776057,310.1464222632418,302.37467408444013,309.0064392089844,19343100,309.0064392089844
2023-09-15,308.8973272487251,309.2839467030223,296.1492919151536,297.6957092285156,28131100,297.6957092285156
2023-09-18,295.59425860219534,300.9571681848217,295.2076390310998,299.9162902832031,14234200,299.9162902832031
2023-09-19,299.84688704196486,303.50476757967397,297.2001163940275,302.4143371582031,15924400,302.4143371582031
2023-09-20,302.3944501357823,305.3782570015516,296.82337850413523,297.0613098144531,19379500,297.0613098144531
2023-09-21,293.1259020127335,297.64620415124955,290.7170325130372,293.1556396484375,21319600,293.1556396484375
2023-09-22,296.6945570394368,302.7216470856656,295.6735244833445,296.4764709472656,25369600,296.4764709472656
2023-09-25,293.0664197919008,298.33019295011604,291.14330539019653,298.2112121582031,18987000,298.2112121582031
2023-09-26,295.0688117797383,297.6858143028395,293.43318142131056,296.35748291015625,19417200,296.35748291015625
2023-09-27,297.8345632707552,298.677139729877,284.2934713763144,295.14813232421875,36429800,295.14813232421875
2023-09-28,296.33767574089586,303.66332872549503,294.11718502598364,301.31396484375,22167100,301.31396484375
2023-09-29,304.7042785354478,307.93591009206773,296.7540728412245,297.5966796875,25373700,297.5966796875
2023-10-02,300.104578636452,304.5059299768926,299.00425592730016,304.1490783691406,16265600,304.1490783691406
2023-10-03,301.61138822655596,304.0995177904984,297.03161074620874,298.3202819824219,17362300,298.3202819824219
2023-10-04,296.1295154558936,304.2283772759008,295.9015067543039,302.91986083984375,16880500,302.91986083984375
2023-10-05,301.97810796847045,303.5443402767157,296.8927613396094,302.13671875,19130000,302.13671875
2023-10-06,298.8159079310807,313.55645681605097,298.290522895401,312.6841125488281,21803900,312.6841125488281
2023-10-09,309.77961962304516,317.54144446147717,309.10554643120525,315.5885925292969,22503700,315.5885925292969
2023-10-10,316.34200688294163,321.83378880843856,315.3903722999116,319.038330078125,19038000,319.038330078125
2023-10-11,320.19821250883945,325.97744913604026,320.13873722808717,324.9663391113281,22036300,324.9663391113281
2023-10-12,325.1447032712535,327.66260060248845,319.88093015978995,321.338134765625,20530500,321.338134765625
2023-10-13,320.71363525767725,322.22039260310345,309.65078063069194,311.9505920410156,21341000,311.9505920410156
2023-10-16,315.8662100616769,319.0185204694929,312.7733446736432,318.3543395996094,16536100,318.3543395996094
2023-10-17,315.41016159216974,321.57601625080804,314.53781735721145,321.17950439453125,16387800,321.17950439453125
2023-10-18,318.5922912851323,323.1026711047013,312.81302491646005,314.21075439453125,16851000,314.21075439453125
2023-10-19,317.09540654240755,319.08791890346794,309.0361744423842,310.0869445800781,18709200,310.0869445800781
2023-10-20,311.4053948634876,312.5552703274842,303.80214965849547,305.9631652832031,22312300,305.9631652832031
2023-10-23,306.80577011666287,314.59733347334077,304.5852792316508,311.2765197753906,17796800,311.2765197753906
2023-10-24,314.0223812193745,315.5787213935738,307.9259239452391,309.8291931152344,19525500,309.8291931152344
2023-10-25,307.3014363017255,308.17378070314754,296.2385809646329,296.9225769042969,42192500,296.9225769042969
2023-10-26,292.4319477072552,292.4319477072552,276.96774374421744,285.83984375,66684100,285.83984375
2023-10-27,291.9165286472556,296.70446963131815,290.41966369017985,294.1469421386719,29596300,294.1469421386719
2023-10-30,296.4863994004334,306.7066477918955,296.4467391323724,300.02532958984375,28435100,300.02532958984375
2023-10-31,300.669680667848,301.0364549734393,294.2758158885733,298.6474304199219,19434200,298.6474304199219
2023-11-01,299.22230704539163,310.0174904458716,299.22230704539163,309.13525390625,20434600,309.13525390625
2023-11-02,314.53783684335446,316.0446243432361,305.64592102556026,308.163818359375,21631800,308.163818359375
2023-11-03,309.82918609596044,312.8030705771321,308.31250622063965,311.8613586425781,16764300,311.8613586425781
2023-11-06,313.22932885081644,315.5588473330183,311.7126490795683,313.0508728027344,12887700,313.0508728027344
2023-11-07,314.299958512523,318.20566283791453,312.3768439867447,316.0446472167969,14055600,316.0446472167969
2023-11-08,315.37059933746826,318.53280249069024,312.1389680232896,316.9963073730469,13609700,316.9963073730469
2023-11-09,316.63941423329265,321.35795714702647,316.0247860148068,317.7595520019531,16103100,317.7595520019531
2023-11-10,317.1548694871678,326.23513373605715,316.67903707934255,325.9079895019531,19096200,325.9079895019531
2023-11-13,323.36037901996815,329.4369907917262,322.8647316151257,326.3243408203125,16908900,326.3243408203125
2023-11-14,331.6277738153951,335.15678091466447,330.42828531533473,333.3823547363281,17179400,333.3823547363281
2023-11-15,334.9882503418072,335.45416011600383,327.14710470691955,329.8136901855469,14531200,329.8136901855469
2023-11-16,326.5028345518867,331.6674731142696,323.5388721349138,331.2808837890625,18932600,331.2808837890625
2023-11-17,327.38505530805384,332.5794307757708,326.4829733409951,332.1234436035156,14494400,332.1234436035156
2023-11-20,331.97476378028864,338.89398282519466,331.2808452491062,337.0105285644531,16960500,337.0105285644531
2023-11-21,335.3847937518308,336.94113402174503,332.9759543798253,334.04656982421875,12027900,334.04656982421875
2023-11-22,336.2570915587399,339.93481694882354,335.6325710112949,338.5172424316406,10702700,338.5172424316406
2023-11-24,337.16912925300625,338.88405001830046,333.83836275604654,335.2856750488281,5467500,335.2856750488281
2023-11-27,333.25347387508214,336.941091688836,331.2907295601576,331.786376953125,15684500,331.786376953125
2023-11-28,330.4976973935413,336.42565149537353,330.4976973935413,336.0390319824219,12637200,336.0390319824219
2023-11-29,336.73292416213553,336.9410875941156,327.9004840965644,329.3081359863281,16024500,329.3081359863281
2023-11-30,329.00085151227404,330.59682164758357,319.593443122573,324.3020935058594,23146400,324.3020935058594
2023-12-01,322.64668993525703,324.01465154921027,317.96777657976315,321.992431640625,15276400,321.992431640625
2023-12-04,314.5279458457028,318.0668454059469,310.92954076374997,317.2341613769531,19037100,317.2341613769531
2023-12-05,316.2032524808111,319.078001589407,312.644507483201,315.5192565917969,16952100,315.5192565917969
2023-12-06,319.12756635327975,319.4447879881586,314.2801499252027,314.68658447265625,11294300,314.68658447265625
2023-12-07,315.0037213010435,325.38257852662645,315.0037213010435,323.7469482421875,15905100,323.7469482421875
2023-12-08,320.27745110653814,330.26972018709864,320.18823819980867,329.8533630371094,14087400,329.8533630371094
2023-12-11,326.5325557121071,327.0183108166974,317.2143890831733,322.44842529296875,25802500,322.44842529296875
2023-12-12,321.77432544730783,331.55840111361704,321.73466518140424,331.3105773925781,18485500,331.3105773925781
2023-12-13,331.02307290083434,335.4244243340028,329.74432436086573,331.8260192871094,16353300,331.8260192871094
2023-12-14,330.94381816444326,331.786424904649,325.779180053839,330.2697448730469,19607300,330.2697448730469
2023-12-15,329.0999691679317,335.7119191603619,328.33668302041815,332.0044860839844,31776900,332.0044860839844
2023-12-18,334.5421662666255,344.5344041297469,334.08614889595844,341.6199951171875,18993900,341.6199951171875
2023-12-19,342.57167029164464,350.5218745666176,342.11568311875016,347.31005859375,17729400,347.31005859375
2023-12-20,345.6149812888574,351.8700500578923,344.76248214532603,346.239501953125,16369900,346.239501953125
2023-12-21,349.90724566402645,353.3073795313147,346.17004494664536,351.007568359375,15289600,351.007568359375
2023-12-22,352.4846594181729,354.0905827144297,348.16262778042943,350.3137512207031,11772800,350.3137512207031
2023-12-26,351.899821776478,353.87251950657867,350.3732491736726,351.7412109375,9898600,351.7412109375
2023-12-27,352.9703988386223,355.8748857712245,352.2170049987148,354.7150573730469,13207900,354.7150573730469
2023-12-28,356.5687668691386,358.7495973710055,354.6952050963075,355.2007751464844,11798800,355.2007751464844
2023-12-29,355.8649351224526,356.8661526201397,348.7573678571759,350.87872314453125,14987100,350.87872314453125
2024-01-02,348.2617556958284,350.0857348081717,337.05021201896517,343.2755432128906,19042200,343.2755432128906
2024-01-03,341.97694461960975,344.921091847354,340.19259554865863,341.47137451171875,15451100,341.47137451171875
2024-01-04,341.50104862415935,345.11926848808156,340.41061832562946,344.0982360839844,12099900,344.0982360839844
2024-01-05,343.96941637649724,350.4227560194501,343.2457904424102,348.8862609863281,13920700,348.8862609863281
2024-01-08,351.61232236037006,355.85506343366256,348.9853666048785,355.537841796875,13890200,355.537841796875
2024-01-09,353.29754033389315,357.50065180494664,352.2665850388887,354.3185729980469,13463900,354.3185729980469
2024-01-10,357.0346705179699,369.69349454560995,355.9541325367698,367.2449951171875,22117200,367.2449951171875
2024-01-11,368.8905728121484,369.5349084412359,359.7706477096314,366.4519958496094,17205400,366.4519958496094
2024-01-12,366.93765712511953,373.7775846416125,366.3230592391268,371.2299499511719,19310000,371.2299499511719
2024-01-16,370.3973485723364,372.3402781857288,364.0332519935997,364.26123046875,15306900,364.26123046875
2024-01-17,363.1113118453537,365.33183300535507,355.48825160061466,365.1632995605469,12724800,365.1632995605469
2024-01-18,368.25609056029504,373.5694463469894,367.72081315695874,372.855712890625,16354300,372.855712890625
2024-01-19,375.7007255933001,381.0140511493726,374.67969316917856,380.11199951171875,21670800,380.11199951171875
2024-01-22,384.57287645581624,386.95197821430475,377.8419754760099,378.4565734863281,17680500,378.4565734863281
2024-01-23,381.2718337835055,384.9991122312808,378.75393630536456,381.8468017578125,15506100,381.8468017578125
2024-01-24,386.60500116462015,392.70145859414,384.4340629686961,387.2989196777344,15698500,387.2989196777344
2024-01-25,386.7735471204069,392.047213033443,382.302797409854,389.75732421875,15091100,389.75732421875
2024-01-26,390.91717836621734,393.33594051871705,388.18119456212906,390.7090148925781,13163700,390.7090148925781
2024-01-29,391.551606073067,399.4224908676714,389.678074236345,397.52911376953125,18742400,397.52911376953125
2024-01-30,400.0766927751704,402.8225686731587,396.09169829023307,396.5774230957031,18614700,396.5774230957031
2024-01-31,385.6137142301989,394.53536828693876,383.7302599797155,386.7438049316406,20180800,386.7438049316406
2024-02-01,390.51069973653455,397.01359160077834,389.6284327898342,391.3433837890625,29727100,391.3433837890625
2024-02-02,455.5990914546295,481.72960759353555,449.066462419903,470.8551025390625,84707600,470.8551025390625
2024-02-05,465.7896872246018,467.792092181395,455.2224791715045,455.41082763671875,40832400,455.41082763671875
2024-02-06,459.96081170368444,463.05364680414374,449.05656832277816,450.7615966796875,21655200,450.7615966796875
2024-02-07,454.0130625295491,467.41535863754694,452.20889855772646,465.5021667480469,23066000,465.5021667480469
2024-02-08,464.2432012847288,466.4934296544483,460.98183282884037,465.9085693359375,18815100,465.9085693359375
2024-02-09,468.83286637940745,469.4672792914781,463.4005602324606,464.03497314453125,18413100,464.03497314453125
2024-02-12,464.1143653554513,474.9789490756288,462.5183648227148,464.81817626953125,19382000,464.81817626953125
2024-02-13,452.892854856831,463.81694302069843,451.12835130568254,456.11456298828125,20916600,456.11456298828125
2024-02-14,463.8566307551382,469.98282618084056,462.0326517085822,469.1600646972656,16858400,469.1600646972656
2024-02-15,471.1426369454391,484.3665072274175,468.1092769839316,479.81646728515625,24212300,479.81646728515625
2024-02-16,473.9479877976202,474.7905945088787,465.12546928119934,469.19970703125,23324600,469.19970703125
2024-02-20,465.63101374806274,472.03476994795795,462.49851842146023,467.6433410644531,18015500,467.6433410644531
2024-02-21,462.92970889465835,465.41057550181085,458.25576468630754,464.447998046875,12921800,464.447998046875
2024-02-22,476.5645485214587,486.23992842019754,472.41654676636847,482.40948486328125,21625800,482.40948486328125
2024-02-23,484.31475349723246,490.57645821723105,478.658395960272,480.3255310058594,18374300,480.3255310058594
2024-02-26,479.7698100644105,482.419388801166,476.92178017882867,478.05303955078125,12101400,478.05303955078125
2024-02-27,476.3065805684811,483.5407662161046,476.2470421891275,483.32244873046875,10809600,483.32244873046875
2024-02-28,481.2881234084936,487.29180850441577,479.0553434545367,480.31561279296875,12715500,480.31561279296875
2024-02-29,484.70180744595217,487.93686726454155,478.91640943030325,486.3788757324219,17732000,486.3788757324219
2024-03-01,488.34373392761546,500.3908377455122,488.08574437139015,498.45574951171875,16273600,498.45574951171875
2024-03-04,499.1503515840117,500.5594971142455,492.62072412682585,494.3771667480469,12324100,494.3771667480469
2024-03-05,491.2115858850194,491.7871336101802,484.15601582408954,486.4681701660156,15325300,486.4681701660156
2024-03-06,493.8214351084789,499.12056222938503,490.50700115423484,492.293212890625,11757900,492.293212890625
2024-03-07,499.4281774947714,515.8713370436177,497.5427250800639,508.2699890136719,18586400,508.2699890136719
2024-03-08,510.254715842795,519.5629320729014,495.52829549516997,502.0777893066406,18597100,502.0777893066406
2024-03-11,493.206190107269,493.5138151285209,472.3569784877546,479.8888854980469,20428300,479.8888854980469
2024-03-12,489.48491194914317,498.46563690206807,481.0201963453091,495.92523193359375,15448200,495.92523193359375
2024-03-13,491.59866756926175,497.1458822287544,487.2720200219319,491.77728271484375,12090700,491.77728271484375
2024-03-14,496.43133146634375,497.5129856516663,484.4239312675284,488.0658264160156,12620000,488.0658264160156
2024-03-15,485.2674760460602,488.06587076219864,477.6164610806942,480.3950500488281,29153600,480.3950500488281
2024-03-18,488.1452478161507,493.6130875886428,483.0842738072249,493.17645263671875,11755300,493.17645263671875
2024-03-19,484.43383339781366,492.82907681376946,477.596551064814,492.4420471191406,10903100,492.4420471191406
2024-03-20,495.6771461475813,504.3105740199144,491.3802985259637,501.65106201171875,11711100,501.65106201171875
2024-03-21,510.7707839758228,511.09821477284595,502.1373557038148,503.87396240234375,9712500,503.87396240234375
2024-03-22,503.11972128020517,506.06699186474566,500.48007571593536,505.6799621582031,8120600,505.6799621582031
2024-03-25,501.91901611098194,503.33806453967446,496.4114740821437,499.1701965332031,8380600,499.1701965332031
2024-03-26,501.26412299091186,506.0968468595986,491.4200298211447,492.0948486328125,11205400,492.0948486328125
2024-03-27,495.4786906872178,496.0642018848251,484.3346567294072,490.080322265625,9989700,490.080322265625
2024-03-28,489.06812442310434,489.1177599265289,481.4369761827551,481.8636779785156,15212800,481.8636779785156
2024-04-01,483.4713059825083,493.62299295598973,478.0927737479156,487.58953857421875,9247000,487.58953857421875
2024-04-02,481.3873636113719,493.7222251422253,480.94079550745505,493.5634460449219,11081000,493.5634460449219
2024-04-03,495.11150004572073,503.3578981717305,494.9328849193272,502.8617248535156,12099200,502.8617248535156
2024-04-04,512.4676419362434,525.9437264523161,506.672341112813,507.009765625,26476300,507.009765625
2024-04-05,512.9043035265651,526.638408576823,510.47304198515513,523.3041381835938,19263300,523.3041381835938
2024-04-08,525.2291425777045,527.4221894037397,514.9186487311518,515.27587890625,13260600,515.27587890625
2024-04-09,518.2331950359386,521.8453515412855,502.8617544246005,512.9440307617188,10863800,512.9440307617188
2024-04-10,505.3922206037786,518.5606494016819,501.928910292975,515.8515625,11418500,515.8515625
2024-04-11,517.1217075007655,519.8506605732492,513.3309363282792,519.156005859375,10369500,519.156005859375
2024-04-12,513.7875035345007,516.2088319033819,505.4319310018834,507.9822692871094,11984500,507.9822692871094
2024-04-15,512.7653687884457,514.5615744994229,493.4741763865058,496.401611328125,13512900,496.401611328125
2024-04-16,494.2977844340761,500.90681687935023,493.3054377657289,495.9351806640625,9847900,495.9351806640625
2024-04-17,499.2495563769016,499.3090947473016,483.4117138862231,490.3879089355469,12193700,490.3879089355469
2024-04-18,495.994706718665,508.28989617034574,495.22067754794534,497.95953369140625,14808700,497.95953369140625
2024-04-19,498.95191950753076,498.95191950753076,472.0891167696375,477.38824462890625,25215400,477.38824462890625
2024-04-22,485.97205376724986,488.2445363143098,469.77694746757305,478.043212890625,17271100,478.043212890625
2024-04-23,487.4903047021122,494.94283793154807,485.22775549164936,492.3031921386719,15079200,492.3031921386719
2024-04-24,504.17161722523144,506.0967720750617,480.8713078752949,489.7230529785156,37772700,489.7230529785156
2024-04-25,418.1749151567085,442.35840065292007,411.32772862601064,438.00201416015625,82890700,438.00201416015625
2024-04-26,438.0813276050655,443.02322464354364,428.65403477490287,439.8973388671875,32691400,439.8973388671875
2024-04-29,436.195878453334,436.3943598912081,425.28006561859786,429.3089904785156,21502600,429.3089904785156
2024-04-30,427.7510167239678,436.2554348890997,426.43120898791216,426.8777770996094,18429500,426.8777770996094
2024-05-01,425.3198175578289,446.5163293249573,423.8412003264866,435.8287658691406,20344900,435.8287658691406
2024-05-02,435.48139130558843,440.562201203768,428.9715998380439,438.2996520996094,15221300,438.2996520996094
2024-05-03,442.51718778714474,450.69414576340074,440.45311983093706,448.50103759765625,16489100,448.50103759765625
2024-05-06,452.093259876696,462.592304076786,449.8704131384758,462.115966796875,15094600,462.115966796875
2024-05-07,462.7213751109802,467.92126239654385,457.7794773876033,464.65643310546875,13406800,464.65643310546875
2024-05-08,459.9526716667021,471.9402058578811,459.4564983423583,468.9830322265625,11683900,468.9830322265625
2024-05-09,466.40290121752565,472.4363552104369,464.0510446249137,471.78143310546875,9437700,471.78143310546875
2024-05-10,473.4386537168411,473.8455194723548,466.0059870918143,472.55548095703125,10750000,472.55548095703125
2024-05-13,469.1318441867083,469.72725818959685,459.3076191330967,464.4281311035156,14668800,464.4281311035156
2024-05-14,459.8236291276941,468.9234605753996,456.55880040566063,468.2387390136719,10478600,468.2387390136719
2024-05-15,471.3448527592267,478.8072891405804,467.59378339452235,477.8546447753906,13100500,477.8546447753906
2024-05-16,471.36465799748123,474.0340729044409,469.1318780385458,469.60821533203125,16608200,469.60821533203125
2024-05-17,467.2265884372279,469.1815126685142,464.83505951456476,468.29833984375,10807300,468.29833984375
2024-05-20,466.3533210681569,469.5784476860999,463.4655886777014,465.2518005371094,11745100,465.2518005371094
2024-05-21,463.54493846751484,467.0975562508918,458.73205140568564,461.0740051269531,11742200,461.0740051269531
2024-05-22,464.28919769640606,470.094431348203,462.0861870387401,464.19989013671875,10078600,464.19989013671875
2024-05-23,469.26090804074687,470.7295617615154,458.00770019996276,462.2152404785156,11747900,462.2152404785156
2024-05-24,464.0411472655585,476.17755800168163,462.73124238654253,474.5600280761719,12024300,474.5600280761719
2024-05-28,472.9325751794718,477.17981782811154,471.205901618862,476.2470397949219,10175800,476.2470397949219
2024-05-29,471.0272753949379,476.17755705003367,470.07463106847433,470.72955322265625,9226200,470.72955322265625
2024-05-30,468.06016138210737,468.1196997588506,461.1534068397315,463.4754943847656,10719600,463.4754943847656
2024-05-31,462.23508624663583,465.52968459800337,450.98187816881347,463.2572021484375,16919800,463.2572021484375
2024-06-03,467.2562783508773,475.9294077233338,464.6563352556057,473.8355407714844,11279400,473.8355407714844
2024-06-04,473.3493496612414,475.22489935660434,469.60821371186694,473.33941650390625,7088700,473.33941650390625
2024-06-05,480.7423648637953,492.84897628065335,480.2064891730306,491.2711486816406,15690500,491.2711486816406
2024-06-06,489.20708041502814,498.9717681761462,487.13307947431673,489.9811096191406,10667300,489.9811096191406
2024-06-07,492.11466024786785,495.091700375797,486.41859982731586,489.1872253417969,9380700,489.1872253417969
2024-06-10,490.0803178915368,498.81298686453346,489.63378005499686,498.7534484863281,11220900,498.7534484863281
2024-06-11,496.33206952203005,503.71513050642415,494.45651994785885,503.58612060546875,9673700,503.58612060546875
2024-06-12,510.0562580327931,510.07612434807345,500.60912858458613,504.9456787109375,11983200,504.9456787109375
2024-06-13,501.83960690092306,505.4616660517263,497.52289299395886,500.241943359375,9954600,500.241943359375
2024-06-14,499.29830731982713,503.76830117284993,497.41098264470133,500.7982482910156,10243300,500.7982482910156
2024-06-17,498.3248218231231,507.3442620321648,492.70255969673593,503.2517395019531,11266600,503.2517395019531
2024-06-18,501.1955013675605,502.6259016154662,491.7191073037055,496.1593017578125,13060400,496.1593017578125
2024-06-20,498.6526016949452,500.3114792658719,493.45746507098966,498.3546142578125,11801200,498.3546142578125
2024-06-21,500.09297514636967,500.09297514636967,489.1067263628177,491.48077392578125,22359200,491.48077392578125
2024-06-24,495.87126563892224,504.41389519417567,490.99400267681284,495.58319091796875,13525300,495.58319091796875
2024-06-25,493.73561634252076,507.3045339423374,492.1959639995384,507.1952819824219,12063200,507.1952819824219
2024-06-26,503.27162738652333,510.383887800089,501.3147622286422,509.698486328125,8882300,509.698486328125
2024-06-27,510.8209904621114,519.3934506311559,510.4733485069415,516.0955810546875,10121200,516.0955810546875
2024-06-28,513.7016545830614,518.4000954188623,500.48037812073636,500.85784912109375,15855100,500.85784912109375
2024-07-01,501.58297732671764,503.2020829318588,489.8815282371348,501.31475830078125,10328200,501.31475830078125
2024-07-02,497.4209490309637,507.09599314681213,496.1196865177511,506.1026611328125,7739500,506.1026611328125
2024-07-03,502.9934818232005,507.87074521081,502.6458095867641,506.5595397949219,6005600,506.5595397949219
2024-07-05,508.18862031678924,537.2634349299381,508.18862031678924,536.309814453125,21354100,536.309814453125
2024-07-08,538.7336124129018,539.1905669814913,523.1383477493558,525.79052734375,14917500,525.79052734375
2024-07-09,530.190814324145,533.8959223000509,524.6678922946722,526.4658203125,8753200,526.4658203125
2024-07-10,527.2506151441854,535.2866968575805,524.8368259127777,531.1246337890625,10983300,531.1246337890625
2024-07-11,527.3500219197413,531.8895562792189,504.9801666469837,509.28131103515625,16458300,509.28131103515625
2024-07-12,494.44087322434433,504.7019779354112,490.93441299316135,495.54345703125,19750500,495.54345703125
2024-07-15,495.3050935222818,503.30140324613546,490.0801579921721,492.8515625,12539200,492.8515625
2024-07-16,498.1559561053816,500.58963142634576,482.55072018571695,486.5240478515625,14075800,486.5240478515625
2024-07-17,475.9748583365877,475.9748583365877,456.0585356169319,458.9093933105469,28076600,458.9093933105469
2024-07-18,471.8326942182321,476.04441214611455,461.442450113497,472.6770324707031,19267200,472.6770324707031
2024-07-19,472.88560505542085,483.46458424586564,472.5379328105717,473.6107482910156,15149400,473.6107482910156
2024-07-22,483.3354544094365,488.77892449316187,480.6733320174168,484.1499938964844,12023100,484.1499938964844
2024-07-23,486.5737221720912,491.91785295092694,484.4678632735356,485.431396484375,9455500,485.431396484375
2024-07-24,469.1606382402564,473.1240232513889,457.508842874167,458.1942443847656,17649700,458.1942443847656
2024-07-25,460.1710149834866,460.45905945171774,439.69842567855943,450.3866882324219,18240500,450.3866882324219
2024-07-26,461.10472855593935,466.6375647815951,456.35660278759616,462.5947265625,14222400,462.5947265625
2024-07-29,466.7467294577904,470.79950967624563,461.91912136963595,462.6045227050781,11339600,462.6045227050781
2024-07-30,463.88603283345884,469.57783596951856,453.6547256053789,460.1014404296875,11390400,460.1014404296875
2024-07-31,467.8791653340308,473.32263488120134,463.6376491727193,471.66375732421875,24285800,471.66375732421875
2024-08-01,517.525898740057,523.6547393365818,488.81861406662085,494.4209899902344,43083100,494.4209899902344
2024-08-02,485.7393217238086,497.8082988081169,472.97500015148046,484.88507080078125,24044700,484.88507080078125
2024-08-05,448.340392438967,480.256153607523,447.7940416649235,472.5578308105469,21396200,472.5578308105469
2024-08-06,475.80600414778166,499.2089024694643,475.4583319023931,490.7953796386719,20955000,490.7953796386719
2024-08-07,499.77508903606014,506.7482681354804,483.61355944940226,485.65985107421875,20105300,485.65985107421875
2024-08-08,494.18262946631637,506.55953668319745,491.4211679453795,506.23175048828125,16156800,506.23175048828125
2024-08-09,504.32449769396317,514.8836502692486,502.32792131826227,514.3174438476562,13696600,514.3174438476562
2024-08-12,513.4134878308477,514.5657867339853,505.70525325253175,512.5095825195312,9767400,512.5095825195312
2024-08-13,516.5425953987603,527.9559706517589,514.6950123852472,525.0156860351562,13743800,525.0156860351562
2024-08-14,524.5389392158282,530.4393342352577,519.6418193043561,523.2476196289062,11444200,523.2476196289062
2024-08-15,528.2439725420813,536.1708026803833,523.1879469001557,533.7470703125,13482100,533.7470703125
2024-08-16,528.3532441619528,530.1014573197285,521.1614705192093,523.903076171875,14776700,523.903076171875
2024-08-19,523.3567078553176,528.1147452351695,519.2741288076174,525.7506713867188,9879700,525.7506713867188
2024-08-20,524.8268440690854,527.5486241898866,522.3733435694845,523.2176513671875,7944400,523.2176513671875
2024-08-21,523.6348937052984,535.803208512871,523.4163291780279,531.5914306640625,13423300,531.5914306640625
2024-08-22,533.4191952832433,540.6009650477762,525.0653012290355,528.3829956054688,15708300,528.3829956054688
2024-08-23,533.3396896345922,536.2700305512936,521.5587891134588,524.4791870117188,11323900,524.4791870117188
2024-08-26,524.081913244852,524.479270276633,511.5163004380435,517.6451416015625,9584000,517.6451416015625
2024-08-27,515.5194768725571,520.5159664663109,511.8739650201228,515.638671875,6282700,515.638671875
2024-08-28,514.2181257900095,517.615364659823,509.0329621910887,513.3341064453125,9106100,513.3341064453125
2024-08-29,515.5888867116108,523.684565573268,512.2413632137636,514.764404296875,8317400,514.764404296875
2024-08-30,517.8735737554629,520.0489730917525,511.7646188064961,517.8338623046875,9157500,517.8338623046875
2024-09-03,516.174963281038,521.9859301968734,505.22842718576123,508.3475036621094,12459100,508.3475036621094
2024-09-04,502.6955675140606,513.1454402826174,500.708903375745,509.3210754394531,8335200,509.3210754394531
2024-09-05,508.307802962019,518.1517257651456,507.74159650154314,513.4135131835938,8640900,513.4135131835938
2024-09-06,518.4000295415103,521.0820376560034,494.9275931294912,496.9341125488281,14744500,496.9341125488281
2024-09-09,502.78490166446124,507.9204108518389,498.7320903469637,501.4240417480469,11047800,501.4240417480469
2024-09-10,504.77156555740726,510.751412962104,496.69577198232815,501.4240417480469,9899000,501.4240417480469
2024-09-11,503.6292165016286,509.69845986206315,492.29529588084,508.41705322265625,10782500,508.41705322265625
2024-09-12,513.6022393471186,523.1978593142228,511.7844250205015,522.09521484375,11970500,522.09521484375
2024-09-13,516.8704572987319,524.0621720816487,513.6619533531348,521.1218872070312,10321400,521.1218872070312
2024-09-16,521.5394368849483,531.0447481141917,514.4403261539426,530.2294921875,9527600,530.2294921875
2024-09-17,534.5247216049645,538.9989800805172,527.5349671432173,533.2520751953125,11690800,533.2520751953125
2024-09-18,533.9977098303668,541.0869276726933,530.845860739671,534.8726806640625,10323500,534.8726806640625
2024-09-19,546.8538127706381,558.8547755441265,543.393738974814,555.9017333984375,15647000,555.9017333984375
2024-09-20,556.7965408444652,561.2707987619654,553.1176944195414,558.1387939453125,22066800,558.1387939453125
2024-09-23,566.2421222621582,570.6964745858071,559.1926545649918,561.1812133789062,12830700,561.1812133789062
2024-09-24,563.4383563302257,564.5022427843289,551.0198138385321,560.1075439453125,12993000,560.1075439453125
2024-09-25,560.8233197330189,573.5799422527921,560.4951905177006,565.0589599609375,16543400,565.0589599609375
2024-09-26,572.436555499505,574.0970460697704,559.1330900425771,564.5917358398438,14400800,564.5917358398438
2024-09-27,566.8387572234752,567.5745750797583,561.2807684246667,564.1144409179688,9398400,564.1144409179688
2024-09-30,564.4525297734127,571.392581823153,561.5690947166503,569.1654052734375,12792300,569.1654052734375
2024-10-01,574.6737352692572,579.7047878934193,566.8388067371769,573.17236328125,15259300,573.17236328125
2024-10-02,571.5715250916941,572.705018338464,566.0831432657689,569.5332641601562,6524700,569.5332641601562
2024-10-03,566.8884172422595,580.0228091163762,565.476496817631,579.4362182617188,11581000,579.4362182617188
2024-10-04,580.3907699305325,593.4357124935896,578.1039391514795,592.5309448242188,14169500,592.5309448242188
2024-10-07,594.7979355563699,599.5009195077625,580.6990575803541,581.4348754882812,12014200,581.4348754882812
2024-10-08,586.3167671153983,590.1646244921006,582.6180152740485,589.4984741210938,7857400,589.4984741210938
2024-10-09,590.5920310170018,590.9897670648169,578.2828467749312,587.1319580078125,9529700,587.1319580078125
2024-10-10,584.2087686773417,586.8535252444071,579.187669721319,580.4901733398438,7740400,580.4901733398438
2024-10-11,581.4845497009563,587.82805834101,579.376681824714,586.5752563476562,8587100,586.5752563476562
2024-10-14,590.8207918278077,596.6671607014488,586.5852117292404,587.0425415039062,8252000,587.0425415039062
2024-10-15,586.7840223253323,587.2314602827565,576.821381994876,582.9163208007812,9564200,582.9163208007812
2024-10-16,578.074153352245,578.7502561624128,570.7463179400054,573.490478515625,11268400,573.490478515625
2024-10-17,579.9931131702996,581.6236855285798,571.9096154864388,573.6296997070312,8701200,573.6296997070312
2024-10-18,577.7758829363129,580.6294606897518,571.9593712320872,573.17236328125,7694300,573.17236328125
2024-10-21,572.7349521980965,573.9379917697427,565.8544931305977,571.869873046875,8171900,571.869873046875
2024-10-22,571.0047339757137,580.1919272386083,568.8471645216868,578.6806030273438,8544500,578.6806030273438
2024-10-23,576.6522939692993,581.6535493433651,559.2822589840049,560.4654541015625,14248400,560.4654541015625
2024-10-24,563.885676542558,565.625665478875,558.3077837170615,564.531982421875,7184700,564.531982421875
2024-10-25,570.6468058786587,577.9646881740268,568.4494264147659,569.970703125,11337900,569.970703125
2024-10-28,578.67072146079,580.410710743533,570.8357934356153,574.8526611328125,10925100,574.8526611328125
2024-10-29,576.8313344603039,590.2739533915471,572.1085063582906,589.88623046875,13019100,589.88623046875
2024-10-30,597.5420905900066,597.7608636426235,586.0084723536592,588.4146118164062,26864900,588.4146118164062
2024-10-31,581.6535232859577,586.5255172425846,559.7893261973286,564.3331909179688,26838400,564.3331909179688
2024-11-01,564.3630263338429,570.3883582518947,559.3419265164682,563.9155883789062,15303200,563.9155883789062
2024-11-04,560.8731367595427,565.4369071400736,554.698698856843,557.4727172851562,12064600,557.4727172851562
2024-11-05,564.0547369200507,570.1993768247104,563.4283359927113,569.1553955078125,9775400,569.1553955078125
2024-11-06,559.5308004818795,569.7221655728422,551.9941447200907,568.777587890625,18305400,568.777587890625
2024-11-07,573.5899682554951,591.3974890420855,571.9195858236583,588.3152465820312,14653700,588.3152465820312
2024-11-08,588.1561165108458,589.707190216614,581.1763151778936,585.96875,9415700,585.96875
2024-11-11,583.0057385461188,583.6420920185832,573.2121093173138,579.833984375,10209100,579.833984375
2024-11-12,585.1733003985561,596.2296848177605,577.0600054748132,581.474609375,16287700,581.474609375
2024-11-13,579.2771839216865,582.2898800347385,571.8797417717248,576.68212890625,10757600,576.68212890625
2024-11-14,573.6993404002395,577.4378414789874,569.7321744285508,573.8583984375,11053700,573.8583984375
2024-11-15,567.9523677618081,569.2946816423462,548.3452030486293,550.9104614257812,17712900,550.9104614257812
2024-11-18,553.853551058886,556.6972371675329,546.9433555826829,551.2286987304688,14327300,551.2286987304688
2024-11-19,548.7031890906989,558.2184532479198,547.4503869397267,557.8804321289062,9522400,557.8804321289062
2024-11-20,559.709823243458,563.110242576314,551.0297815177419,562.2850341796875,9797300,562.2850341796875
2024-11-21,566.2620449532839,566.739279664007,545.9091133005595,559.8688354492188,11154700,559.8688354492188
2024-11-22,560.3262747981044,560.6047022245103,551.4175681293176,555.9415283203125,9164000,555.9415283203125
2024-11-25,558.884588798054,569.3146337097819,553.2072906140769,561.8773803710938,13599800,561.8773803710938
2024-11-26,562.7622479761632,574.1964632618979,561.9668364413141,570.2590942382812,10356600,570.2590942382812
2024-11-27,571.601423170664,571.6908743519631,560.8731072719025,565.9439697265625,7200200,565.9439697265625
2024-11-29,565.7450327371056,575.1509386081322,563.6570700717043,571.0346069335938,7130500,571.0346069335938
2024-12-02,574.196458750282,591.0992116485587,572.2775064388576,589.4387817382812,12522400,589.4387817382812
2024-12-03,591.5963703951107,610.6865511232141,587.8678218422003,610.1397094726562,14907200,610.1397094726562
2024-12-04,609.4536043990507,614.2460390304662,601.6385211482492,610.2689208984375,14697000,610.2689208984375
2024-12-05,613.550119948881,616.3539959197653,603.5774656613376,605.4467163085938,8081200,605.4467163085938
2024-12-06,606.6099369109293,626.1873039273537,605.0489714012239,620.2017822265625,16935500,620.2017822265625
2024-12-09,620.350888846341,622.8167434326103,602.7024265777296,610.0601196289062,11426000,610.0601196289062
2024-12-10,614.0272799520044,622.0113739130567,609.234845211511,615.7772216796875,10938900,615.7772216796875
2024-12-11,619.8039905100828,634.7480401253283,617.9745502630952,629.0607299804688,10837200,629.0607299804688
2024-12-12,627.8876010257708,633.0180573346814,623.6221631603041,627.181640625,7474700,627.181640625
2024-12-13,623.6320266186848,627.4699920270454,613.3611619616729,616.8013305664062,8453300,616.8013305664062
2024-12-16,626.8814359361309,628.0457250425881,615.5375430599308,621.169677734375,10885600,621.169677734375
2024-12-17,623.0902515630854,629.2597698587709,613.5076105410767,616.3933715820312,12897800,616.3933715820312
2024-12-18,617.9456355913278,624.2743396016706,593.3870305020766,594.2527465820312,17075500,594.2527465820312
2024-12-19,607.3878008993366,608.5122478337648,592.0734823017316,592.6406860351562,14958100,592.6406860351562
2024-12-20,587.675323062813,600.1436642411298,577.1473424651591,582.3715209960938,48989400,582.3715209960938
2024-12-23,586.7000720639313,598.1336103729398,583.3665730831542,596.899658203125,10205800,596.899658203125
2024-12-24,599.7555744761255,604.99967413285,596.3325519539701,604.7608642578125,4726100,604.7608642578125
2024-12-26,602.5019136601244,603.3178877600023,595.9941026607926,600.3823852539062,6081400,600.3823852539062
2024-12-27,596.4618063664631,598.8898077827639,586.8990872280444,596.85986328125,8084200,596.85986328125
2024-12-30,585.8542270232425,594.0039468527602,582.6998357068834,588.3319702148438,7025900,588.3319702148438
2024-12-31,589.3570104919964,591.0486006579675,580.9783795227164,582.6302490234375,6019500,582.6302490234375
2025-01-02,586.8195277648132,601.9348206194616,584.9289090505599,596.292724609375,12682300,596.292724609375
2025-01-03,601.7854323342851,606.5021084147011,593.4764662702436,601.6560668945312,11436800,601.6560668945312
2025-01-06,608.8207596792694,627.8864953892827,602.641281410124,627.1004028320312,14560800,627.1004028320312
2025-01-07,628.5930258941997,628.9910220723464,605.2384303850833,614.8509521484375,12071500,614.8509521484375
2025-01-08,610.3830585744919,613.4080846789525,599.8251969713253,607.7161865234375,10085800,607.7161865234375
2025-01-10,607.0295902270824,626.8117543633127,594.4020036952091,612.8308715820312,19256600,612.8308715820312
2025-01-13,604.1139601037415,605.9747576676493,595.5065414878209,605.3379516601562,10785000,605.3379516601562
2025-01-14,602.0940612489228,602.5119785361296,585.6552929558646,591.3272705078125,13598000,591.3272705078125
2025-01-15,607.2087904116609,619.3985405217896,603.5170156565779,614.0847778320312,15524300,614.0847778320312
2025-01-16,608.4923634164871,613.2190007447427,606.7111893194766,608.2933349609375,8355300,608.2933349609375
2025-01-17,620.9805911305821,621.896049094774,600.7008255237737,609.756103515625,17280600,609.756103515625
2025-01-21,614.7912965163201,618.443229069153,606.0146693079478,613.4280395507812,11674000,613.4280395507812
2025-01-22,620.2343211513619,630.5831936184607,616.3833603918935,620.433349609375,12274000,620.433349609375
2025-01-23,624.2743234364817,633.468866899262,618.0949061109532,633.3196411132812,9910200,633.3196411132812
2025-01-24,633.2699382382675,648.7931865048288,631.0807466276091,644.3053588867188,19065300,644.3053588867188
2025-01-27,623.5280177511174,660.6047649681485,622.0254349357211,656.6343994140625,28399200,656.6343994140625
2025-01-28,662.7243202820943,679.222789585596,656.2264085295512,671.0133666992188,20950100,671.0133666992188
2025-01-29,671.6800579089199,677.7002892439266,662.3959298804792,673.1627197265625,21377800,673.1627197265625
2025-01-30,693.3927409364592,707.294001197109,672.774619401076,683.6210327148438,29322900,683.6210327148438
2025-01-31,687.6013388802664,701.8309926464267,682.2080139805101,685.790283203125,19303900,685.790283203125
2025-02-03,672.5855459885331,700.5374135449807,671.9288188867163,694.0296020507812,21415700,694.0296020507812
2025-02-04,699.0447502736523,704.2291467274541,688.2082982161528,700.7264404296875,13826300,700.7264404296875
2025-02-05,700.0896222542642,714.6078889974233,695.5719738179728,701.4031372070312,17778200,701.4031372070312
2025-02-06,702.4082250040422,715.364207246352,700.0399258686745,708.4881591796875,13080700,708.4881591796875
2025-02-07,713.2744305821955,721.4440718312758,708.249280988419,711.0056762695312,16427100,711.0056762695312
2025-02-10,715.0257888589608,717.652818700605,707.8313687608933,713.8715209960938,12904300,713.8715209960938
2025-02-11,709.8116559132554,720.100766250331,706.5477589206668,716.259765625,12998000,716.259765625
2025-02-12,711.7818168815365,723.523766963731,709.0950845634602,721.812255859375,12016500,721.812255859375
2025-02-13,717.9712711727863,725.4144618537392,714.5083460221898,724.9766235351562,12569100,724.9766235351562
2025-02-14,722.5685751543255,737.2658892402018,722.0511132817282,733.0467529296875,16901200,733.0467529296875
2025-02-18,732.3800758046814,733.375157429416,702.9654654069245,712.8466186523438,21938700,712.8466186523438
2025-02-19,700.6369880110449,703.5227491828676,691.9698654310938,700.3086547851562,17535500,700.3086547851562
2025-02-20,693.8505479928752,702.1594553078776,690.2284362839436,691.4225463867188,12587400,691.4225463867188
2025-02-21,693.1538679639241,700.4079900217689,679.0037778663954,680.1879272460938,15660400,680.1879272460938
2025-02-24,682.9046273446285,683.8897484077801,659.1918158891808,664.8438720703125,15677000,664.8438720703125
2025-02-25,662.6944866031068,664.71453147279,638.7030829851732,654.2661743164062,20579700,654.2661743164062
2025-02-26,656.4055905153153,679.6506817176414,654.763681609393,670.386474609375,14488700,670.386474609375
2025-02-27,679.0934498337167,685.2629678985895,654.3358147754243,655.0025024414062,12500000,655.0025024414062
2025-02-28,654.8034504822056,666.3364725318584,639.4393887052988,664.9135131835938,17534200,664.9135131835938
2025-03-03,670.3664982200642,677.8992724698688,647.638870751695,651.828125,10843800,651.828125
2025-03-04,642.3351433054311,646.5542796373367,620.5826737681288,636.8522338867188,21495200,636.8522338867188
2025-03-05,637.847267619745,656.256276123591,634.523668550264,653.2411499023438,13770000,653.2411499023438
2025-03-06,644.8127838196035,647.3601899188754,621.0402732471497,624.8414916992188,13446500,624.8414916992188
2025-03-07,622.29408984179,631.667740220239,597.6558630930216,622.5826416015625,21375700,622.5826416015625
2025-03-10,605.0792675215534,607.109212093194,583.9835257431913,595.048828125,21999900,595.048828125
2025-03-11,592.1232921602733,611.9055191678449,590.4117809661785,602.7308959960938,17401500,602.7308959960938
2025-03-12,626.801926859784,630.2150494744315,606.352951302888,616.5127563476562,15747000,616.5127563476562
2025-03-13,617.1992715803975,617.4480419437915,583.625233054342,587.7349243164062,16480300,587.7349243164062
2025-03-14,600.3687854957838,606.4043419789234,592.381172955088,605.1494140625,12364500,605.1494140625
2025-03-17,605.0099996635669,610.62720608086,595.5881320780952,602.4603271484375,15473900,602.4603271484375
2025-03-18,597.6299490711036,597.8291546165306,572.3423339224544,580.0112915039062,20297700,580.0112915039062
2025-03-19,581.9235510596104,589.9311027976759,572.4518964146898,581.7044067382812,20537500,581.7044067382812
2025-03-20,580.4096129893901,607.7389439842362,577.172720940167,583.6365356445312,24336500,583.6365356445312
2025-03-21,581.0670032780688,595.1300513212973,578.6069941650959,593.8452758789062,25015900,593.8452758789062
2025-03-24,612.4897086743648,620.0291850741187,609.7309218178737,616.3540649414062,15741300,616.3540649414062
2025-03-25,624.2321327441739,631.323411172726,618.6746212334369,623.783935546875,15312500,623.783935546875
2025-03-26,622.3697410659778,624.2222248223229,604.163437823038,608.5158081054688,12609800,608.5158081054688
2025-03-27,599.5719804701281,611.7725730959737,597.6796193390965,600.149658203125,10436500,600.149658203125
2025-03-28,597.8889510971005,599.3231460176767,571.605367212507,574.4140014648438,17602800,574.4140014648438
2025-03-31,561.2273418254761,576.3660506926756,551.0684674021583,574.0354614257812,21124700,574.0354614257812
2025-04-01,568.537705940541,587.5307390242879,567.70106709451,583.6365356445312,12836600,583.6365356445312
2025-04-02,572.5913101802249,590.2697228543149,571.0475736256388,581.574951171875,13470800,581.574951171875
2025-04-03,544.016982785148,550.3314393515183,528.1612075786397,529.4758911132812,34777500,529.4758911132812
2025-04-04,504.5767586556749,515.9108671247398,492.2068664686997,502.69439697265625,38589800,502.69439697265625
2025-04-07,483.14348777248983,537.1945936136326,479.9563819403582,514.1678466796875,36606100,514.1678466796875
2025-04-08,541.0589647931961,545.2220987278512,500.83185110030036,508.3912658691406,28034200,508.3912658691406
2025-04-09,507.2159828753818,585.5189153793327,500.08485719899596,583.407470703125,39216600,583.407470703125
2025-04-10,573.1689120321386,578.9554765876964,533.1410047447706,544.086669921875,28173500,544.086669921875
2025-04-11,533.3502556297472,545.1923169106578,526.4581815568449,541.3777465820312,17642300,541.3777465820312
2025-04-14,553.9268489865372,555.520432371149,526.149380590007,529.33642578125,14130900,529.33642578125
2025-04-15,529.9639426413264,535.7704467995947,515.41288054515,519.4166870117188,15558700,519.4166870117188
2025-04-16,506.4591254364096,511.2995098605443,493.6310672206579,500.28411865234375,18735100,500.28411865234375
2025-04-17,503.21224251554713,505.25396236597624,496.0014523688267,499.45745849609375,14593500,499.45745849609375
2025-04-21,489.3483735420339,491.50963495584347,477.8648771062618,482.7052917480469,16166000,482.7052917480469
2025-04-22,489.8862436640875,504.8357168469179,484.3984562132767,498.2623291015625,17399400,498.2623291015625
2025-04-23,526.3984497963002,533.1809824042,514.4368768066369,518.1717529296875,18173900,518.1717529296875
2025-04-24,516.6379293508005,531.746792125581,515.4129094243589,530.9998168945312,13910000,530.9998168945312
2025-04-25,544.5947301221067,547.6423866360049,534.0872906869056,545.0628662109375,17098900,545.0628662109375
2025-04-28,553.3990561017924,556.2375374162976,538.409766598872,547.5228271484375,15179000,547.5228271484375
2025-04-29,543.7979549633997,554.3253329246786,541.9255322333729,552.2039184570312,11835000,552.2039184570312
2025-04-30,536.2285429645594,546.8853389647652,527.3644142359332,546.7857666015625,29244000,546.7857666015625
2025-05-01,589.6920784232152,590.5585647326062,568.1990964565776,569.9022216796875,31159000,569.9022216796875
2025-05-02,581.1067544841794,601.9025441083631,575.997440434075,594.612060546875,24739300,594.612060546875
2025-05-05,588.8354461921188,600.7771388598484,585.6782485434951,596.85302734375,13887700,596.85302734375
2025-05-06,590.140262710858,593.6261466616496,584.2142478367141,584.9412841796875,10600700,584.9412841796875
2025-05-07,587.9790163444538,600.6477471780503,584.3038959778277,594.4030151367188,13139100,594.4030151367188
2025-05-08,603.8447184228645,608.8345220578558,594.2137360230962,595.59814453125,14622800,595.59814453125
2025-05-09,601.2850913628599,604.5219836999701,589.3235802814015,590.1004028320312,10427300,590.1004028320312
2025-05-12,628.3754468402599,637.8072854035049,618.52537997075,636.8511352539062,21965100,636.8511352539062
2025-05-13,642.9363519991007,658.2543254316694,640.2373210195778,653.3840942382812,18570800,653.3840942382812
2025-05-14,658.5432587283299,659.9973314154452,651.671063189936,656.70068359375,12348200,656.70068359375
2025-05-15,651.6412216753015,654.6589696292252,636.0045299274248,641.2831420898438,14341800,641.2831420898438
2025-05-16,635.3869794893193,637.8569576148437,623.6246144224174,637.7573852539062,18519000,637.7573852539062
2025-05-19,625.7161170201866,640.4066267313649,625.2679198203533,637.8469848632812,9592400,637.8469848632812
2025-05-20,633.4449476478025,636.7714432087338,629.7100715967877,634.530517578125,6743500,634.530517578125
2025-05-21,629.2418916838421,644.0021281038256,627.6284302053292,632.9369506835938,11464600,632.9369506835938
2025-05-22,631.4928293927045,640.655737445567,628.1663338378576,634.002685546875,8228400,634.002685546875
2025-05-23,621.4832888202177,629.8992205141227,620.1387579436545,624.5309448242188,8454100,624.5309448242188
2025-05-27,632.8472662118028,640.4863756807556,630.1980211513535,639.7294311523438,9508400,639.7294311523438
2025-05-28,640.0083470734247,648.2549827182214,639.9585608829994,640.9844360351562,9042900,640.9844360351562
2025-05-29,649.021781530125,650.6850290446924,636.9207607437914,642.4483642578125,8858800,642.4483642578125
2025-05-30,639.9086148189429,646.79071807708,630.2278475213282,644.8784790039062,16241000,644.8784790039062
2025-06-02,641.7910631431,670.5446198991036,641.6615825955165,668.1941528320312,15766300,668.1941528320312
2025-06-03,668.7419453527419,672.8552932556931,662.3478552754221,664.1604614257812,11585000,664.1604614257812
2025-06-04,666.6204881500277,686.2211069583093,665.8735130698844,685.1753540039062,14031900,685.1753540039062
2025-06-05,688.8704721449504,691.5795338523676,679.4984499163488,681.85888671875,13083100,681.85888671875
2025-06-06,693.3621683649559,699.9754022986715,689.0795234172199,694.89599609375,11728000,694.89599609375
2025-06-09,695.6430205968694,702.3458579741853,691.1412310298801,691.2607421875,12773200,691.2607421875
2025-06-10,698.5213248498013,700.3937473880201,688.7708312874433,699.567138671875,10850100,699.567138671875
2025-06-11,700.871864292101,706.0110265671628,689.1991010267074,691.3404541015625,9582500,691.3404541015625
2025-06-12,690.5037209903252,692.5753488073583,684.2291427560363,690.5634765625,7322700,690.5634765625
2025-06-13,685.175373097979,691.7686684593297,678.2633610655403,680.1158447265625,9274400,680.1158447265625
2025-06-16,697.0454302800655,704.839891030923,691.2444358848513,699.8262939453125,13720300,699.8262939453125
2025-06-17,699.7067073456836,703.6637089538638,693.7861096962511,694.9522705078125,10066100,694.9522705078125
2025-06-18,695.8991705300261,699.2980647722242,692.6299173050131,693.4970703125,10068300,693.4970703125
2025-06-20,698.4607641474819,699.5272759324512,676.4528788689065,680.120849609375,22538600,680.120849609375
2025-06-23,681.4564999402276,696.7663067524254,676.5326356722177,696.248046875,11080100,696.248046875
2025-06-24,702.5872956643889,710.860169242287,699.8163481052391,709.8734130859375,13823200,709.8734130859375
2025-06-25,710.9896633208298,714.2390229657091,703.0756000608375,706.3648071289062,9320400,706.3648071289062
2025-06-26,712.026236021567,725.8409420571106,708.7270519250135,723.7179565429688,13964800,723.7179565429688
2025-06-27,724.1466398304902,733.0275060697373,723.4887618360168,731.2333984375,18775700,731.2333984375
2025-06-30,742.1176905331245,745.4567832484664,731.851350759088,735.6788330078125,15402100,735.6788330078125
2025-07-01,734.4727647300622,735.3399177465482,713.0330238804761,716.8704223632812,13431200,716.8704223632812
2025-07-02,712.9932128907722,717.9469479430355,710.4714485666279,711.2389526367188,9336700,711.2389526367188
2025-07-03,724.2363423193813,726.6484806198991,712.0861613983789,716.6611938476562,8601700,716.6611938476562
2025-07-07,715.2556849998467,724.6250009558648,711.1790804792781,716.0032348632812,9457100,716.0032348632812
2025-07-08,719.2127580119818,720.5483463866185,712.4748320749653,718.315673828125,7770700,718.315673828125
2025-07-09,720.3590354295591,735.1207134732275,720.3590354295591,730.38623046875,11418000,730.38623046875
2025-07-10,729.1601755610233,733.3962917497249,717.2492014044612,724.8642578125,9913600,724.8642578125
2025-07-11,720.1397657932962,722.791049443565,707.3815924903404,715.1660766601562,10873900,715.1660766601562
2025-07-14,715.2556580979717,725.6217068153527,714.2091004956787,718.5648193359375,8939400,718.5648193359375
2025-07-15,721.5351494521201,722.1032338104419,707.5011297082585,708.0692749023438,11529500,708.0692749023438
2025-07-16,711.0394977501286,711.6375132851348,696.985585155631,700.6136474609375,13067600,700.6136474609375
2025-07-17,702.0888975460598,703.5939743779064,694.8326508122145,699.1185913085938,11803300,699.1185913085938
2025-07-18,699.896109861645,702.4078970710398,689.3905635084973,701.9793090820312,12779800,701.9793090820312
2025-07-21,704.4909815749821,714.6576719200774,703.4544009949688,710.6408081054688,9404400,710.6408081054688
2025-07-22,713.8503977542969,714.2590316242121,699.1186509323247,702.507568359375,8921100,702.507568359375
2025-07-23,704.062433018762,712.2954590710364,702.6271347622425,711.2489013671875,8771600,711.2489013671875
2025-07-24,714.7075545657141,721.256099225235,711.6675303636672,712.4649047851562,10920800,712.4649047851562
2025-07-25,714.5778842585692,718.2957401275581,709.5743254141869,710.3517456054688,8271700,710.3517456054688
2025-07-28,712.8635901780652,722.3724029167645,710.3518030699777,715.28564453125,8715700,715.28564453125
2025-07-29,717.6478585379464,722.1032264585367,697.6234630507284,697.7131958007812,13267000,697.7131958007812
2025-07-30,705.7768321791035,706.1854660197899,688.9419939778502,692.9389038085938,27077300,692.9389038085938
2025-07-31,772.667590247117,782.1863801577031,763.0092430876867,770.913330078125,38831100,770.913330078125
2025-08-01,758.2448261685668,763.497629588928,742.8752172910131,747.5598754882812,19028700,747.5598754882812
2025-08-04,757.5172825632864,774.3122137700193,755.9324499017634,773.8338012695312,15801700,773.8338012695312
2025-08-05,773.9135588479829,780.571729784316,760.5074842133715,760.9660034179688,11640300,760.9660034179688
2025-08-06,767.4845283360178,771.1126516160077,757.9757159507556,769.468017578125,9733900,769.468017578125
2025-08-07,770.963067577982,772.4681442766814,757.0686058784653,759.3411865234375,9019700,759.3411865234375
2025-08-08,760.2582747146965,767.3849416766147,756.101914160301,766.786865234375,7320800,766.786865234375
2025-08-11,767.5643719861222,770.9333352985195,762.1720109386977,763.3681030273438,7612000,763.3681030273438
2025-08-12,770.4747258826147,791.077183084039,769.9065806861354,787.419189453125,14563100,787.419189453125
2025-08-13,788.5655214330485,792.861439232817,775.687684264025,777.5316772460938,8811800,777.5316772460938
2025-08-14,775.3388350252033,785.2363885099581,769.9863825490937,779.574951171875,8116200,779.574951171875
2025-08-15,781.5884278136772,793.6488761977264,778.2692889489064,782.6648559570312,13375400,782.6648559570312
2025-08-18,772.5579712024165,773.2755899130946,754.0884756033142,764.8631591796875,16513700,764.8631591796875
2025-08-19,764.613945820292,764.6637703117248,746.9119549568848,749.0250244140625,12286700,749.0250244140625
2025-08-20,745.1278092436016,747.7492222984731,728.6119336256934,745.2772827148438,11898200,745.2772827148438
2025-08-21,742.2772053426181,743.0646026719377,730.7150636889187,736.6854858398438,8876300,736.6854858398438
2025-08-22,736.81505282597,754.4273720053774,731.9908982789533,752.32421875,10612700,752.32421875
2025-08-25,752.354165267511,756.40089964729,747.6794841015795,750.839111328125,6861200,750.839111328125
2025-08-26,748.3472064798697,752.4039175360126,745.4965643871512,751.6364135742188,7601800,751.6364135742188
2025-08-27,749.8423869559551,751.6863799088018,740.4133296583533,744.9384765625,8315400,744.9384765625
2025-08-28,741.5694916361576,750.5899148175357,738.3799332684189,748.65625,7468000,748.65625
2025-08-29,742.8453254860702,744.6992345800578,732.9477115811937,736.2868041992188,9070500,736.2868041992188
2025-09-02,723.6681190637612,733.5956032036421,719.3722015925617,732.70849609375,9350900,732.70849609375
2025-09-03,733.5956541941185,737.8317704037993,731.5922106765231,734.6422119140625,7699300,734.6422119140625
2025-09-04,746.1245900119145,758.6734271200463,743.3835736708148,746.204345703125,11439100,746.204345703125
2025-09-05,750.1613099282893,755.4739147328357,742.596139272426,749.9918823242188,9663400,749.9918823242188
2025-09-08,753.5302710608411,764.0059463353695,749.5632925404257,749.8423461914062,13087800,749.8423461914062
2025-09-09,755.0154070864886,763.7966239723705,750.9686728075005,763.1986083984375,10999000,763.1986083984375
2025-09-10,762.6305659580242,763.198711247707,748.5467193541789,749.5234985351562,12478300,749.5234985351562
2025-09-11,752.184771170502,754.6267189634892,745.9252571616319,748.447021484375,7923300,748.447021484375
2025-09-12,746.2840072815898,755.095155276553,741.330272625368,753.1216430664062,8248600,753.1216430664062
2025-09-15,754.995481759339,771.5412896866574,749.5334031898147,762.201904296875,10533800,762.201904296875
2025-09-16,764.4944012192615,778.8074760600178,762.6005837137456,776.4552001953125,11782500,776.4552001953125
2025-09-17,777.4419223006557,780.7311297077449,763.8066193659058,773.1858520507812,9400900,773.1858520507812
2025-09-18,778.1994163857863,786.2032128794,770.8335437165625,777.7010498046875,10955000,777.7010498046875
2025-09-19,783.8509325355676,788.2166289656076,766.6772383880447,775.8372192382812,23696800,775.8372192382812
2025-09-22,779.8218176027002,783.6917575585782,762.4868973227559,763.1751098632812,11706900,763.1751098632812
2025-09-23,767.2545389947088,768.6010126974617,749.1217058463387,753.4404907226562,10872600,753.4404907226562
2025-09-24,755.5349916265823,759.1356124217834,750.5779133776451,758.686767578125,8828200,758.686767578125
2025-09-25,751.4955472633491,754.806942419776,742.6186096970315,746.96728515625,10591100,746.96728515625
2025-09-26,748.0544043789391,749.9793904076555,735.4371957410184,741.8206176757812,9696300,741.8206176757812
2025-09-29,746.7777648139662,748.832479543402,737.2326433015477,741.4716186523438,9246800,741.4716186523438
2025-09-30,740.3244937368279,741.0425967294805,724.4158582201331,732.4749145507812,16226800,732.4749145507812
2025-10-01,719.618385039583,719.9774365591268,708.3576941566364,715.4791870117188,20419600,715.4791870117188
2025-10-02,720.7055653205383,725.8821043267139,716.2770807321521,725.1639404296875,11415300,725.1639404296875
2025-10-03,727.7372737109582,729.1037149276121,708.3377167266436,708.7167358398438,16154300,708.7167358398438
2025-10-06,703.3607165744016,715.0203947681905,688.718804278428,713.8035278320312,21654700,713.8035278320312
2025-10-07,715.8581417735932,716.636147605649,703.9192222306009,711.230224609375,12062900,711.230224609375
2025-10-08,711.599278595462,717.7832075860277,705.9738944950672,715.9779052734375,10790600,715.9779052734375
2025-10-09,716.4167658258609,731.6072387695312,710.5918883665408,731.6072387695312,12717200,731.6072387695312
2025-10-10,729.0239332852144,733.3626856542741,702.6824691715568,703.4703979492188,16980100,703.4703979492188
2025-10-13,711.1603595995662,718.072374881022,705.8042950194317,713.8433837890625,9251800,713.8433837890625
2025-10-14,705.9439682909708,713.6937706407739,697.5158763660478,706.8117065429688,8829800,706.8117065429688
2025-10-15,715.1998794771447,722.0221626881838,707.6694770310874,715.6885986328125,10246800,715.6885986328125
2025-10-16,715.6886043056783,723.6080097298942,702.0540824517458,710.2228393554688,9017000,710.2228393554688
2025-10-17,705.2458014471516,716.6760344343375,704.2882698394852,715.0602416992188,12232400,715.0602416992188
2025-10-20,719.3191931642514,731.8665769499745,718.3118034233538,730.2706909179688,8900200,730.2706909179688
2025-10-21,734.110725168398,736.5842723709278,726.8595646449745,731.3678588867188,7647300,731.3678588867188
2025-10-22,731.9264006052239,738.6787972623451,722.1518348008319,731.5074462890625,8734500,731.5074462890625
2025-10-23,732.7941435868839,740.4841042897723,731.1982575844598,732.095947265625,9856000,732.095947265625
2025-10-24,734.8786455644157,739.2872233202683,729.2533227506186,736.444580078125,9151300,736.444580078125
2025-10-27,747.7851152228061,753.7895182960361,746.069606274355,748.872314453125,11321100,748.872314453125
2025-10-28,750.6776381609803,756.4326899204912,743.5860965317024,749.49072265625,12193800,749.49072265625
2025-10-29,752.7921200604676,757.1906533932021,740.5838813084906,749.7200927734375,26818600,749.7200927734375
2025-10-30,667.414190282622,679.1935516668058,648.4833846789722,664.7410888671875,88440100,664.7410888671875
2025-10-31,672.7602632515434,673.1392823636344,643.8953340746643,646.6680908203125,56953200,646.6680908203125
2025-11-03,654.298319497033,657.6196984387726,634.5297257704245,636.0557861328125,33003600,636.0557861328125
2025-11-04,626.410791028598,640.0752642850032,624.3860886703497,625.6926879882812,27356600,625.6926879882812
2025-11-05,630.6697208898194,640.5639703518489,624.9146693781357,634.30029296875,20219900,634.30029296875
2025-11-06,634.2005186436334,634.3501538797125,616.3968476378337,617.3344116210938,23628800,617.3344116210938
2025-11-07,614.8907386759073,620.5161224262619,599.640424749484,620.0972290039062,29946800,620.0972290039062
2025-11-10,629.4529098843899,633.3527401283538,616.5065400363918,630.1211547851562,19245000,630.1211547851562
2025-11-11,626.3709044869131,627.9268552540688,617.7832543081277,625.4533081054688,13302200,625.4533081054688
2025-11-12,626.5005716840028,627.3583261459861,606.1934022078184,607.43017578125,24493300,607.43017578125
2025-11-13,611.4796659420805,616.0478021853295,601.4357808374693,608.3079223632812,20973800,608.3079223632812
2025-11-14,600.2288811530552,612.088052043071,593.6560102918138,607.8790283203125,20724100,607.8790283203125
2025-11-17,607.4600964135232,610.1032465254069,593.855525554584,600.4483642578125,16501300,600.4483642578125
2025-11-18,590.0652977363707,602.0940102850205,582.2656372803878,596.1395263671875,25500600,596.1395263671875
2025-11-19,592.1797786556917,593.7856483585136,579.7421567881397,588.7886352539062,24744700,588.7886352539062
2025-11-20,601.9345167857809,605.1461348624172,581.8367616757555,587.6217651367188,20603000,587.6217651367188
2025-11-21,586.9733513369498,596.5683908845805,580.3505617853443,592.7084350585938,21052600,592.7084350585938
2025-11-24,597.1668126146857,615.1002115339802,596.0796743085915,611.4596557617188,23554900,611.4596557617188
2025-11-25,622.3813086708644,635.3974440566444,616.696082618217,634.569580078125,25213000,634.569580078125
2025-11-26,636.0358029520913,636.7040478933542,629.9915253276793,631.9663696289062,15209500,631.9663696289062
2025-11-28,634.4299618769652,646.3688812783262,633.8514494094911,646.2691650390625,11033200,646.2691650390625
2025-12-01,637.890997336621,643.6460494571635,636.1056625060893,639.2075805664062,13029900,639.2075805664062
2025-12-02,640.6737247939117,646.1893476978298,636.4147821721649,645.4213256835938,11640900,645.4213256835938
2025-12-03,642.7383773862279,647.1668624868771,635.8961867971512,637.9408569335938,11134300,637.9408569335938
2025-12-04,674.2463992276428,674.3461154685141,658.3377626918029,659.81396484375,29874600,659.81396484375
2025-12-05,662.2775487290173,672.9398207362489,660.6717397649775,671.673095703125,21207900,671.673095703125
2025-12-08,667.603701448277,674.9545781663558,663.344758713728,665.0702514648438,13161000,665.0702514648438
2025-12-09,662.0481300460407,662.7562492699393,651.6451938720459,655.2557983398438,12997100,655.2557983398438
2025-12-10,648.2639556943986,652.8121240146866,641.730959438269,648.4434814453125,16910900,648.4434814453125
2025-12-11,641.6212380225077,653.5801862453618,639.1377070000864,651.016845703125,13056700,651.016845703125
2025-12-12,648.1143965293088,709.1556549538686,636.9534211280841,642.558837890625,14016900,642.558837890625
2025-12-15,644.5502809809109,651.8372704406642,637.5627451568915,646.3570556640625,15549100,646.3570556640625
2025-12-16,642.3541999133257,661.3602758295988,642.054746271156,655.9799194335938,14309100,655.9799194335938
2025-12-17,654.4426118233187,660.0526000253047,648.0440522221027,648.343505859375,15598500,648.343505859375
2025-12-18,655.8600753372949,669.3659511843067,655.2910830082761,663.266845703125,20260300,663.266845703125
2025-12-19,665.2333263832898,669.8051880946751,657.0080086354003,657.5969848632812,49977100,657.5969848632812
2025-12-22,660.4719008376494,672.3806511570199,655.4808037586267,660.3221435546875,15659400,660.3221435546875
2025-12-23,658.8746741689592,664.8140915262984,657.0778915122911,663.7559814453125,8486800,663.7559814453125
2025-12-24,661.3503083186049,666.9902112020924,661.0208788671576,666.361328125,5627500,666.361328125
2025-12-26,666.8704739599774,667.7589038803495,660.1424847097468,662.1089477539062,7133800,662.1089477539062
2025-12-29,656.8383689858442,659.0743707339258,653.2248195668056,657.5171508789062,8506500,657.5171508789062
2025-12-30,657.5171386037911,671.0230153954109,656.6686764849229,664.7642211914062,9187500,664.7642211914062
2025-12-31,663.5662869980947,663.8158418258488,658.2657448936569,658.9146118164062,7940400,658.9146118164062
2026-01-02,661.5499009554064,663.2069792218492,642.3541620430398,649.2518310546875,13726500,649.2518310546875
2026-01-05,649.8508280292294,663.3567049684374,646.5966230035071,657.616943359375,12213700,657.616943359375
2026-01-06,658.3955464147172,664.3349637543794,650.7392210314413,659.4436645507812,11074400,659.4436645507812
2026-01-07,654.4725487720359,657.9763084361789,643.6618161601232,647.534912109375,12846300,647.534912109375
2026-01-08,644.7299347572825,645.9477331499952,634.5879917891143,644.9096069335938,11921700,644.9096069335938
2026-01-09,644.2907288447692,653.7838050409127,641.7053138036724,651.8971557617188,11634900,651.8971557617188
2026-01-12,651.3680980277007,652.8054753941815,640.0881706951194,640.8268432617188,14797200,640.8268432617188
2026-01-13,641.1263941859123,641.1263941859123,622.9887038024194,629.96630859375,18030400,629.96630859375
2026-01-14,625.3844405077801,627.3309804807691,613.7252454803604,614.4240112304688,15527900,614.4240112304688
2026-01-15,617.378703801015,623.0585745209008,613.1362714280776,619.694580078125,13076100,619.694580078125
2026-01-16,623.0685636897582,627.9598630097294,618.9758886129073,619.1455688476562,17012500,619.1455688476562
2026-01-20,606.7976262932837,610.3113781504126,598.9316523845154,603.0443115234375,15169600,603.0443115234375
2026-01-21,605.659634898437,617.169133937088,599.0115204374271,611.8685913085938,14494700,611.8685913085938
2026-01-22,628.2293275614567,659.3937675491238,625.4343255489129,646.476806640625,21394700,646.476806640625
2026-01-23,643.6219561683764,665.3032527677875,643.3025186421843,657.5870361328125,22797700,657.5870361328125
2026-01-26,663.9456136216552,674.0775639748149,660.1124246688775,671.1627197265625,16327400,671.1627197265625
2026-01-27,673.3888389297905,675.6148486525956,663.4764668627315,671.7716674804688,13297400,671.7716674804688
2026-01-28,673.2989295276801,676.4732596455591,664.9138628916613,667.5391845703125,25709600,667.5391845703125
2026-01-29,736.1169233837337,742.6752321400184,711.2812198864386,736.995361328125,59852900,736.995361328125
2026-01-30,726.2045952530067,730.8662626744616,712.3193905555435,715.2241821289062,23744600,715.2241821289062
2026-02-02,713.3275184694113,720.0156002559207,702.2672920108814,705.152099609375,14365200,705.152099609375
2026-02-03,706.1104025957663,715.7232596178901,685.1877035052055,690.4683227539062,13760700,690.4683227539062
2026-02-04,686.5054510943589,687.6035290584308,666.2715840299333,667.798828125,16882800,667.798828125
2026-02-05,662.3984629374214,680.2865379695924,652.3363940764909,669.0166625976562,17131800,669.0166625976562
2026-02-06,664.3050190645899,670.7934451675868,645.3488423980709,660.2822265625,18159300,660.2822265625
2026-02-09,661.9991209626965,682.0932819515241,657.6069922476072,676.0140991210938,14837500,676.0140991210938
2026-02-10,676.39338857878,679.4380062536881,668.5972981068446,669.525634765625,10455800,669.525634765625
2026-02-11,672.7998711552045,678.0605068549233,655.9299390360635,667.4993286132812,14323800,667.4993286132812
2026-02-12,668.7770306530766,674.7963229561075,644.1310518439949,648.6529541015625,14960100,648.6529541015625
2026-02-13,643.9512634857649,650.2700088851722,633.4400456540794,638.6307983398438,12336400,638.6307983398438
2026-02-17,638.3613203754355,641.4557762130754,627.6803603746322,638.1516723632812,12674700,638.1516723632812
2026-02-18,632.67143641335,643.8515057528024,627.0315334227189,642.0746459960938,14649200,642.0746459960938
2026-02-19,637.432932921519,646.0375787806976,635.5861905818066,643.6318969726562,10035700,643.6318969726562
2026-02-20,638.5510179511008,662.1688639053526,637.642665037141,654.4925537109375,14183500,654.4925537109375
2026-02-23,651.3781101885919,656.5289567660449,634.8675821094057,636.1153564453125,8605900,636.1153564453125
2026-02-24,631.9527863953055,639.9684568961466,627.8600500948714,638.1616821289062,10135600,638.1616821289062
2026-02-25,641.3858999809694,652.7156650876909,640.9965798171046,652.5260009765625,11330700,652.5260009765625
2026-02-26,649.3916295582877,659.823034651462,646.3470725216666,655.8401489257812,10637700,655.8401489257812
2026-02-27,642.3042597917192,648.2835840137412,636.9837335400734,647.0258178710938,15703000,647.0258178710938
2026-03-02,636.0254184162494,658.764884603327,633.3701817354564,652.396240234375,9816100,652.396240234375
2026-03-03,647.1356255764312,657.866484005116,637.7025010942567,653.91357421875,12263800,653.91357421875
2026-03-04,656.788453587829,671.5720803574089,656.4989309709863,666.541015625,10810100,666.541015625
2026-03-05,660.751362594833,669.5057662619517,649.1520579976961,659.393798828125,13341400,659.393798828125
2026-03-06,646.7463568472266,648.3135076492586,634.9773114336934,643.7117309570312,13159400,643.7117309570312
2026-03-09,633.6497121926325,646.5965879982328,625.6639573427893,646.2372436523438,13489700,646.2372436523438
2026-03-10,652.3962938458964,659.1242831137364,647.8444156429986,652.9053955078125,9859300,652.9053955078125
2026-03-11,653.5941721528687,657.9463943013674,647.2055433479961,653.6939697265625,8977200,653.6939697265625
2026-03-12,647.5948883988538,652.3364309343367,635.7660119177681,637.043701171875,11617500,637.043701171875
2026-03-13,622.7790526456299,628.0496188589474,608.4645611002024,612.6171875,18957600,612.6171875
2026-03-16,631.4147932406764,634.1622468505053,622.5230098937741,626.8690185546875,15134900,626.8690185546875
2026-03-17,627.4085169382369,635.9605885584036,621.1243629754691,622.0834350585938,10348800,622.0834350585938
2026-03-18,615.769347359454,622.0735023862151,614.04090772979,615.1099243164062,11726300,615.1099243164062
2026-03-19,611.5832104537112,612.4323990135786,601.7023533616688,606.1382446289062,13247700,606.1382446289062
2026-03-20,602.9712077810872,603.400802317344,586.7062525156723,593.1102905273438,21214900,593.1102905273438
2026-03-23,605.2290499891692,608.0764476338709,598.4553596033379,603.5006713867188,13638000,603.5006713867188
2026-03-24,598.5452420228083,600.443507118967,590.4527665679026,592.3709716796875,10739700,592.3709716796875
2026-03-25,598.1855830392399,603.1110107561809,592.850561795072,594.3391723632812,12585000,594.3391723632812
2026-03-26,581.9506076701073,582.460145169462,542.8468364624507,547.032958984375,35780100,547.032958984375
2026-03-27,539.599843303006,543.0966023049141,519.7782492802263,525.233154296875,30133000,525.233154296875
2026-03-30,535.8833618164062,539.0504095872608,528.0505941707193,535.8833618164062,22795200,535.8833618164062
2026-03-31,549.4707059552647,573.1587727471259,546.2637174010383,571.6002197265625,32898300,571.6002197265625
2026-04-01,579.5928556215499,592.0013387220274,573.2887005646345,578.6936645507812,23608100,578.6936645507812
2026-04-02,565.5158531822124,577.9643377947169,559.1817578546791,573.9281005859375,13518500,573.9281005859375
2026-04-06,577.1550997330287,582.2503530791108,571.4703658572956,572.4894409179688,9515700,572.4894409179688
2026-04-07,571.9498894780604,574.6973431004155,564.2370671243236,574.5175170898438,9580800,574.5175170898438
2026-04-08,605.4388670235439,629.3667024291958,591.2820049792073,611.8529052734375,32036600,611.8529052734375
2026-04-09,626.3894374266143,636.9097166035551,622.4231426572783,627.8081665039062,19012900,627.8081665039062
2026-04-10,633.882449891805,637.9886903650855,623.7518859014353,629.2767333984375,13294800,629.2767333984375
2026-04-13,628.9171329935918,634.4120404303904,623.8218795800174,633.9425048828125,9538900,633.9425048828125
2026-04-14,642.624350345733,665.6430543798978,638.7779398291946,661.8765258789062,17818000,661.8765258789062
2026-04-15,666.3824145357423,677.8717665104965,663.6049593103575,670.9581909179688,14952600,670.9581909179688
2026-04-16,675.3640350842893,676.9525896021297,667.131674939706,676.2432250976562,9544800,676.2432250976562
2026-04-17,677.9716157075654,690.8796961433965,674.5048580761284,687.9124145507812,16283500,687.9124145507812
2026-04-20,680.7290935491282,682.7472426832454,667.381478611767,670.2887573242188,12534000,670.2887573242188
2026-04-21,670.3786762058809,675.5738733736962,666.7120915784461,668.220703125,8660100,668.220703125
2026-04-22,673.7355628200382,677.7518600207422,669.1298460769134,674.09521484375,9215600,674.09521484375
2026-04-23,663.0854475032797,668.9400066983026,652.4452846667049,658.5396728515625,11667000,658.5396728515625
2026-04-24,659.7085674039201,680.0396994180859,653.2345872360809,674.4049682617188,13348300,674.4049682617188
2026-04-27,670.3786986745525,681.8680504402118,670.2188736545023,677.9916381835938,12805200,677.9916381835938
2026-04-28,673.6156618787633,677.5520159823654,665.0136491453696,670.7183837890625,10606800,670.7183837890625
2026-04-29,668.290599742094,673.6256820299297,663.1953464496755,668.5004272460938,18947500,668.5004272460938
2026-04-30,618.7465567527638,620.2751083620838,599.4444385151393,611.3433837890625,52765000,611.3433837890625
2026-05-01,614.120842749119,618.3069655430758,605.548770151405,608.1863403320312,21404000,608.1863403320312
2026-05-04,607.3771038685389,613.4314904063681,602.1919069095087,609.8447875976562,16203900,609.8447875976562
2026-05-05,612.7420849871345,613.7811000159977,599.8040642277598,604.3998413085938,17171300,604.3998413085938
2026-05-06,600.4934370812971,619.3759607512419,597.5461564796674,612.3125,19915500,612.3125
2026-05-07,614.150739078972,624.4012480600104,612.9718390781961,616.2388305664062,12307400,616.2388305664062
2026-05-08,614.6303402495529,616.1988937552933,605.4987892063378,609.0654907226562,13557000,609.0654907226562
2026-05-11,604.010215830275,604.3498668649182,597.5262348938886,598.3054809570312,15940600,598.3054809570312
2026-05-12,594.2692320029287,603.1909559259367,592.0512559095129,602.441650390625,11351600,602.441650390625
2026-05-13,598.275515544453,619.3260125714435,596.1074810052941,616.0590209960938,14634400,616.0590209960938
2026-05-14,615.429618202359,623.152441138389,614.4305441468357,617.8573608398438,10651200,617.8573608398438
2026-05-15,613.421486859321,620.6248329546977,608.7458274653094,613.6612548828125,13272600,613.6612548828125
2026-05-18,608.5459509764945,615.0199919776213,603.1309869574205,610.64404296875,13772400,610.64404296875
2026-05-19,608.3561568042173,613.361527578881,599.9939118379299,602.052001953125,11749900,602.052001953125
2026-05-20,600.2037495434126,607.4370360716302,597.2564688338498,604.499755859375,11329700,604.499755859375
2026-05-21,599.4443949814065,609.0354809096541,594.2591985256718,606.8175659179688,13476100,606.8175659179688
2026-05-22,607.3171451453314,614.2407210713809,606.3880135859368,609.6949462890625,11688600,609.6949462890625
2026-05-26,608.3261927003538,613.9009818092591,604.7394901495815,611.7730102539062,12234200,611.7730102539062
2026-05-27,608.8357727220844,637.908804248614,608.4361186960156,634.6718139648438,23143600,634.6718139648438
2026-05-28,638.9078448274123,642.4046039468743,628.7272779804616,634.7017211914062,16772400,634.7017211914062
2026-05-29,632.9133899267435,633.9124639439917,622.7727642602187,631.92431640625,19806500,631.92431640625
2026-06-01,629.8162791560948,635.1613007084701,598.974869401479,599.9139404296875,29138800,599.9139404296875
2026-06-02,602.68138962268,608.3161816139932,596.1274666259658,597.0765991210938,18252000,597.0765991210938
2026-06-03,602.4416570391962,623.5720977596394,599.7142043737263,622.4031372070312,23020100,622.4031372070312
2026-06-04,623.0924785224576,641.8051764288737,621.8536364911718,626.9888916015625,21469200,626.9888916015625
2026-06-05,622.8827460758752,628.567480013855,582.3702434655938,592.450927734375,30091600,592.450927734375
2026-06-08,591.4518261333767,591.4518261333767,578.6836307521693,584.8479614257812,19512400,584.8479614257812
2026-06-09,590.4527436689563,597.0766092757164,580.4720040020986,584.0487060546875,16977400,584.0487060546875
2026-06-10,580.192266144374,590.7724873942649,570.0716409197756,570.4512939453125,17064000,570.4512939453125
2026-06-11,565.3060574843756,571.6401524850257,556.4942175026772,567.9036254882812,17628000,567.9036254882812
2026-06-12,572.4194595335534,575.5365655300229,560.3806300495169,566.4549560546875,14326400,566.4549560546875
2026-06-15,579.9000244140625,601.27001953125,579.2999877929688,593.47998046875,17653300,593.47998046875
2026-06-16,593.6500244140625,605.8099975585938,592.0,600.2100219726562,11344400,600.2100219726562
2026-06-17,592.0,593.8099975585938,566.1900024414062,567.5800170898438,20478300,567.5800170898438
2026-06-18,572.8200073242188,580.219970703125,563.0999755859375,577.219970703125,28824600,577.219970703125
2026-06-22,572.02001953125,575.8099975585938,559.8099975585938,563.8499755859375,15405500,563.8499755859375
2026-06-23,562.25,572.2000122070312,561.02001953125,562.2000122070312,13103300,562.2000122070312
2026-06-24,561.8900146484375,569.0399780273438,555.5499877929688,557.6699829101562,13963600,557.6699829101562
2026-06-25,555.5499877929688,556.3400268554688,540.1799926757812,542.8699951171875,16968600,542.8699951171875
2026-06-26,543.3400268554688,556.8499755859375,540.4000244140625,550.25,18867700,550.25
2026-06-29,560.0,570.9000244140625,558.0,562.5999755859375,15011400,562.5999755859375
2026-06-30,560.9400024414062,565.5399780273438,551.4299926757812,563.2899780273438,18111100,563.2899780273438
2026-07-01,607.9099731445312,628.280029296875,595.0999755859375,612.9099731445312,45536300,612.9099731445312
2026-07-02,607.9000244140625,610.0,580.4199829101562,582.9000244140625,21705900,582.9000244140625
2026-07-06,594.8400268554688,603.5800170898438,581.760009765625,600.2899780273438,17674100,600.2899780273438
2026-07-07,607.5900268554688,625.3699951171875,603.6599731445312,615.5800170898438,18560800,615.5800170898438
2026-07-08,614.3900146484375,616.0,598.010009765625,603.1199951171875,13606500,603.1199951171875
2026-07-09,583.989990234375,633.27001953125,577.0700073242188,631.47998046875,26579700,631.47998046875
2026-07-10,660.3400268554688,677.8599853515625,658.010009765625,669.2100219726562,40608900,669.2100219726562
2026-07-13,661.3800048828125,676.6199951171875,654.2000122070312,656.72998046875,19809100,656.72998046875
